graph6,polynomial
KpCGI?@?G?_@,"0,0,0,0,0,0,2,22,114,516,1836,5760,15926,40434,94636,208240,432964,859008,1633580,2995168,5311330,9143782,15318054,25032174,39974380,62488770,95750844,143998302,212766860,309173826,442200124,622988812,865129084,1184901974,1601493380,2137082118,2816887158,3668971954,4724023530,6014748158,7575303544,9440201420,11643378074,14216592176,17188220052,20581245982,24411974930,28687840052,33406341482,38552972080,44100776484,50008746416,56222355248,62672753884,69278545424,75945941684,82571893206,89045173054,95250686744,101071255180,106392698104,111105819718,115111710122,118323345776,120670417678,122100002240,122580320184,122100002240,120670417678,118323345776,115111710122,111105819718,106392698104,101071255180,95250686744,89045173054,82571893206,75945941684,69278545424,62672753884,56222355248,50008746416,44100776484,38552972080,33406341482,28687840052,24411974930,20581245982,17188220052,14216592176,11643378074,9440201420,7575303544,6014748158,4724023530,3668971954,2816887158,2137082118,1601493380,1184901974,865129084,622988812,442200124,309173826,212766860,143998302,95750844,62488770,39974380,25032174,15318054,9143782,5311330,2995168,1633580,859008,432964,208240,94636,40434,15926,5760,1836,516,114,22,2"
KpCGQ?@?G?_@,"0,0,0,0,0,1,5,34,167,663,2236,6688,17968,44569,102630,222896,458842,903043,1706130,3111486,5492624,9420201,15729181,25632295,40831230,63692136,97407426,146244938,215758269,313102055,447270800,629448968,873226505,1194924404,1613705061,2151778780,2834303229,3689358012,4747518284,6041487182,7605251365,9473302291,11679344751,14255111132,17228694520,20623068159,24454221009,28729620707,33446446249,38590305494,44133947505,50036592095,56243468868,62686092491,69282888730,75940573794,82555984285,89018521181,95213016722,101023004133,106334230528,111038241118,115036004814,118241206173,120583318943,122010038637,122489238068,122010038637,120583318943,118241206173,115036004814,111038241118,106334230528,101023004133,95213016722,89018521181,82555984285,75940573794,69282888730,62686092491,56243468868,50036592095,44133947505,38590305494,33446446249,28729620707,24454221009,20623068159,17228694520,14255111132,11679344751,9473302291,7605251365,6041487182,4747518284,3689358012,2834303229,2151778780,1613705061,1194924404,873226505,629448968,447270800,313102055,215758269,146244938,97407426,63692136,40831230,25632295,15729181,9420201,5492624,3111486,1706130,903043,458842,222896,102630,44569,17968,6688,2236,663,167,34,5,1"
KpCGQ?@?G?_A,"0,0,0,0,0,0,10,48,232,822,2692,7660,20182,48862,111048,237974,485708,948036,1780716,3229782,5677712,9700296,16146878,26238590,41698600,64905054,99079586,148505098,218771102,317047604,452368666,635928974,881355420,1204966286,1625949408,2166489638,2851748256,3709746542,4771031938,6068209538,7635201410,9506360286,11715291542,14293556030,17269124392,20664784104,24496399840,28771267286,33486468768,38627487178,44167034442,50064283848,56264513706,62699293478,69287197078,75935102986,82540090672,88991815734,95175422672,100974756376,106275901384,110970720774,114960492336,118159168220,120496450006,121920200736,122398398848,121920200736,120496450006,118159168220,114960492336,110970720774,106275901384,100974756376,95175422672,88991815734,82540090672,75935102986,69287197078,62699293478,56264513706,50064283848,44167034442,38627487178,33486468768,28771267286,24496399840,20664784104,17269124392,14293556030,11715291542,9506360286,7635201410,6068209538,4771031938,3709746542,2851748256,2166489638,1625949408,1204966286,881355420,635928974,452368666,317047604,218771102,148505098,99079586,64905054,41698600,26238590,16146878,9700296,5677712,3229782,1780716,948036,485708,237974,111048,48862,20182,7660,2692,822,232,48,10"
KpCGa?@?G?_@,"0,0,0,0,0,0,2,23,132,572,2020,6229,17077,42868,99675,217790,450561,889711,1685799,3080467,5447626,9354797,15638178,25505516,40661258,63464044,97111908,145861497,215276980,312497042,446533494,628549399,872161330,1193660862,1612250487,2150100601,2832424234,3687249222,4745224270,6038982997,7602608955,9470501917,11676486094,14252178909,17225817074,20620226951,24451571525,28727135270,33444297876,38588450792,44132571089,50035621475,56243094795,62686207788,69283677912,75941892735,82558008509,89021061908,95216240734,101026682993,106338515153,111042872157,115041122126,118246520447,120588965570,122015711701,122495065086,122015711701,120588965570,118246520447,115041122126,111042872157,106338515153,101026682993,95216240734,89021061908,82558008509,75941892735,69283677912,62686207788,56243094795,50035621475,44132571089,38588450792,33444297876,28727135270,24451571525,20620226951,17225817074,14252178909,11676486094,9470501917,7602608955,6038982997,4745224270,3687249222,2832424234,2150100601,1612250487,1193660862,872161330,628549399,446533494,312497042,215276980,145861497,97111908,63464044,40661258,25505516,15638178,9354797,5447626,3080467,1685799,889711,450561,217790,99675,42868,17077,6229,2020,572,132,23,2"
KpCGa?@?G?_A,"0,0,0,0,0,1,7,41,189,739,2444,7219,19199,47189,107901,232908,477027,934762,1759663,3198841,5631516,9635028,16054015,26112099,41525898,64677544,98780298,148122805,218284865,316444739,451625150,635033099,880282765,1203708652,1624486098,2164820351,2849859275,3707650372,4768726650,6065722315,7632546194,9503581644,11712418131,14290650455,17266229618,20661974280,24493729670,28768817519,33484295465,38625671780,44165628010,50063355388,56264103927,62699453005,69287944494,75936467569,82542067118,88994402989,95178593334,100978482240,106280127915,110975399071,114965547900,118164529884,120502032621,121925921228,122404161106,121925921228,120502032621,118164529884,114965547900,110975399071,106280127915,100978482240,95178593334,88994402989,82542067118,75936467569,69287944494,62699453005,56264103927,50063355388,44165628010,38625671780,33484295465,28768817519,24493729670,20661974280,17266229618,14290650455,11712418131,9503581644,7632546194,6065722315,4768726650,3707650372,2849859275,2164820351,1624486098,1203708652,880282765,635033099,451625150,316444739,218284865,148122805,98780298,64677544,41525898,26112099,16054015,9635028,5631516,3198841,1759663,934762,477027,232908,107901,47189,19199,7219,2444,739,189,41,7,1"
KpCGa?@?G?_C,"0,0,0,0,0,0,2,24,146,630,2206,6718,18262,45390,104848,227626,468544,921104,1739024,3167292,5585982,9568880,15962204,25984204,41354918,64447998,98483422,147737766,217802034,315837842,450886492,634131724,879216340,1202444000,1623030924,2163141586,2847981004,3705542130,4766434284,6063220524,7629906876,9500784692,11709564500,14287722962,17263357664,20659139326,24491086194,28766337936,33482153712,38623822520,44164256466,50062389918,56263733100,62699570758,69288735748,75937786830,82544090024,88996942836,95181813646,100982156948,106284407834,110980024130,114970657686,118169838054,120507670690,121931586332,122409980420,121931586332,120507670690,118169838054,114970657686,110980024130,106284407834,100982156948,95181813646,88996942836,82544090024,75937786830,69288735748,62699570758,56263733100,50062389918,44164256466,38623822520,33482153712,28766337936,24491086194,20659139326,17263357664,14287722962,11709564500,9500784692,7629906876,6063220524,4766434284,3705542130,2847981004,2163141586,1623030924,1202444000,879216340,634131724,450886492,315837842,217802034,147737766,98483422,64447998,41354918,25984204,15962204,9568880,5585982,3167292,1739024,921104,468544,227626,104848,45390,18262,6718,2206,630,146,24,2"
KpCHA?@?G?_@,"0,0,0,0,0,1,5,34,155,635,2136,6476,17472,43629,100798,219732,453298,894123,1691726,3089454,5459224,9371565,15659001,25534303,40695898,63510112,97165450,145930514,215354485,312593847,446638840,628677292,872295509,1193820164,1612411085,2150286960,2832604561,3687454188,4745412080,6039194174,7602789377,9470702811,11676642259,14252353248,17225931248,20620360155,24451629921,28727214743,33444292233,38588471230,44132496641,50035583755,56242955416,62686115707,69283482426,75941756670,82557766565,89020894309,95215965430,101026492805,106338219172,111042669486,115040812062,118246312889,120588649375,122015500745,122494748124,122015500745,120588649375,118246312889,115040812062,111042669486,106338219172,101026492805,95215965430,89020894309,82557766565,75941756670,69283482426,62686115707,56242955416,50035583755,44132496641,38588471230,33444292233,28727214743,24451629921,20620360155,17225931248,14252353248,11676642259,9470702811,7602789377,6039194174,4745412080,3687454188,2832604561,2150286960,1612411085,1193820164,872295509,628677292,446638840,312593847,215354485,145930514,97165450,63510112,40695898,25534303,15659001,9371565,5459224,3089454,1691726,894123,453298,219732,100798,43629,17472,6476,2136,635,155,34,5,1"
KpCHA?@?G?_A,"0,0,0,0,0,0,8,42,214,774,2572,7412,19634,47832,109130,234626,479976,938820,1765980,3207260,5643806,9650894,16075930,26139548,41562186,64721652,98836290,148188992,218365802,316537586,451735138,635155556,880423164,1203860684,1624654796,2164997272,2850049886,3707843314,4768927354,6065918520,7632742538,9503764362,11712593608,14290803102,17266366832,20662082022,24493815128,28768867644,33484321090,38625658928,44165589058,50063280414,56264004176,62699319774,69287792546,75936286744,82541872216,88994187372,95178368124,100978241134,106279884526,110975143224,114965292194,118164267622,120501771900,121925654714,122403900048,121925654714,120501771900,118164267622,114965292194,110975143224,106279884526,100978241134,95178368124,88994187372,82541872216,75936286744,69287792546,62699319774,56264004176,50063280414,44165589058,38625658928,33484321090,28768867644,24493815128,20662082022,17266366832,14290803102,11712593608,9503764362,7632742538,6065918520,4768927354,3707843314,2850049886,2164997272,1624654796,1203860684,880423164,635155556,451735138,316537586,218365802,148188992,98836290,64721652,41562186,26139548,16075930,9650894,5643806,3207260,1765980,938820,479976,234626,109130,47832,19634,7412,2572,774,214,42,8"
KpCHA?@?G?_C,"0,0,0,0,0,1,7,41,183,715,2362,7027,18743,46283,106157,229800,471619,925942,1745441,3176923,5598350,9586468,15984053,26014123,41390706,64495390,98538368,147808035,217880967,315936005,450992938,634260771,879351559,1202603822,1623192166,2163328315,2848161149,3705746996,4766621826,6063430701,7630086656,9500984734,11709719201,14287896287,17263470860,20659270824,24491143644,28766416495,33482146491,38623842262,44164181464,50062350882,56263593381,62699478461,69288539130,75937650715,82543848042,88996774275,95181538392,100981966904,106284110795,110979821589,114970347624,118169629466,120507354487,121931375504,122409662298,121931375504,120507354487,118169629466,114970347624,110979821589,106284110795,100981966904,95181538392,88996774275,82543848042,75937650715,69288539130,62699478461,56263593381,50062350882,44164181464,38623842262,33482146491,28766416495,24491143644,20659270824,17263470860,14287896287,11709719201,9500984734,7630086656,6063430701,4766621826,3705746996,2848161149,2163328315,1623192166,1202603822,879351559,634260771,450992938,315936005,217880967,147808035,98538368,64495390,41390706,26014123,15984053,9586468,5598350,3176923,1745441,925942,471619,229800,106157,46283,18743,7027,2362,715,183,41,7,1"
KpCHA?@?G?_G,"0,0,0,0,0,0,6,36,188,718,2412,7100,18966,46618,106868,230838,473508,928612,1749804,3182874,5607300,9598340,16000806,26035530,41419548,64531066,98584346,147863302,217949342,316015624,451088330,634368322,879475996,1202740298,1623344848,2163490298,2848337068,3705927070,4766810578,6063617398,7630274874,9501162198,11709891290,14288048454,17263609512,20659382780,24491235144,28766474866,33482181812,38623840718,44164155066,50062289156,56263507630,62699359318,69288401790,75937483814,82543667384,88996571786,95181326816,100981737932,106283879916,110979576762,114970103716,118169377304,120507104866,121931118708,122409412192,121931118708,120507104866,118169377304,114970103716,110979576762,106283879916,100981737932,95181326816,88996571786,82543667384,75937483814,69288401790,62699359318,56263507630,50062289156,44164155066,38623840718,33482181812,28766474866,24491235144,20659382780,17263609512,14288048454,11709891290,9501162198,7630274874,6063617398,4766810578,3705927070,2848337068,2163490298,1623344848,1202740298,879475996,634368322,451088330,316015624,217949342,147863302,98584346,64531066,41419548,26035530,16000806,9598340,5607300,3182874,1749804,928612,473508,230838,106868,46618,18966,7100,2412,718,188,36,6"
KpCKA?@?G?_@,"0,0,0,0,0,0,2,23,140,588,2080,6338,17318,43276,100430,218963,452529,892611,1690276,3086786,5456768,9367188,15655176,25527657,40690420,63500691,97158235,145917979,215345739,312578166,446629238,628658697,872286047,1193799342,1612403309,2150264815,2832600032,3687431693,4745412600,6039172202,7602796339,9470681890,11676656822,14252333573,17225953809,20620341314,24451660430,28727195913,33444330020,38588451421,44132540925,50035561803,56243004789,62686090722,69283535970,75941727968,82557822949,89020861700,95216024179,101026456495,106338279260,111042629941,115040873196,118246271121,120588710971,122015457804,122494809976,122015457804,120588710971,118246271121,115040873196,111042629941,106338279260,101026456495,95216024179,89020861700,82557822949,75941727968,69283535970,62686090722,56243004789,50035561803,44132540925,38588451421,33444330020,28727195913,24451660430,20620341314,17225953809,14252333573,11676656822,9470681890,7602796339,6039172202,4745412600,3687431693,2832600032,2150264815,1612403309,1193799342,872286047,628658697,446629238,312578166,215345739,145917979,97158235,63500691,40690420,25527657,15655176,9367188,5456768,3086786,1690276,892611,452529,218963,100430,43276,17318,6338,2080,588,140,23,2"
KpCKA?@?G?_A,"0,0,0,0,0,1,9,47,209,781,2540,7386,19534,47723,108832,234331,479317,938070,1764664,3205782,5641400,9648293,16072001,26135338,41556292,64715471,98827979,148180657,218355002,316527161,451722160,635143475,880408442,1203847874,1624639476,2164984825,2850035161,3707832605,4768914576,6065910848,7632732760,9503760569,11712587771,14290803885,17266365147,20662087357,24493817361,28768876962,33484326531,38625671421,44165596980,50063294946,56264013255,62699335409,69287802046,75936302418,82541881182,88994202497,95178376499,100978255560,106279891686,110975156641,114965298624,118164280308,120501777674,121925667115,122403905600,121925667115,120501777674,118164280308,114965298624,110975156641,106279891686,100978255560,95178376499,88994202497,82541881182,75936302418,69287802046,62699335409,56264013255,50063294946,44165596980,38625671421,33484326531,28768876962,24493817361,20662087357,17266365147,14290803885,11712587771,9503760569,7632732760,6065910848,4768914576,3707832605,2850035161,2164984825,1624639476,1203847874,880408442,635143475,451722160,316527161,218355002,148180657,98827979,64715471,41556292,26135338,16072001,9648293,5641400,3205782,1764664,938070,479317,234331,108832,47723,19534,7386,2540,781,209,47,9,1"
KpCKA?@?G?_C,"0,0,0,0,0,0,2,24,148,634,2230,6767,18377,45618,105275,228341,469798,923032,1742033,3171781,5592574,9578073,15975068,26001421,41377814,64477521,98521149,147784552,217859717,315907084,450968760,634227244,879326203,1202567424,1623168414,2163291212,2848141986,3705711603,4766610416,6063399193,7630085556,9500958511,11709730352,14287876094,17263494913,20659256151,24491180125,28766405865,33482194010,38623833749,44164238212,50062342156,56263656758,62699467584,69288607206,75937635963,82543918664,88996754850,95181610681,100981942810,106284183411,110979793126,114970420442,118169597922,120507427201,121931342375,122409734982,121931342375,120507427201,118169597922,114970420442,110979793126,106284183411,100981942810,95181610681,88996754850,82543918664,75937635963,69288607206,62699467584,56263656758,50062342156,44164238212,38623833749,33482194010,28766405865,24491180125,20659256151,17263494913,14287876094,11709730352,9500958511,7630085556,6063399193,4766610416,3705711603,2848141986,2163291212,1623168414,1202567424,879326203,634227244,450968760,315907084,217859717,147784552,98521149,64477521,41377814,26001421,15975068,9578073,5592574,3171781,1742033,923032,469798,228341,105275,45618,18377,6767,2230,634,148,24,2"
KpCKA?@?G?_G,"0,0,0,0,0,1,9,47,211,773,2522,7316,19336,47281,107918,232545,476093,932522,1755388,3190960,5618366,9613529,16020825,26061952,41453118,64573779,98636799,147927783,218026094,316107031,451193720,634489977,879612078,1202892696,1623510136,2163669867,2848525473,3706125417,4767011470,6063821770,7630473558,9501356479,11710070677,14288215371,17263752533,20659505991,24491326733,28766541564,33482211909,38623843603,44164119296,50062226912,56263407725,62699236637,69288244962,75937309694,82543464118,88996357903,95181089389,100981496086,106283619500,110979317067,114969829516,118169107990,120506823876,121930845213,122409129124,121930845213,120506823876,118169107990,114969829516,110979317067,106283619500,100981496086,95181089389,88996357903,82543464118,75937309694,69288244962,62699236637,56263407725,50062226912,44164119296,38623843603,33482211909,28766541564,24491326733,20659505991,17263752533,14288215371,11710070677,9501356479,7630473558,6063821770,4767011470,3706125417,2848525473,2163669867,1623510136,1202892696,879612078,634489977,451193720,316107031,218026094,147927783,98636799,64573779,41453118,26061952,16020825,9613529,5618366,3190960,1755388,932522,476093,232545,107918,47281,19336,7316,2522,773,211,47,9,1"
KpCKA?@?G?g?,"0,0,0,0,0,0,2,24,140,612,2152,6582,17964,44780,103664,225468,464820,914808,1728848,3151286,5561558,9532416,15909188,25908594,41249626,64303800,98289952,147482396,217470948,315415246,450356134,633475386,878417190,1201484706,1621896544,2161818676,2846461284,3703819912,4764511926,6061105658,7627615180,9498339278,11706998804,14285075700,17260678208,20656482618,24488512834,28763913690,33479947780,38621901810,44162688608,50061238226,56263052726,62699411020,69289135310,75938770744,82545671972,88999124574,95184577680,100985476560,106288240396,110984313836,114975338012,118174835526,120512897338,121936954748,122415396396,121936954748,120512897338,118174835526,114975338012,110984313836,106288240396,100985476560,95184577680,88999124574,82545671972,75938770744,69289135310,62699411020,56263052726,50061238226,44162688608,38621901810,33479947780,28763913690,24488512834,20656482618,17260678208,14285075700,11706998804,9498339278,7627615180,6061105658,4764511926,3703819912,2846461284,2161818676,1621896544,1201484706,878417190,633475386,450356134,315415246,217470948,147482396,98289952,64303800,41249626,25908594,15909188,9532416,5561558,3151286,1728848,914808,464820,225468,103664,44780,17964,6582,2152,612,140,24,2"
KpCI?C@?G?g?,"0,0,0,0,0,1,5,34,151,627,2108,6428,17372,43477,100518,219344,452678,893267,1690438,3087818,5456924,9368681,15655241,25529795,40690158,63503540,97157498,145921538,215344177,312582787,446626320,628664440,872281637,1193806164,1612396833,2150273404,2832590817,3687442196,4745400900,6039184614,7602781477,9470697359,11676638071,14252352176,17225932044,20620362819,24451634925,28727221795,33444299989,38588481254,44132507845,50035594827,56242968000,62686128499,69283494726,75941769318,82557779389,89020905309,95215977802,101026503957,106338229404,111042679526,115040822662,118246321089,120588659375,122015509673,122494756852,122015509673,120588659375,118246321089,115040822662,111042679526,106338229404,101026503957,95215977802,89020905309,82557779389,75941769318,69283494726,62686128499,56242968000,50035594827,44132507845,38588481254,33444299989,28727221795,24451634925,20620362819,17225932044,14252352176,11676638071,9470697359,7602781477,6039184614,4745400900,3687442196,2832590817,2150273404,1612396833,1193806164,872281637,628664440,446626320,312582787,215344177,145921538,97157498,63503540,40690158,25529795,15655241,9368681,5456924,3087818,1690438,893267,452678,219344,100518,43477,17372,6428,2108,627,151,34,5,1"
KpCI?C@?G@?C,"0,0,0,0,0,1,13,61,279,963,3056,8545,22103,52811,118689,252100,510655,990728,1851211,3343095,5854842,9970790,16550289,26828121,42542370,66091016,100715898,150725411,221733611,320939493,457401662,642343237,889408935,1214936396,1638116564,2181134715,2869128357,3730091990,4794512604,6094931609,7665171178,9539481906,11751328913,14332143515,17309727652,20706725614,24538832130,28813213013,33526804949,38665013018,44200460250,50092319628,56285872089,62712785959,69291736978,75929815523,82524297666,88965140335,95137762960,100926364820,106217329973,110902887335,114884583880,118076682142,120409078933,121829841866,122307018442,121829841866,120409078933,118076682142,114884583880,110902887335,106217329973,100926364820,95137762960,88965140335,82524297666,75929815523,69291736978,62712785959,56285872089,50092319628,44200460250,38665013018,33526804949,28813213013,24538832130,20706725614,17309727652,14332143515,11751328913,9539481906,7665171178,6094931609,4794512604,3730091990,2869128357,2181134715,1638116564,1214936396,889408935,642343237,457401662,320939493,221733611,150725411,100715898,66091016,42542370,26828121,16550289,9970790,5854842,3343095,1851211,990728,510655,252100,118689,52811,22103,8545,3056,963,279,61,13,1"
KpCI?C@?G@?G,"0,0,0,0,0,0,4,30,158,658,2260,6814,18414,45682,105242,228308,469474,922606,1740880,3170236,5589452,9574126,15968116,25992804,41364162,64461062,98496670,147756106,217819426,315861468,450907204,634159572,879237828,1202473546,1623049104,2163168296,2847990382,3705560394,4766427454,6063224456,7629877350,9500768144,11709507264,14287683100,17263269954,20659077402,24490970620,28766258418,33482018956,38623736664,44164113790,50062313378,56263599454,62699518832,69288629024,75937776268,82544023442,88996986584,95181797552,100982258006,106284445408,110980179820,114970739768,118170037356,120507784086,121931807704,122410105856,121931807704,120507784086,118170037356,114970739768,110980179820,106284445408,100982258006,95181797552,88996986584,82544023442,75937776268,69288629024,62699518832,56263599454,50062313378,44164113790,38623736664,33482018956,28766258418,24490970620,20659077402,17263269954,14287683100,11709507264,9500768144,7629877350,6063224456,4766427454,3705560394,2847990382,2163168296,1623049104,1202473546,879237828,634159572,450907204,315861468,217819426,147756106,98496670,64461062,41364162,25992804,15968116,9574126,5589452,3170236,1740880,922606,469474,228308,105242,45682,18414,6814,2260,658,158,30,4"
KpCI?C@?G@?O,"0,0,0,0,0,1,11,53,237,831,2680,7630,20004,48499,110176,236343,482553,942740,1771568,3215352,5654852,9666107,16095947,26165984,41595724,64764381,98888733,148253501,218442496,316629005,451840508,635277237,880559178,1204013102,1624820044,2165176861,2850238233,3708041691,4769128224,6066122920,7632941158,9503958691,11712773019,14290970057,17266509799,20662205279,24493906787,28768934388,33484351151,38625661825,44165553378,50063218192,56263904267,62699197073,69287635794,75936112598,82541668956,88993973433,95178130791,100977999206,106279624092,110974883467,114965018108,118163998184,120501490892,121925381125,122403617100,121925381125,120501490892,118163998184,114965018108,110974883467,106279624092,100977999206,95178130791,88993973433,82541668956,75936112598,69287635794,62699197073,56263904267,50063218192,44165553378,38625661825,33484351151,28768934388,24493906787,20662205279,17266509799,14290970057,11712773019,9503958691,7632941158,6066122920,4769128224,3708041691,2850238233,2165176861,1624820044,1204013102,880559178,635277237,451840508,316629005,218442496,148253501,98888733,64764381,41595724,26165984,16095947,9666107,5654852,3215352,1771568,942740,482553,236343,110176,48499,20004,7630,2680,831,237,53,11,1"
KpCI?C@?G@G?,"0,0,0,0,0,0,6,36,190,732,2468,7242,19322,47368,108336,233548,478304,936566,1762734,3203150,5638186,9643992,16067010,26128984,41549032,64706632,98818334,148169068,218342990,316513286,451708042,635127772,880393398,1203831108,1624624568,2164968758,2850021508,3707818424,4768904244,6065899424,7632726576,9503753608,11712586008,14290801512,17266369120,20662088854,24493826104,28768882896,33484338578,38625680248,44165612726,50063304712,56264030764,62699346674,69287819378,75936313342,82541899278,88994211556,95178394036,100978264502,106279907286,110975164346,114965314478,118164286046,120501793018,121925673454,122403919608,121925673454,120501793018,118164286046,114965314478,110975164346,106279907286,100978264502,95178394036,88994211556,82541899278,75936313342,69287819378,62699346674,56264030764,50063304712,44165612726,38625680248,33484338578,28768882896,24493826104,20662088854,17266369120,14290801512,11712586008,9503753608,7632726576,6065899424,4768904244,3707818424,2850021508,2164968758,1624624568,1203831108,880393398,635127772,451708042,316513286,218342990,148169068,98818334,64706632,41549032,26128984,16067010,9643992,5638186,3203150,1762734,936566,478304,233548,108336,47368,19322,7242,2468,732,190,36,6"
KpCI?C@?GA?@,"0,0,0,0,0,0,2,23,120,544,1920,6017,16581,41928,97843,214626,445017,880791,1671395,3058435,5414226,9306161,15567998,25407524,40525926,63282020,96869932,145547073,214873196,311988834,445901534,627777723,871230334,1192556622,1610956511,2148608781,2830725566,3685345398,4743118066,6036689989,7600146967,9467902437,11673783602,14249421025,17223053802,20617518947,24448980437,28724729306,33442143860,38586616528,44131120225,50034613135,56242581343,62686231004,69284271608,75943075611,82559790789,89023435036,95219189442,101030171665,106342503797,111047300525,115045929374,118251627163,120594296002,122021173809,122500575142,122021173809,120594296002,118251627163,115045929374,111047300525,106342503797,101030171665,95219189442,89023435036,82559790789,75943075611,69284271608,62686231004,56242581343,50034613135,44131120225,38586616528,33442143860,28724729306,24448980437,20617518947,17223053802,14249421025,11673783602,9467902437,7600146967,6036689989,4743118066,3685345398,2830725566,2148608781,1610956511,1192556622,871230334,627777723,445901534,311988834,214873196,145547073,96869932,63282020,40525926,25407524,15567998,9306161,5414226,3058435,1671395,880791,445017,214626,97843,41928,16581,6017,1920,544,120,23,2"
KpCI?C@?GA?G,"0,0,0,0,0,1,7,43,205,799,2624,7699,20335,49631,112883,242434,494421,965298,1811375,3283549,5766582,9844620,16371527,26582335,42207932,65647024,100132982,149976419,220781935,319753357,455940200,640573835,887291343,1212443656,1635216260,2177813373,2865370483,3725905842,4789908120,6089946527,7659847118,9533889764,11745544635,14326270585,17303873214,20701018912,24533402910,28808204145,33522355137,38661262504,44197539598,50090349158,56284957837,62713011313,69293168924,75932488805,82528230436,88970311185,95144137840,100933866450,106225873997,110912346381,114894831312,118087551278,120420413013,121841448834,122318725450,121841448834,120420413013,118087551278,114894831312,110912346381,106225873997,100933866450,95144137840,88970311185,82528230436,75932488805,69293168924,62713011313,56284957837,50090349158,44197539598,38661262504,33522355137,28808204145,24533402910,20701018912,17303873214,14326270585,11745544635,9533889764,7659847118,6089946527,4789908120,3725905842,2865370483,2177813373,1635216260,1212443656,887291343,640573835,455940200,319753357,220781935,149976419,100132982,65647024,42207932,26582335,16371527,9844620,5766582,3283549,1811375,965298,494421,242434,112883,49631,20335,7699,2624,799,205,43,7,1"
KpCI?C@?GA?O,"0,0,0,0,0,0,2,24,140,604,2132,6537,17841,44558,103247,224735,463582,912898,1725805,3146819,5554994,9523169,15896362,25891411,41226646,64274321,98252275,147435492,217413315,315346064,450273700,633379942,878307407,1201361060,1621759142,2161669160,2846300032,3703650577,4764335930,6060926661,7627436676,9498165655,11706832576,14284922788,17260541187,20656365373,24488419171,28763846047,33479906982,38621890873,44162707174,50061285442,56263129394,62699514508,69289263226,75938921945,82545843670,88999311882,95184780975,100985691024,106288464097,110984545184,114975575604,118175074878,120513141167,121937199049,122415641070,121937199049,120513141167,118175074878,114975575604,110984545184,106288464097,100985691024,95184780975,88999311882,82545843670,75938921945,69289263226,62699514508,56263129394,50061285442,44162707174,38621890873,33479906982,28763846047,24488419171,20656365373,17260541187,14284922788,11706832576,9498165655,7627436676,6060926661,4764335930,3703650577,2846300032,2161669160,1621759142,1201361060,878307407,633379942,450273700,315346064,217413315,147435492,98252275,64274321,41226646,25891411,15896362,9523169,5554994,3146819,1725805,912898,463582,224735,103247,44558,17841,6537,2132,604,140,24,2"
KpCI?C@?GAG?,"0,0,0,0,0,1,7,41,185,727,2394,7097,18909,46589,106697,230752,473167,928340,1749133,3182361,5606154,9597434,15999041,26034171,41417068,64529236,98581116,147861073,217945599,316013489,451084356,634366673,879472449,1202739696,1623342418,2163491727,2848336113,3705931054,4766812228,6063624005,7630278916,9501171906,11709897225,14288060649,17263617572,20659395998,24491243778,28766488887,33482189099,38623853694,44164161218,50062298972,56263510655,62699366711,69288400336,75937487159,82543662540,88996570073,95181318266,100981733592,106283866683,110979569193,114970089044,118169366546,120507088483,121931107910,122409394122,121931107910,120507088483,118169366546,114970089044,110979569193,106283866683,100981733592,95181318266,88996570073,82543662540,75937487159,69288400336,62699366711,56263510655,50062298972,44164161218,38623853694,33482189099,28766488887,24491243778,20659395998,17263617572,14288060649,11709897225,9501171906,7630278916,6063624005,4766812228,3705931054,2848336113,2163491727,1623342418,1202739696,879472449,634366673,451084356,316013489,217945599,147861073,98581116,64529236,41417068,26034171,15999041,9597434,5606154,3182361,1749133,928340,473167,230752,106697,46589,18909,7097,2394,727,185,41,7,1"
KpCI?C@?GC?@,"0,0,0,0,0,0,2,23,128,560,1980,6126,16822,42336,98598,215799,446985,883691,1675872,3064754,5423368,9318552,15584996,25429665,40555088,63318667,96916259,145603555,214941955,312069958,445997278,627887021,871355051,1192695102,1611109333,2148772995,2830901364,3685527869,4743306396,6036879194,7600334351,9468082410,11673954330,14249575689,17223190537,20617633310,24449069342,28724789949,33442176004,38586617157,44131090061,50034553463,56242491337,62686113938,69284129666,75942910844,82559605229,89023234828,95218972887,101029945167,106342267904,111047058309,115045680444,118251377837,120594041403,122020919912,122500320032,122020919912,120594041403,118251377837,115045680444,111047058309,106342267904,101029945167,95218972887,89023234828,82559605229,75942910844,69284129666,62686113938,56242491337,50034553463,44131090061,38586617157,33442176004,28724789949,24449069342,20617633310,17223190537,14249575689,11673954330,9468082410,7600334351,6036879194,4743306396,3685527869,2830901364,2148772995,1611109333,1192695102,871355051,627887021,445997278,312069958,214941955,145603555,96916259,63318667,40555088,25429665,15584996,9318552,5423368,3064754,1675872,883691,446985,215799,98598,42336,16822,6126,1980,560,128,23,2"
KpCI?C@?GC?O,"0,0,0,0,0,1,11,55,253,891,2860,8110,21140,50941,115158,245869,499947,973276,1823280,3300060,5789918,9875699,16413459,26636220,42277758,65733861,100241417,150107115,220939566,319937623,456155558,640817973,887567756,1212748106,1635550206,2178169883,2865749441,3726297161,4790309694,6090347132,7660242082,9534266811,11745899523,14326590187,17304153395,20701249911,24533580027,28808321014,33522410823,38661252549,44197464966,50090211962,56284758177,62712755381,69292860224,75932133834,82527832274,88969881629,95143675297,100933383416,106225370174,110911830777,114894301520,118087019578,120419871284,121840908731,122318181444,121840908731,120419871284,118087019578,114894301520,110911830777,106225370174,100933383416,95143675297,88969881629,82527832274,75932133834,69292860224,62712755381,56284758177,50090211962,44197464966,38661252549,33522410823,28808321014,24533580027,20701249911,17304153395,14326590187,11745899523,9534266811,7660242082,6090347132,4790309694,3726297161,2865749441,2178169883,1635550206,1212748106,887567756,640817973,456155558,319937623,220939566,150107115,100241417,65733861,42277758,26636220,16413459,9875699,5789918,3300060,1823280,973276,499947,245869,115158,50941,21140,8110,2860,891,253,55,11,1"
KpCI?C@?GCG?,"0,0,0,0,0,0,4,30,156,644,2212,6698,18118,45090,104050,226144,465628,916214,1730326,3153796,5564120,9536510,15913182,25914942,41255258,64312830,98297526,147494290,217480186,315430292,450366194,633493210,878427502,1201504338,1621905388,2161839712,2846466794,3703841124,4764513004,6061125742,7627610096,9498358540,11706985890,14285093520,17260658128,20656498788,24488485096,28763930254,33479912308,38621919150,44162647606,50061256718,56263006858,62699433162,69289084566,75938796420,82545619446,88999153058,95184522928,100985509596,106288183380,110984350004,114975281048,118174872808,120512839968,121936994216,122415337720,121936994216,120512839968,118174872808,114975281048,110984350004,106288183380,100985509596,95184522928,88999153058,82545619446,75938796420,69289084566,62699433162,56263006858,50061256718,44162647606,38621919150,33479912308,28763930254,24488485096,20656498788,17260658128,14285093520,11706985890,9498358540,7627610096,6061125742,4764513004,3703841124,2846466794,2161839712,1621905388,1201504338,878427502,633493210,450366194,315430292,217480186,147494290,98297526,64312830,41255258,25914942,15913182,9536510,5564120,3153796,1730326,916214,465628,226144,104050,45090,18118,6698,2212,644,156,30,4"
KpCI?C@?I??@,"0,0,0,0,0,0,2,23,124,552,1952,6078,16722,42184,98318,215411,446365,882835,1674584,3063118,5421068,9315668,15581236,25425157,40549348,63312095,96908307,145594579,214931647,312058898,445984758,627874169,871341179,1192681102,1611095081,2148759439,2830887620,3685515877,4743295216,6036869634,7600326451,9468076958,11673950142,14249574617,17223191333,20617635974,24449074346,28724797001,33442183760,38586627181,44131101265,50034564535,56242503921,62686126730,69284141966,75942923492,82559618053,89023245828,95218985259,101029956319,106342278136,111047068349,115045691044,118251386037,120594051403,122020928840,122500328760,122020928840,120594051403,118251386037,115045691044,111047068349,106342278136,101029956319,95218985259,89023245828,82559618053,75942923492,69284141966,62686126730,56242503921,50034564535,44131101265,38586627181,33442183760,28724797001,24449074346,20617635974,17223191333,14249574617,11673950142,9468076958,7600326451,6036869634,4743295216,3685515877,2830887620,2148759439,1611095081,1192681102,871341179,627874169,445984758,312058898,214931647,145594579,96908307,63312095,40549348,25425157,15581236,9315668,5421068,3063118,1674584,882835,446365,215411,98318,42184,16722,6078,1952,552,124,23,2"
KpCI?C@?I?G?,"0,0,0,0,0,1,9,49,229,849,2756,7940,20828,50477,114364,244791,498275,971022,1820034,3295950,5784298,9868797,16404539,26625656,42264604,65718841,100223461,150087191,220916754,319913323,456128462,640790189,887537990,1212718530,1635519978,2178141369,2865721063,3726272271,4790286584,6090328036,7660226120,9534256057,11745891923,14326588597,17304155683,20701256743,24533591003,28808336266,33522428311,38661273869,44197488634,50090236260,56284784765,62712782281,69292887056,75932160432,82527859336,88969905813,95143701209,100933406784,106225392934,110911851899,114894323804,118087038002,120419892402,121840927471,122318201004,121840927471,120419892402,118087038002,114894323804,110911851899,106225392934,100933406784,95143701209,88969905813,82527859336,75932160432,69292887056,62712782281,56284784765,50090236260,44197488634,38661273869,33522428311,28808336266,24533591003,20701256743,17304155683,14326588597,11745891923,9534256057,7660226120,6090328036,4790286584,3726272271,2865721063,2178141369,1635519978,1212718530,887537990,640790189,456128462,319913323,220916754,150087191,100223461,65718841,42264604,26625656,16404539,9868797,5784298,3295950,1820034,971022,498275,244791,114364,50477,20828,7940,2756,849,229,49,9,1"
KpCO_`??G?_@,"0,0,0,0,1,4,29,118,459,1472,4346,11503,28492,65615,143261,296895,589442,1124199,2071008,3693975,6401994,10802467,17788104,28630499,45118248,69701313,105690719,157461464,230711258,332712994,472613878,661702090,913696716,1244969155,1674742985,2225176101,2921366858,3791189384,4864991925,6175080998,7755024023,9638717446,11859263876,14447642903,17431222584,20832151510,24665686051,28938534093,33647280673,38777008525,44300173332,50175855996,56349436514,62752787036,69304992387,75913661611,82476775866,88885079505,95024917856,100781439947,106042041599,110699912432,114657533449,117829969554,120147813219,121559627036,122033789348,121559627036,120147813219,117829969554,114657533449,110699912432,106042041599,100781439947,95024917856,88885079505,82476775866,75913661611,69304992387,62752787036,56349436514,50175855996,44300173332,38777008525,33647280673,28938534093,24665686051,20832151510,17431222584,14447642903,11859263876,9638717446,7755024023,6175080998,4864991925,3791189384,2921366858,2225176101,1674742985,1244969155,913696716,661702090,472613878,332712994,230711258,157461464,105690719,69701313,45118248,28630499,17788104,10802467,6401994,3693975,2071008,1124199,589442,296895,143261,65615,28492,11503,4346,1472,459,118,29,4,1"
KpCO`@??G?_@,"0,0,0,0,0,1,8,55,245,911,2942,8423,21938,52887,119257,254087,515331,1000896,1870733,3378953,5916881,10074412,16716605,27087668,42935486,66672425,101555156,151911825,223376320,323171863,460379843,646248527,894443930,1221323959,1646092009,2190940034,2880999987,3744249774,4811143477,6114173973,7687096359,9564076675,11778478428,14361615886,17341162757,20739627063,24572566707,28847014532,33559788409,38696192808,44228779939,50116684665,56305192414,62726018271,69297934240,75928171141,82514192003,88946177475,95109804258,100889548136,106172081932,110849918697,114824875970,118011456618,120339759600,121758003116,122234329492,121758003116,120339759600,118011456618,114824875970,110849918697,106172081932,100889548136,95109804258,88946177475,82514192003,75928171141,69297934240,62726018271,56305192414,50116684665,44228779939,38696192808,33559788409,28847014532,24572566707,20739627063,17341162757,14361615886,11778478428,9564076675,7687096359,6114173973,4811143477,3744249774,2880999987,2190940034,1646092009,1221323959,894443930,646248527,460379843,323171863,223376320,151911825,101555156,66672425,42935486,27087668,16716605,10074412,5916881,3378953,1870733,1000896,515331,254087,119257,52887,21938,8423,2942,911,245,55,8,1"
KpCOc@??G?_@,"0,0,0,0,1,4,27,98,387,1218,3664,9793,24690,57683,127745,267997,538074,1035977,1924716,3458457,6032952,10238379,16945804,27399383,43354998,67223715,102271841,152824548,224525866,324592864,462117156,648335996,896924656,1224224205,1649444879,2194755245,2885291898,3749002330,4816343403,6119772424,7693046183,9570292416,11784878082,14368078563,17347575488,20745841492,24578448751,28852401885,33564541329,38700151659,44231817096,50118661924,56306011502,62725579536,69296183677,75925059895,82509720362,88940354525,95102687454,100881204389,106162622943,110839463186,114813581535,117999482592,120327296221,121745235462,122221464892,121745235462,120327296221,117999482592,114813581535,110839463186,106162622943,100881204389,95102687454,88940354525,82509720362,75925059895,69296183677,62725579536,56306011502,50118661924,44231817096,38700151659,33564541329,28852401885,24578448751,20745841492,17347575488,14368078563,11784878082,9570292416,7693046183,6119772424,4816343403,3749002330,2885291898,2194755245,1649444879,1224224205,896924656,648335996,462117156,324592864,224525866,152824548,102271841,67223715,43354998,27399383,16945804,10238379,6032952,3458457,1924716,1035977,538074,267997,127745,57683,24690,9793,3664,1218,387,98,27,4,1"
KpCOa?@?G?_A,"0,0,0,0,1,4,23,94,361,1184,3586,9701,24548,57613,127745,268375,539050,1038273,1929060,3466393,6046196,10259897,16979026,27449361,43427568,67326873,102414539,153018122,224782676,324927468,462544782,648873580,897588618,1225031319,1650410215,2195892389,2886610672,3750508914,4818038151,6121649816,7695093643,9572489780,11787197014,14370483011,17350021914,20748279352,24580822039,28854649627,33566600221,38701957607,44233307820,50119778056,56306699992,62725794166,69295888323,75924228889,82508340542,88938424639,95100220726,100878226391,106159172729,110835590936,114809348445,117994958256,120322558819,121740367754,122216553564,121740367754,120322558819,117994958256,114809348445,110835590936,106159172729,100878226391,95100220726,88938424639,82508340542,75924228889,69295888323,62725794166,56306699992,50119778056,44233307820,38701957607,33566600221,28854649627,24580822039,20748279352,17350021914,14370483011,11787197014,9572489780,7695093643,6121649816,4818038151,3750508914,2886610672,2195892389,1650410215,1225031319,897588618,648873580,462544782,324927468,224782676,153018122,102414539,67326873,43427568,27449361,16979026,10259897,6046196,3466393,1929060,1038273,539050,268375,127745,57613,24548,9701,3586,1184,361,94,23,4,1"
KpCOa?@?G?_C,"0,0,0,0,0,1,12,67,295,1049,3280,9150,23443,55697,124354,262868,529899,1024248,1907260,3434258,5998799,10192903,16884393,27320429,43252586,67096248,102112383,152632301,224293247,324320699,461798329,647974061,896513567,1223771297,1648945963,2194222216,2884723211,3748414303,4815736767,6119167552,7692445383,9569718770,11784333988,14367587790,17347139096,20745482324,24578164866,28852212535,33564440301,38700153991,44231911963,50118859789,56306297358,62725959211,69296639332,75925594486,82510314515,88941009185,95103383865,100881943800,106163388343,110840256883,114814388354,118000305984,120328123549,121746071661,122222298418,121746071661,120328123549,118000305984,114814388354,110840256883,106163388343,100881943800,95103383865,88941009185,82510314515,75925594486,69296639332,62725959211,56306297358,50118859789,44231911963,38700153991,33564440301,28852212535,24578164866,20745482324,17347139096,14367587790,11784333988,9569718770,7692445383,6119167552,4815736767,3748414303,2884723211,2194222216,1648945963,1223771297,896513567,647974061,461798329,324320699,224293247,152632301,102112383,67096248,43252586,27320429,16884393,10192903,5998799,3434258,1907260,1024248,529899,262868,124354,55697,23443,9150,3280,1049,295,67,12,1"
KpCOa?@?G?_G,"0,0,0,0,1,4,25,92,365,1156,3520,9509,24116,56677,126047,265187,533646,1029297,1914758,3444125,6012804,10210671,16908548,27350327,43291458,67143149,102171305,152701250,224377114,324416300,461910758,648098794,896655976,1223924543,1649115795,2194399675,2884913632,3748606798,4815936687,6119361940,7692640133,9569899434,11784506762,14367738035,17347273988,20745586958,24578248065,28852260437,33564463157,38700139335,44231871486,50118782644,56306196528,62725825154,69296485675,75925413169,82510119126,88940792267,95103158332,100881702589,106163143507,110840000916,114814132243,118000042400,120327862395,121745805008,122222035748,121745805008,120327862395,118000042400,114814132243,110840000916,106163143507,100881702589,95103158332,88940792267,82510119126,75925413169,69296485675,62725825154,56306196528,50118782644,44231871486,38700139335,33564463157,28852260437,24578248065,20745586958,17347273988,14367738035,11784506762,9569899434,7692640133,6119361940,4815936687,3748606798,2884913632,2194399675,1649115795,1223924543,896655976,648098794,461910758,324416300,224377114,152701250,102171305,67143149,43291458,27350327,16908548,10210671,6012804,3444125,1914758,1029297,533646,265187,126047,56677,24116,9509,3520,1156,365,92,25,4,1"
KpCOa?@?G?g?,"0,0,0,0,0,1,10,65,281,1035,3245,9111,23393,55686,124361,263038,530271,1025013,1908594,3436623,6002461,10198554,16892602,27332155,43268648,67117918,102140672,152668667,224338862,324377023,461866209,648054641,896607333,1223878715,1649066823,2194355966,2884868453,3748569513,4815899473,6119335004,7692614278,9569885471,11784494702,14367738694,17347276329,20745601915,24578263660,28852287747,33564489749,38700176186,44231906162,50118825486,56306235512,62725870839,69296526170,75925458561,82510158472,88940835528,95103195586,100881743053,106163177509,110840038049,114814163736,118000077046,120327892041,121745838453,122222064626,121745838453,120327892041,118000077046,114814163736,110840038049,106163177509,100881743053,95103195586,88940835528,82510158472,75925458561,69296526170,62725870839,56306235512,50118825486,44231906162,38700176186,33564489749,28852287747,24578263660,20745601915,17347276329,14367738694,11784494702,9569885471,7692614278,6119335004,4815899473,3748569513,2884868453,2194355966,1649066823,1223878715,896607333,648054641,461866209,324377023,224338862,152668667,102140672,67117918,43268648,27332155,16892602,10198554,6002461,3436623,1908594,1025013,530271,263038,124361,55686,23393,9111,3245,1035,281,65,10,1"
KpCOa?@?G@?C,"0,0,0,0,0,6,26,140,484,1592,4552,11980,29258,67124,145546,300778,595200,1133106,2083680,3712356,6426954,10836754,17832978,28689132,45192098,69793670,105802534,157595490,230866998,332891358,472812070,661918104,913924210,1245202106,1674970818,2225388374,2921549272,3791327718,4865069454,6175081904,7754932022,9638518780,11858946750,14447198882,17430648844,20831450286,24664866516,28937611322,33646277594,38775953178,44299101540,50174805830,56348451044,62751908704,69304264894,75913123032,82476461608,88885014674,95025120796,100781916126,106042787648,110700910656,114658757426,117831379866,120149364316,121561264812,122035457392,121561264812,120149364316,117831379866,114658757426,110700910656,106042787648,100781916126,95025120796,88885014674,82476461608,75913123032,69304264894,62751908704,56348451044,50174805830,44299101540,38775953178,33646277594,28937611322,24664866516,20831450286,17430648844,14447198882,11858946750,9638518780,7754932022,6175081904,4865069454,3791327718,2921549272,2225388374,1674970818,1245202106,913924210,661918104,472812070,332891358,230866998,157595490,105802534,69793670,45192098,28689132,17832978,10836754,6426954,3712356,2083680,1133106,595200,300778,145546,67124,29258,11980,4552,1592,484,140,26,6"
KpCP?D??G?_@,"0,0,0,0,0,1,5,35,163,667,2248,6784,18236,45319,104370,226677,466319,917310,1731732,3155806,5566592,9539937,15917185,25920198,41261286,64320389,98305817,147504509,217490820,315442869,450379046,633507835,878441586,1201520362,1621919740,2161855519,2846480359,3703855543,4764523740,6061137838,7627617098,9498366549,11706988741,14285097127,17260655361,20656498577,24488477567,28763925520,33479901339,38621911311,44162632726,50061247722,56262990015,62699422427,69289067740,75938785880,82545601726,88999144283,95184505671,100985500836,106288168116,110984342513,114975265540,118174867320,120512824972,121936988093,122415324108,121936988093,120512824972,118174867320,114975265540,110984342513,106288168116,100985500836,95184505671,88999144283,82545601726,75938785880,69289067740,62699422427,56262990015,50061247722,44162632726,38621911311,33479901339,28763925520,24488477567,20656498577,17260655361,14285097127,11706988741,9498366549,7627617098,6061137838,4764523740,3703855543,2846480359,2161855519,1621919740,1201520362,878441586,633507835,450379046,315442869,217490820,147504509,98305817,64320389,41261286,25920198,15917185,9539937,5566592,3155806,1731732,917310,466319,226677,104370,45319,18236,6784,2248,667,163,35,5,1"
KpCP@@??G?_@,"0,0,0,0,0,0,5,44,214,830,2758,8018,21153,51380,116598,249487,507778,988740,1851950,3350348,5874817,10013510,16630706,26968373,42773750,66455943,101271528,151545126,222910881,322588592,459661897,645375000,893398993,1220088853,1644655015,2189287979,2879131094,3742159796,4808844281,6111676114,7684427515,9561263175,11775567561,14358648531,17338203093,20736730185,24569807657,28844455431,33557511900,38694257692,44227265719,50115642655,56304687941,62726084098,69298618770,75929479840,82516148327,88948761070,95113008476,100893323902,106176399425,110854699446,114830067838,118016964090,120345511065,121763889592,122240274242,121763889592,120345511065,118016964090,114830067838,110854699446,106176399425,100893323902,95113008476,88948761070,82516148327,75929479840,69298618770,62726084098,56304687941,50115642655,44227265719,38694257692,33557511900,28844455431,24569807657,20736730185,17338203093,14358648531,11775567561,9561263175,7684427515,6111676114,4808844281,3742159796,2879131094,2189287979,1644655015,1220088853,893398993,645375000,459661897,322588592,222910881,151545126,101271528,66455943,42773750,26968373,16630706,10013510,5874817,3350348,1851950,988740,507778,249487,116598,51380,21153,8018,2758,830,214,44,5"
KpCPC@??G?_@,"0,0,0,0,0,1,6,39,187,741,2470,7328,19539,48029,109870,237002,485181,949908,1786824,3245282,5708841,9759109,16248443,26408073,41967144,65319366,99696479,149403125,220043353,318814589,454767829,639128617,885539141,1210345873,1632744453,2174936824,2862074569,3722176665,4785754107,6085379088,7654905585,9528617332,11740016368,14320563952,17298098548,20695284644,24527848352,28802959829,33517577055,38657088023,44194124235,50087818807,56283448404,62712618599,69293990808,75934574160,82531624645,88975004941,95150115377,100941055360,106234196825,110921671355,114905026802,118098437162,120431816751,121853158373,122330546558,121853158373,120431816751,118098437162,114905026802,110921671355,106234196825,100941055360,95150115377,88975004941,82531624645,75934574160,69293990808,62712618599,56283448404,50087818807,44194124235,38657088023,33517577055,28802959829,24527848352,20695284644,17298098548,14320563952,11740016368,9528617332,7654905585,6085379088,4785754107,3722176665,2862074569,2174936824,1632744453,1210345873,885539141,639128617,454767829,318814589,220043353,149403125,99696479,65319366,41967144,26408073,16248443,9759109,5708841,3245282,1786824,949908,485181,237002,109870,48029,19539,7328,2470,741,187,39,6,1"
KpCPA?@?G?_A,"0,0,0,0,0,1,6,47,215,825,2702,7828,20623,50101,113746,243706,496645,968388,1816292,3290202,5776409,9857417,16389439,26604729,42237812,65683038,100178759,150029669,220846513,319825237,456023605,640662121,887388449,1212540377,1635315517,2177902904,2865453273,3725966121,4789948783,6089950948,7659818209,9533810780,11745422112,14326088176,17303641632,20700727456,24533065780,28807816329,33521938363,38660815663,44197089619,50089902219,56284540940,62712633547,69292859276,75932253068,82528093017,88970276453,95144218777,100934060252,106226186525,110912762447,114895346002,118088144302,120421067143,121842137845,122319430574,121842137845,120421067143,118088144302,114895346002,110912762447,106226186525,100934060252,95144218777,88970276453,82528093017,75932253068,69292859276,62712633547,56284540940,50089902219,44197089619,38660815663,33521938363,28807816329,24533065780,20700727456,17303641632,14326088176,11745422112,9533810780,7659818209,6089950948,4789948783,3725966121,2865453273,2177902904,1635315517,1212540377,887388449,640662121,456023605,319825237,220846513,150029669,100178759,65683038,42237812,26604729,16389439,9857417,5776409,3290202,1816292,968388,496645,243706,113746,50101,20623,7828,2702,825,215,47,6,1"
KpCPA?@?G?_C,"0,0,0,0,0,0,4,35,183,732,2488,7380,19704,48417,110730,238618,488177,955094,1795538,3259200,5730618,9791974,16297042,26477918,42065601,65454960,99879998,149646469,220360806,319221151,455280679,639764753,886316647,1211281150,1633853559,2176232201,2863566392,3723868973,4787646677,6087463437,7657167459,9531032720,11742554471,14323183987,17300753747,20697919490,24530403177,28805368452,33519772754,38659001631,44195690314,50088973956,56284137059,62712791507,69293610867,75933614019,82530071627,88972857977,95147389619,100937778301,106230411419,110917431179,114900398424,118093495213,120426645753,121847846946,122325188586,121847846946,120426645753,118093495213,114900398424,110917431179,106230411419,100937778301,95147389619,88972857977,82530071627,75933614019,69293610867,62712791507,56284137059,50088973956,44195690314,38659001631,33519772754,28805368452,24530403177,20697919490,17300753747,14323183987,11742554471,9531032720,7657167459,6087463437,4787646677,3723868973,2863566392,2176232201,1633853559,1211281150,886316647,639764753,455280679,319221151,220360806,149646469,99879998,65454960,42065601,26477918,16297042,9791974,5730618,3259200,1795538,955094,488177,238618,110730,48417,19704,7380,2488,732,183,35,4"
KpCPA?@?G?_G,"0,0,0,0,0,1,6,43,199,777,2570,7544,20011,48937,111598,240002,490349,958316,1800352,3265978,5740201,9805001,16314611,26500797,42095404,65492402,99926959,149703721,220430041,319302837,455376645,639874321,886441165,1211419481,1634005693,2176395776,2863741049,3724050357,4787833407,6087651220,7657352977,9531211152,11742723300,14323337168,17300888724,20698032656,24530490728,28805428369,33519803987,38659002071,44195659803,50088914667,56284047172,62712675227,69293469352,75933450336,82529886761,88972658977,95147173773,100937553020,106230176133,110917190139,114900150006,118093246870,120426391559,121847594033,122324933870,121847594033,120426391559,118093246870,114900150006,110917190139,106230176133,100937553020,95147173773,88972658977,82529886761,75933450336,69293469352,62712675227,56284047172,50088914667,44195659803,38659002071,33519803987,28805428369,24530490728,20698032656,17300888724,14323337168,11742723300,9531211152,7657352977,6087651220,4787833407,3724050357,2863741049,2176395776,1634005693,1211419481,886441165,639874321,455376645,319302837,220430041,149703721,99926959,65492402,42095404,26500797,16314611,9805001,5740201,3265978,1800352,958316,490349,240002,111598,48937,20011,7544,2570,777,199,43,6,1"
KpCPA?@?G?g?,"0,0,0,0,0,0,4,39,195,772,2589,7581,20132,49176,112071,240818,491769,960511,1803810,3271113,5747704,9815493,16329159,26520256,42121179,65525496,99968991,149755797,220493865,319379259,455467073,639979019,886561069,1211554018,1634154899,2176557877,2863914976,3724233131,4788022895,6087843289,7657544576,9531397347,11742900809,14323500843,17301035404,20698157423,24530591129,28805500804,33519847322,38659013938,44195640599,50088863445,56283965899,62712564485,69293332079,75933287940,82529703020,88972455934,95146955302,100937320874,106229933713,110916938827,114899892942,118092984931,120426127123,121847327404,122324667058,121847327404,120426127123,118092984931,114899892942,110916938827,106229933713,100937320874,95146955302,88972455934,82529703020,75933287940,69293332079,62712564485,56283965899,50088863445,44195640599,38659013938,33519847322,28805500804,24530591129,20698157423,17301035404,14323500843,11742900809,9531397347,7657544576,6087843289,4788022895,3724233131,2863914976,2176557877,1634154899,1211554018,886561069,639979019,455467073,319379259,220493865,149755797,99968991,65525496,42121179,26520256,16329159,9815493,5747704,3271113,1803810,960511,491769,240818,112071,49176,20132,7581,2589,772,195,39,4"
KpCPA?@?G@?C,"0,0,0,0,0,3,18,90,358,1205,3662,9980,25193,59184,131034,274952,551346,1060598,1967492,3530778,6150395,10424279,17231225,27827853,43982401,68124174,103537241,154570586,226890713,327742264,466241188,653651878,903669540,1232654481,1659824856,2207351217,2900355559,3766759696,4836974196,6143395067,7719695692,9599903986,11817267171,14402928983,17384426223,20784083540,24617324159,28891013335,33601867357,38735072404,44263144901,50145182087,56326525015,62738953104,69301399215,75921265685,82496274590,88916867740,95069053248,100837622281,106109604634,110777830740,114744446054,117924216531,120247486752,121662633495,122137920084,121662633495,120247486752,117924216531,114744446054,110777830740,106109604634,100837622281,95069053248,88916867740,82496274590,75921265685,69301399215,62738953104,56326525015,50145182087,44263144901,38735072404,33601867357,28891013335,24617324159,20784083540,17384426223,14402928983,11817267171,9599903986,7719695692,6143395067,4836974196,3766759696,2900355559,2207351217,1659824856,1232654481,903669540,653651878,466241188,327742264,226890713,154570586,103537241,68124174,43982401,27827853,17231225,10424279,6150395,3530778,1967492,1060598,551346,274952,131034,59184,25193,9980,3662,1205,358,90,18,3"
KpCPA?@?G@?G,"0,0,0,0,0,0,6,42,208,826,2730,7984,21084,51310,116454,249374,507572,988628,1851846,3350492,5875128,10014510,16632268,26971218,42777884,66462188,101279952,151556800,222925616,322607354,459684344,645401794,893429122,1220122398,1644689968,2189323594,2879164590,3742189250,4808865922,6111687418,7684424234,9561242760,11775526040,14358583844,17338112730,20736614186,24569665902,28844290496,33557326562,38694057748,44227057160,50115433988,56304487222,62725901314,69298462764,75929360600,82516073328,88948737294,95113040006,100893413686,106176546530,110854901806,114830318918,118017256446,120345834120,121764232452,122240623312,121764232452,120345834120,118017256446,114830318918,110854901806,106176546530,100893413686,95113040006,88948737294,82516073328,75929360600,69298462764,62725901314,56304487222,50115433988,44227057160,38694057748,33557326562,28844290496,24569665902,20736614186,17338112730,14358583844,11775526040,9561242760,7684424234,6111687418,4808865922,3742189250,2879164590,2189323594,1644689968,1220122398,893429122,645401794,459684344,322607354,222925616,151556800,101279952,66462188,42777884,26971218,16632268,10014510,5875128,3350492,1851846,988628,507572,249374,116454,51310,21084,7984,2730,826,208,42,6"
KpCS?D??G?_@,"0,0,0,0,0,1,7,41,195,741,2456,7212,19144,47005,107464,231917,475149,931270,1753586,3188720,5615326,9609803,16016079,26056378,41446156,64565959,98627481,147917471,218014384,316094687,451179884,634476035,879597156,1202877924,1623495204,2163655981,2848511485,3706113573,4767000530,6063812806,7630466324,9501352013,11710067485,14288215539,17263754527,20659510029,24491333051,28766549998,33482220961,38623854895,44164131662,50062239056,56263421325,62699250269,69288258094,75937322954,82543477562,88996369255,95181102155,100981507332,106283629994,110979327039,114969840250,118169116010,120506833904,121930853843,122409137860,121930853843,120506833904,118169116010,114969840250,110979327039,106283629994,100981507332,95181102155,88996369255,82543477562,75937322954,69288258094,62699250269,56263421325,50062239056,44164131662,38623854895,33482220961,28766549998,24491333051,20659510029,17263754527,14288215539,11710067485,9501352013,7630466324,6063812806,4767000530,3706113573,2848511485,2163655981,1623495204,1202877924,879597156,634476035,451179884,316094687,218014384,147917471,98627481,64565959,41446156,26056378,16016079,9609803,5615326,3188720,1753586,931270,475149,231917,107464,47005,19144,7212,2456,741,195,41,7,1"
KpCSC@??G?_@,"0,0,0,0,1,4,27,98,381,1192,3590,9612,24269,56851,126144,265106,533112,1027771,1911497,3437984,6001964,10192668,16879962,27306590,43226726,67050038,102040694,152522274,224137147,324101086,461504364,647584214,896015723,1223141265,1648173097,2193282819,2883610926,3747110777,4814245049,6117478561,7690575983,9567673379,11782146158,14365278389,17344759011,20743067539,24575781728,28849909996,33562294599,38698220012,44230267804,50117557448,56305407796,62725523286,69296711155,75926195010,82511474008,88942723571,95105654783,100884738465,106166679206,110843984240,114818499453,118004719416,120332766698,121750848179,122227125542,121750848179,120332766698,118004719416,114818499453,110843984240,106166679206,100884738465,95105654783,88942723571,82511474008,75926195010,69296711155,62725523286,56305407796,50117557448,44230267804,38698220012,33562294599,28849909996,24575781728,20743067539,17344759011,14365278389,11782146158,9567673379,7690575983,6117478561,4814245049,3747110777,2883610926,2193282819,1648173097,1223141265,896015723,647584214,461504364,324101086,224137147,152522274,102040694,67050038,43226726,27306590,16879962,10192668,6001964,3437984,1911497,1027771,533112,265106,126144,56851,24269,9612,3590,1192,381,98,27,4,1"
KpCSA?@?G?_A,"0,0,0,0,1,4,23,84,327,1046,3210,8744,22415,53143,119052,252188,510398,989245,1848081,3336440,5843404,9951028,16519488,26780010,42472254,65988870,100574172,150529810,221473239,320595366,456960566,641781802,888712889,1214080863,1637088543,2179910707,2867701840,3728444609,4792648547,6092844375,7662879237,9536994005,11748683584,14329365947,17306876219,20703844927,24535996410,28810481450,33524265625,38662730434,44198525786,50090797942,56284844552,62712304738,69291867561,75930584696,82525743044,88967261069,95140559433,100929801703,106221375056,110907468290,114889636199,118082108672,120414787050,121835715633,122312955242,121835715633,120414787050,118082108672,114889636199,110907468290,106221375056,100929801703,95140559433,88967261069,82525743044,75930584696,69291867561,62712304738,56284844552,50090797942,44198525786,38662730434,33524265625,28810481450,24535996410,20703844927,17306876219,14329365947,11748683584,9536994005,7662879237,6092844375,4792648547,3728444609,2867701840,2179910707,1637088543,1214080863,888712889,641781802,456960566,320595366,221473239,150529810,100574172,65988870,42472254,26780010,16519488,9951028,5843404,3336440,1848081,989245,510398,252188,119052,53143,22415,8744,3210,1046,327,84,23,4,1"
KpCSA?@?G?_C,"0,0,0,0,0,1,10,55,243,889,2840,8107,21126,51005,115225,246153,500379,974152,1824613,3302389,5793243,9880806,16420549,26646236,42290926,65751397,100263490,150134803,220972964,319977417,456200963,640869295,887623232,1212806427,1635608859,2178226122,2865798811,3726336358,4790333225,6090349815,7660219347,9534213809,11745811522,14326464900,17303988717,20701045151,24533338505,28808046056,33522108185,38660932090,44197137021,50089887311,56284452340,62712481133,69292630940,75931963881,82527732765,88969859957,95143740298,100933535970,106225608704,110912152043,114894696308,118087473676,120420372610,121841438352,122318719900,121841438352,120420372610,118087473676,114894696308,110912152043,106225608704,100933535970,95143740298,88969859957,82527732765,75931963881,69292630940,62712481133,56284452340,50089887311,44197137021,38660932090,33522108185,28808046056,24533338505,20701045151,17303988717,14326464900,11745811522,9534213809,7660219347,6090349815,4790333225,3726336358,2865798811,2178226122,1635608859,1212806427,887623232,640869295,456200963,319977417,220972964,150134803,100263490,65751397,42290926,26646236,16420549,9880806,5793243,3302389,1824613,974152,500379,246153,115225,51005,21126,8107,2840,889,243,55,10,1"
KpCSA?@?G?_G,"0,0,0,0,1,4,25,86,339,1050,3216,8706,22277,52755,118252,250502,507346,983853,1839049,3321804,5820672,9916442,16468612,26706746,42369314,65847164,100383116,150276714,221144275,320174802,456431906,641127714,887916297,1213125123,1635959171,2178595507,2866192574,3726737801,4790746657,6090756603,7660622319,9534592399,11746169920,14326781097,17304268033,20701268127,24533510862,28808151098,33522156161,38660907546,44197052630,50089733958,56284242196,62712208426,69292311657,75931592410,82527324812,88969414653,95143268727,100933038079,106225096996,110911622558,114894159333,118086928748,120419824334,121840885365,122318169494,121840885365,120419824334,118086928748,114894159333,110911622558,106225096996,100933038079,95143268727,88969414653,82527324812,75931592410,69292311657,62712208426,56284242196,50089733958,44197052630,38660907546,33522156161,28808151098,24533510862,20701268127,17304268033,14326781097,11746169920,9534592399,7660622319,6090756603,4790746657,3726737801,2866192574,2178595507,1635959171,1213125123,887916297,641127714,456431906,320174802,221144275,150276714,100383116,65847164,42369314,26706746,16468612,9916442,5820672,3321804,1839049,983853,507346,250502,118252,52755,22277,8706,3216,1050,339,86,25,4,1"
KpCSA?@?G?g?,"0,0,0,0,0,1,8,49,219,833,2695,7802,20512,49844,113126,242555,494351,964453,1809429,3279234,5758769,9830763,16349198,26546738,42154752,65568267,100021427,149820347,220570519,319470661,455572357,640100629,886696914,1211706319,1634319903,2176737274,2864103033,3724431284,4788223453,6088047495,7657742930,9531591538,11743080084,14323667806,17301178400,20698280880,24530683049,28805567952,33519877857,38659017433,44195605554,50088801884,56283866712,62712442443,69293175960,75933114300,82529500218,88972242174,95146718127,100937078795,106229673050,110916678543,114899618336,118092714642,120425845356,121847052818,122324383224,121847052818,120425845356,118092714642,114899618336,110916678543,106229673050,100937078795,95146718127,88972242174,82529500218,75933114300,69293175960,62712442443,56283866712,50088801884,44195605554,38659017433,33519877857,28805567952,24530683049,20698280880,17301178400,14323667806,11743080084,9531591538,7657742930,6088047495,4788223453,3724431284,2864103033,2176737274,1634319903,1211706319,886696914,640100629,455572357,319470661,220570519,149820347,100021427,65568267,42154752,26546738,16349198,9830763,5758769,3279234,1809429,964453,494351,242555,113126,49844,20512,7802,2695,833,219,49,8,1"
KpCSA?@?G@?C,"0,0,0,0,0,4,20,108,398,1340,3957,10619,26462,61561,135153,282026,562814,1078689,1995224,3572259,6210708,10510311,17351131,27991828,44202478,68414370,103913419,155050490,227493347,328487694,467149752,654743216,904962280,1234164484,1661564712,2209328184,2902571684,3769209204,4839644408,6146263568,7722732243,9603068051,11820511034,14406194812,17387651267,20787197059,24620253712,28893682534,33604202060,38736998857,44264596547,50146096255,56326851100,62738648602,69300435984,75919626165,82493957989,88913884705,95065431127,100833398847,106104833054,110772573408,114738778126,117918218778,120241249666,121656249812,122131487940,121656249812,120241249666,117918218778,114738778126,110772573408,106104833054,100833398847,95065431127,88913884705,82493957989,75919626165,69300435984,62738648602,56326851100,50146096255,44264596547,38736998857,33604202060,28893682534,24620253712,20787197059,17387651267,14406194812,11820511034,9603068051,7722732243,6146263568,4839644408,3769209204,2902571684,2209328184,1661564712,1234164484,904962280,654743216,467149752,328487694,227493347,155050490,103913419,68414370,44202478,27991828,17351131,10510311,6210708,3572259,1995224,1078689,562814,282026,135153,61561,26462,10619,3957,1340,398,108,20,4"
KpCSA?@?G@?G,"0,0,0,0,0,3,16,80,312,1067,3273,9031,23097,54837,122543,259244,523476,1012895,1888598,3404093,5952363,10122362,16781330,27171747,43044749,66809362,101726584,152119864,223627820,323467080,460725312,646641008,894888136,1221812643,1646626418,2191507593,2881599305,3744861788,4811763708,6114779891,7687680601,9564614007,11778963177,14362021535,17341486748,20739847641,24572685179,28847015475,33559682351,38695969549,44228457802,50116263204,56304693691,62725447508,69297319533,75927517942,82513528203,88945509903,95109153553,100888916942,106171487094,110849353088,114824348734,118010957553,120339287822,121757543261,122233879884,121757543261,120339287822,118010957553,114824348734,110849353088,106171487094,100888916942,95109153553,88945509903,82513528203,75927517942,69297319533,62725447508,56304693691,50116263204,44228457802,38695969549,33559682351,28847015475,24572685179,20739847641,17341486748,14362021535,11778963177,9564614007,7687680601,6114779891,4811763708,3744861788,2881599305,2191507593,1646626418,1221812643,894888136,646641008,460725312,323467080,223627820,152119864,101726584,66809362,43044749,27171747,16781330,10122362,5952363,3404093,1888598,1012895,523476,259244,122543,54837,23097,9031,3273,1067,312,80,16,3"
KpCSA?@?G@G?,"0,0,0,0,0,2,14,76,310,1062,3292,9072,23226,55076,123026,260078,524900,1015112,1892094,3409250,5959878,10132914,16795916,27191248,43070542,66842498,101768636,152171980,223691588,323543478,460815676,646745646,895007858,1221947056,1646775398,2191669504,2881772932,3745044342,4811952908,6114971756,7687871904,9564800078,11779140590,14362185208,17341633400,20739972610,24572785894,28847088314,33559726094,38695981992,44228439276,50116212656,56304613082,62725337406,69297182920,75927356050,82513344878,88945307046,95108935278,100888684632,106171244396,110849101282,114824091216,118010694762,120339022562,121757275654,122233612284,121757275654,120339022562,118010694762,114824091216,110849101282,106171244396,100888684632,95108935278,88945307046,82513344878,75927356050,69297182920,62725337406,56304613082,50116212656,44228439276,38695981992,33559726094,28847088314,24572785894,20739972610,17341633400,14362185208,11779140590,9564800078,7687871904,6114971756,4811952908,3745044342,2881772932,2191669504,1646775398,1221947056,895007858,646745646,460815676,323543478,223691588,152171980,101768636,66842498,43070542,27191248,16795916,10132914,5959878,3409250,1892094,1015112,524900,260078,123026,55076,23226,9072,3292,1062,310,76,14,2"
KpCQ?C@?G@G?,"0,0,0,0,0,1,6,51,227,877,2847,8164,21352,51554,116402,248425,504595,981251,1836517,3321168,5822363,9924085,16484006,26736016,42416438,65921699,100491879,150433533,221359223,320465799,456811501,641617235,888529384,1213883723,1636875523,2179688824,2867469141,3728210344,4792411549,6092613915,7662655662,9536786820,11748492210,14329200500,17306735892,20703736536,24535920241,28810442174,33524260945,38662764205,44198595290,50090901720,56284982296,62712472437,69292062588,75930803422,82525984208,88967516506,95140832607,100930083357,106221667124,110907764515,114889940508,118082411172,120415096522,121836022168,122313264848,121836022168,120415096522,118082411172,114889940508,110907764515,106221667124,100930083357,95140832607,88967516506,82525984208,75930803422,69292062588,62712472437,56284982296,50090901720,44198595290,38662764205,33524260945,28810442174,24535920241,20703736536,17306735892,14329200500,11748492210,9536786820,7662655662,6092613915,4792411549,3728210344,2867469141,2179688824,1636875523,1213883723,888529384,641617235,456811501,320465799,221359223,150433533,100491879,65921699,42416438,26736016,16484006,9924085,5822363,3321168,1836517,981251,504595,248425,116402,51554,21352,8164,2847,877,227,51,6,1"
KpCQ?C@?GA?@,"0,0,0,0,0,1,5,35,171,691,2324,6971,18651,46159,105983,229560,471295,925546,1744927,3176319,5597610,9585626,15983067,26013057,41389484,64494142,98537002,147806699,217879565,315934721,450991622,634259681,879350509,1202603050,1623191486,2163327985,2848160905,3705747144,4766622066,6063431297,7630087322,9500985720,11709720197,14287897527,17263472058,20659272198,24491144958,28766417877,33482147787,38623843530,44164182626,50062351954,56263594397,62699479301,69288539962,75937651327,82543848662,88996774627,95181538786,100981966998,106284111057,110979821521,114970347758,118169629286,120507354515,121931375206,122409662306,121931375206,120507354515,118169629286,114970347758,110979821521,106284111057,100981966998,95181538786,88996774627,82543848662,75937651327,69288539962,62699479301,56263594397,50062351954,44164182626,38623843530,33482147787,28766417877,24491144958,20659272198,17263472058,14287897527,11709720197,9500985720,7630087322,6063431297,4766622066,3705747144,2848160905,2163327985,1623191486,1202603050,879350509,634259681,450991622,315934721,217879565,147806699,98537002,64494142,41389484,26013057,15983067,9585626,5597610,3176319,1744927,925546,471295,229560,105983,46159,18651,6971,2324,691,171,35,5,1"
KpCQ?C@?GA?G,"0,0,0,0,0,0,9,56,266,966,3098,8751,22652,54198,121707,258260,522360,1012122,1888453,3405693,5956765,10131979,16798534,27201200,43090776,66879842,101828793,152265518,223827834,323737502,461080167,647100598,895468620,1222535939,1647508933,2192570201,2882853892,3746324373,4813437543,6116669289,7689776563,9566905404,11781422653,14364620661,17344179652,20742585114,24575406184,28849653902,33562163510,38698219447,44230398351,50117817535,56305793561,62726025662,69297323562,75926903747,82512271421,88943592170,95106588527,100885719804,106167705040,110845037694,114819580358,118005812246,120333875034,121751957967,122228242016,121751957967,120333875034,118005812246,114819580358,110845037694,106167705040,100885719804,95106588527,88943592170,82512271421,75926903747,69297323562,62726025662,56305793561,50117817535,44230398351,38698219447,33562163510,28849653902,24575406184,20742585114,17344179652,14364620661,11781422653,9566905404,7689776563,6116669289,4813437543,3746324373,2882853892,2192570201,1647508933,1222535939,895468620,647100598,461080167,323737502,223827834,152265518,101828793,66879842,43090776,27201200,16798534,10131979,5956765,3405693,1888453,1012122,522360,258260,121707,54198,22652,8751,3098,966,266,56,9"
KpCQ?C@?GA?O,"0,0,0,0,0,1,8,45,207,793,2594,7601,20084,49085,111785,240355,490759,959036,1801157,3267321,5741683,9807244,16317081,26504400,42099174,65497731,99932434,149711019,220437460,319312553,455385963,639886363,886452492,1211433451,1634018563,2176411598,2863754449,3724067126,4787847235,6087667643,7657365813,9531226911,11742733746,14323350950,17300896743,20698042947,24530495097,28805435600,33519803289,38659005126,44195655269,50088912395,56284037872,62712669465,69293454748,75933440379,82529868825,88972644217,95147152444,100937536222,106230150756,110917170895,114900123818,118093224924,120426363986,121847572360,122324904752,121847572360,120426363986,118093224924,114900123818,110917170895,106230150756,100937536222,95147152444,88972644217,82529868825,75933440379,69293454748,62712669465,56284037872,50088912395,44195655269,38659005126,33519803289,28805435600,24530495097,20698042947,17300896743,14323350950,11742733746,9531226911,7657365813,6087667643,4787847235,3724067126,2863754449,2176411598,1634018563,1211433451,886452492,639886363,455385963,319312553,220437460,149711019,99932434,65497731,42099174,26504400,16317081,9807244,5741683,3267321,1801157,959036,490759,240355,111785,49085,20084,7601,2594,793,207,45,8,1"
KpCQ?C@?GAG?,"0,0,0,0,0,0,6,45,221,842,2765,7960,20915,50644,114720,245383,499347,972629,1822709,3299738,5790000,9876550,16415521,26639853,42283747,65742523,100253802,150123331,220960916,319963501,456187021,640853529,887608126,1212789894,1635593889,2178209959,2865785430,3726322044,4790322771,6090338716,7660212986,9534206634,11745810117,14326462287,17303992447,20701047036,24533346944,28808051665,33522120712,38660940597,44197152423,50089897593,56284469497,62712492071,69292648901,75931974459,82527750510,88969869712,95143757511,100933544606,106225625054,110912159417,114894711826,118087480247,120420387642,121841444375,122318734700,121841444375,120420387642,118087480247,114894711826,110912159417,106225625054,100933544606,95143757511,88969869712,82527750510,75931974459,69292648901,62712492071,56284469497,50089897593,44197152423,38660940597,33522120712,28808051665,24533346944,20701047036,17303992447,14326462287,11745810117,9534206634,7660212986,6090338716,4790322771,3726322044,2865785430,2178209959,1635593889,1212789894,887608126,640853529,456187021,319963501,220960916,150123331,100253802,65742523,42283747,26639853,16415521,9876550,5790000,3299738,1822709,972629,499347,245383,114720,50644,20915,7960,2765,842,221,45,6"
KpCQ?C@?GC?@,"0,0,0,0,0,1,7,41,191,733,2420,7138,18986,46693,106914,230983,473585,928854,1749928,3183260,5607494,9598891,16001053,26036296,41419878,64532069,98584683,147864551,217949702,316017143,451088632,634370057,879476186,1202742272,1623344864,2163492459,2848336791,3705929377,4766809992,6063619830,7630273888,9501164645,11709889837,14288050957,17263607587,20659385275,24491232649,28766477320,33482178853,38623843171,44164151596,50062291512,56263503725,62699361705,69288397514,75937486176,82543662726,88996574135,95181321951,100981740318,106283874828,110979579091,114970098482,118169379710,120507099568,121931121093,122409406800,121931121093,120507099568,118169379710,114970098482,110979579091,106283874828,100981740318,95181321951,88996574135,82543662726,75937486176,69288397514,62699361705,56263503725,50062291512,44164151596,38623843171,33482178853,28766477320,24491232649,20659385275,17263607587,14288050957,11709889837,9501164645,7630273888,6063619830,4766809992,3705929377,2848336791,2163492459,1623344864,1202742272,879476186,634370057,451088632,316017143,217949702,147864551,98584683,64532069,41419878,26036296,16001053,9598891,5607494,3183260,1749928,928854,473585,230983,106914,46693,18986,7138,2420,733,191,41,7,1"
KpCQ?C@?GC?O,"0,0,0,0,1,4,25,92,357,1134,3442,9324,23703,55839,124436,262314,528668,1021073,1901573,3423630,5981788,10165014,16842668,27257500,43163270,66969428,101940108,152399094,223988345,323924462,461298132,647346936,895746963,1222841825,1647843925,2192927139,2883232930,3746715107,4813838197,6117068405,7690169757,9567280201,11781775214,14364937641,17344457283,20742813425,24575580774,28849768262,33562216927,38698207396,44230321882,50117678714,56305592496,62725768590,69297013779,75926547950,82511872434,88943161991,95106125331,100885236339,106167200492,110844521626,114819049813,118005280004,120333332532,121751417381,122227697162,121751417381,120333332532,118005280004,114819049813,110844521626,106167200492,100885236339,95106125331,88943161991,82511872434,75926547950,69297013779,62725768590,56305592496,50117678714,44230321882,38698207396,33562216927,28849768262,24575580774,20742813425,17344457283,14364937641,11781775214,9567280201,7690169757,6117068405,4813838197,3746715107,2883232930,2192927139,1647843925,1222841825,895746963,647346936,461298132,323924462,223988345,152399094,101940108,66969428,43163270,27257500,16842668,10165014,5981788,3423630,1901573,1021073,528668,262314,124436,55839,23703,9324,3442,1134,357,92,25,4,1"
KpCQ?C@?GCG?,"0,0,0,0,0,1,6,43,203,785,2607,7620,20172,49246,112162,240941,491923,960743,1804029,3271464,5748071,9815937,16329662,26520916,42121746,65526327,99969767,149756653,220494755,319380371,455467841,639980215,886562052,1211555007,1634155855,2176559100,2863915513,3724234304,4788023669,6087843971,7657545210,9531398316,11742900770,14323501700,17301035732,20698157532,24530591285,28805501366,33519846585,38659014353,44195640382,50088862820,56283965472,62712564457,69293330492,75933287634,82529702036,88972454350,95146954047,100937319985,106229931116,110916937635,114899891152,118092982496,120426125182,121847325908,122324663952,121847325908,120426125182,118092982496,114899891152,110916937635,106229931116,100937319985,95146954047,88972454350,82529702036,75933287634,69293330492,62712564457,56283965472,50088862820,44195640382,38659014353,33519846585,28805501366,24530591285,20698157532,17301035732,14323501700,11742900770,9531398316,7657545210,6087843971,4788023669,3724234304,2863915513,2176559100,1634155855,1211555007,886562052,639980215,455467841,319380371,220494755,149756653,99969767,65526327,42121746,26520916,16329662,9815937,5748071,3271464,1804029,960743,491923,240941,112162,49246,20172,7620,2607,785,203,43,6,1"
KpCQ?C@?I??@,"0,0,0,0,0,1,5,35,167,691,2316,6968,18674,46229,106120,229905,471913,926600,1746682,3179150,5601874,9591989,15992133,26025732,41406724,64517049,98566727,147844627,217926890,315992843,451061536,634342273,879446420,1202712696,1623314636,2163463945,2848308413,3705904487,4766786882,6063600734,7630257926,9501153891,11709882237,14288049367,17263609875,20659392107,24491243625,28766492572,33482196341,38623864491,44164175264,50062315810,56263530313,62699388605,69288424346,75937512774,82543689788,88996598319,95181347863,100981763686,106283897588,110979600213,114970120766,118169398134,120507120686,121931139833,122409426360,121931139833,120507120686,118169398134,114970120766,110979600213,106283897588,100981763686,95181347863,88996598319,82543689788,75937512774,69288424346,62699388605,56263530313,50062315810,44164175264,38623864491,33482196341,28766492572,24491243625,20659392107,17263609875,14288049367,11709882237,9501153891,7630257926,6063600734,4766786882,3705904487,2848308413,2163463945,1623314636,1202712696,879446420,634342273,451061536,315992843,217926890,147844627,98566727,64517049,41406724,26025732,15992133,9591989,5601874,3179150,1746682,926600,471913,229905,106120,46229,18674,6968,2316,691,167,35,5,1"
KpCQ?C@?I?G?,"0,0,0,0,0,0,7,54,254,964,3095,8782,22768,54493,122254,259382,524280,1015285,1893479,3413496,5968231,10148596,16821731,27232974,43133200,66935358,101899830,152354922,223938081,323871310,461239465,647287080,895683276,1222779231,1647780045,2192867363,2883174098,3746663641,4813790651,6117030045,7690137718,9567259277,11781761391,14364935927,17344463597,20742829879,24575605112,28849801506,33562255566,38698253074,44230372304,50117731322,56305648989,62725825540,69297071606,75926604266,82511929876,88943214311,95106180122,100885285745,106167250094,110844566464,114819097160,118005320388,120333377522,121751457165,122227740048,121751457165,120333377522,118005320388,114819097160,110844566464,106167250094,100885285745,95106180122,88943214311,82511929876,75926604266,69297071606,62725825540,56305648989,50117731322,44230372304,38698253074,33562255566,28849801506,24575605112,20742829879,17344463597,14364935927,11781761391,9567259277,7690137718,6117030045,4813790651,3746663641,2883174098,2192867363,1647780045,1222779231,895683276,647287080,461239465,323871310,223938081,152354922,101899830,66935358,43133200,27232974,16821731,10148596,5968231,3413496,1893479,1015285,524280,259382,122254,54493,22768,8782,3095,964,254,54,7"
KpCQ?C@?OA?G,"0,0,0,0,0,7,29,155,533,1737,4918,12865,31167,71037,153113,314736,619891,1175328,2153443,3824487,6602426,11104740,18233001,29273865,46029740,70971382,107428718,159802899,233814285,336764693,477824388,668308201,921952127,1255144128,1687110136,2240004829,2938904413,3811649984,4888534440,6201794341,7784904072,9671651956,11895012603,14485826515,17471311714,20873464454,24707390492,28979658683,33686732617,38813600884,44332658928,50202968210,56369935621,62765510083,69308904372,75907905637,82460719110,88858353213,94987448620,100733470368,105984137207,110632956967,114582708210,117748722010,120061810845,121470703802,121943880582,121470703802,120061810845,117748722010,114582708210,110632956967,105984137207,100733470368,94987448620,88858353213,82460719110,75907905637,69308904372,62765510083,56369935621,50202968210,44332658928,38813600884,33686732617,28979658683,24707390492,20873464454,17471311714,14485826515,11895012603,9671651956,7784904072,6201794341,4888534440,3811649984,2938904413,2240004829,1687110136,1255144128,921952127,668308201,477824388,336764693,233814285,159802899,107428718,70971382,46029740,29273865,18233001,11104740,6602426,3824487,2153443,1175328,619891,314736,153113,71037,31167,12865,4918,1737,533,155,29,7"
KpCQ?C@?OA?O,"0,0,0,0,0,2,16,78,328,1126,3484,9593,24445,57768,128511,270627,544214,1049144,1949689,3503763,6110438,10366443,17149334,27714053,43827358,67916563,103264067,154216800,226439935,327176506,465541828,652799552,902645841,1231441878,1658408728,2205719668,2898502000,3764682649,4834679732,6140896009,7717014212,9597070047,11814320854,14399917652,17381406649,20781117971,24614481933,28888366029,33599490066,38733038069,44261525540,50144042412,56325924794,62738940462,69302013124,75922529709,82498200968,88919451614,95072277207,100841451144,106113991869,110782713876,114749753756,117929864136,120253384433,121668682497,122144020946,121668682497,120253384433,117929864136,114749753756,110782713876,106113991869,100841451144,95072277207,88919451614,82498200968,75922529709,69302013124,62738940462,56325924794,50144042412,44261525540,38733038069,33599490066,28888366029,24614481933,20781117971,17381406649,14399917652,11814320854,9597070047,7717014212,6140896009,4834679732,3764682649,2898502000,2205719668,1658408728,1231441878,902645841,652799552,465541828,327176506,226439935,154216800,103264067,67916563,43827358,27714053,17149334,10366443,6110438,3503763,1949689,1049144,544214,270627,128511,57768,24445,9593,3484,1126,328,78,16,2"
KpCQ?C@?OAG?,"0,0,0,0,0,5,22,120,422,1401,4086,10866,26901,62324,136384,284000,565824,1083162,2001704,3581456,6223371,10527485,17373843,28021421,44240269,68461844,103971947,155121682,227578361,328587862,467265762,654875720,905111160,1234329611,1661744682,2209521661,2902776085,3769421942,4839861686,6146481949,7722946756,9603274754,11820704785,14406371587,17387806111,20787326716,24620353855,28893751423,33604236893,38736999246,44264561207,50146026675,56326747299,62738513720,69300271189,75919435289,82493742934,88913650098,95065178638,100833132915,106104554984,110772287078,114738484392,117917921139,120240948002,121655947045,122131183832,121655947045,120240948002,117917921139,114738484392,110772287078,106104554984,100833132915,95065178638,88913650098,82493742934,75919435289,69300271189,62738513720,56326747299,50146026675,44264561207,38736999246,33604236893,28893751423,24620353855,20787326716,17387806111,14406371587,11820704785,9603274754,7722946756,6146481949,4839861686,3769421942,2902776085,2209521661,1661744682,1234329611,905111160,654875720,467265762,328587862,227578361,155121682,103971947,68461844,44240269,28021421,17373843,10527485,6223371,3581456,2001704,1083162,565824,284000,136384,62324,26901,10866,4086,1401,422,120,22,5"
KpCQ?C@?OC?@,"0,0,0,0,0,0,9,46,232,828,2722,7794,20519,49728,113014,242073,493708,963094,1807474,3275740,5753973,9823110,16338996,26531849,42135462,65541839,99988426,149777206,220518397,319405400,455495951,640008820,886592891,1211585483,1634187261,2176588519,2863945060,3724260068,4788047939,6087863848,7657562157,9531409629,11742909223,14323503597,17301033957,20698150689,24530580555,28805485725,33519828914,38658992274,44195616317,50088837421,56283938121,62712536234,69293302800,75933259554,82529673923,88972428600,95146927234,100937295116,106229907367,110916915048,114899868112,118092962662,120426103265,121847305846,122324643694,121847305846,120426103265,118092962662,114899868112,110916915048,106229907367,100937295116,95146927234,88972428600,82529673923,75933259554,69293302800,62712536234,56283938121,50088837421,44195616317,38658992274,33519828914,28805485725,24530580555,20698150689,17301033957,14323503597,11742909223,9531409629,7657562157,6087863848,4788047939,3724260068,2863945060,2176588519,1634187261,1211585483,886592891,640008820,455495951,319405400,220518397,149777206,99988426,65541839,42135462,26531849,16338996,9823110,5753973,3275740,1807474,963094,493708,242073,113014,49728,20519,7794,2722,828,232,46,9"
KpCQ?C@?OC?O,"0,0,0,0,0,3,15,77,307,1073,3320,9250,23704,56367,125934,266199,536769,1037238,1931020,3475462,6068466,10305867,17063419,27595072,43665410,67700317,102979969,153850235,225973720,326593337,464822832,651926209,901599744,1230207278,1656970694,2204068803,2896632471,3762594895,4832380622,6138401698,7714346378,9594261619,11811411943,14396956861,17378449693,20778228811,24611725893,28885815268,33597216221,38731111247,44260012904,50143007868,56325420117,62739012199,69302695056,75923842284,82500151954,88922036819,95075473355,100845226228,106118298790,110787491965,114754933014,117935367524,120259122024,121674564123,122149951424,121674564123,120259122024,117935367524,114754933014,110787491965,106118298790,100845226228,95075473355,88922036819,82500151954,75923842284,69302695056,62739012199,56325420117,50143007868,44260012904,38731111247,33597216221,28885815268,24611725893,20778228811,17378449693,14396956861,11811411943,9594261619,7714346378,6138401698,4832380622,3762594895,2896632471,2204068803,1656970694,1230207278,901599744,651926209,464822832,326593337,225973720,153850235,102979969,67700317,43665410,27595072,17063419,10305867,6068466,3475462,1931020,1037238,536769,266199,125934,56367,23704,9250,3320,1073,307,77,15,3"
KpCQ?C@?OCG?,"0,0,0,0,0,0,8,48,234,884,2880,8280,21658,52320,118192,252184,512040,995360,1861818,3364902,5895378,10042226,16669632,27020384,42841444,66542866,101380568,151679996,223074432,322783926,459890448,645638880,893697656,1220421534,1645018746,2189678836,2879542082,3742584400,4809272218,6112097098,7684830032,9561635562,11775896702,14358924530,17338414598,20736868620,24569867314,28844432962,33557405238,38694071540,44227004256,50115314038,56304303950,62725657370,69298161336,75929008724,82515675752,88948299382,95112569610,100892915650,106176024776,110854363482,114829767304,118016694398,120345266696,121763661418,122240049736,121763661418,120345266696,118016694398,114829767304,110854363482,106176024776,100892915650,95112569610,88948299382,82515675752,75929008724,69298161336,62725657370,56304303950,50115314038,44227004256,38694071540,33557405238,28844432962,24569867314,20736868620,17338414598,14358924530,11775896702,9561635562,7684830032,6112097098,4809272218,3742584400,2879542082,2189678836,1645018746,1220421534,893697656,645638880,459890448,322783926,223074432,151679996,101380568,66542866,42841444,27020384,16669632,10042226,5895378,3364902,1861818,995360,512040,252184,118192,52320,21658,8280,2880,884,234,48,8"
KpCQ?C@?Q??@,"0,0,0,0,0,0,9,50,244,880,2867,8130,21248,51181,115670,246792,501658,975957,1827699,3306706,5799927,9889778,16433563,26663136,42314088,65780500,100301546,150181070,221031107,320045962,456283847,640963934,887733826,1212928829,1635747267,2178374439,2865960928,3726504291,4790510705,6090526815,7660399610,9534385669,11745979321,14326615921,17304128217,20701159769,24533435016,28808111570,33522151496,38660940816,44197121988,50089836922,56284379477,62712375124,69292506112,75931809908,82527565114,88969668653,95143541064,100933318221,106225387966,110911917116,114894462618,118087229532,120420132644,121841190169,122318477968,121841190169,120420132644,118087229532,114894462618,110911917116,106225387966,100933318221,95143541064,88969668653,82527565114,75931809908,69292506112,62712375124,56284379477,50089836922,44197121988,38660940816,33522151496,28808111570,24533435016,20701159769,17304128217,14326615921,11745979321,9534385669,7660399610,6090526815,4790510705,3726504291,2865960928,2178374439,1635747267,1212928829,887733826,640963934,456283847,320045962,221031107,150181070,100301546,65780500,42314088,26663136,16433563,9889778,5799927,3306706,1827699,975957,501658,246792,115670,51181,21248,8130,2867,880,244,50,9"
KpCQ?C@?Q?G?,"0,0,0,0,0,5,21,113,401,1343,3944,10564,26286,61169,134294,280389,559815,1073482,1986494,3558320,6188926,10477397,17302529,27921952,44104014,68278749,103729927,154807109,227175952,328081147,466636980,654107117,904184904,1233229270,1660455788,2208032909,2901080035,3767517001,4837752036,6144179304,7720470516,9600652697,11817972989,14403574733,17384996037,20784562057,24617698703,28891273644,33602006085,38735084909,44263030084,50144940732,56326162023,62738475357,69300815580,75920586054,82495510738,88916031619,95068156791,100836676046,106108618580,110776813909,114743406756,117923161272,120246421060,121661561827,122136846364,121661561827,120246421060,117923161272,114743406756,110776813909,106108618580,100836676046,95068156791,88916031619,82495510738,75920586054,69300815580,62738475357,56326162023,50144940732,44263030084,38735084909,33602006085,28891273644,24617698703,20784562057,17384996037,14403574733,11817972989,9600652697,7720470516,6144179304,4837752036,3767517001,2901080035,2208032909,1660455788,1233229270,904184904,654107117,466636980,328081147,227175952,154807109,103729927,68278749,44104014,27921952,17302529,10477397,6188926,3558320,1986494,1073482,559815,280389,134294,61169,26286,10564,3944,1343,401,113,21,5"
KpCQ?C@?_?_O,"0,0,0,0,0,1,10,53,237,881,2826,8181,21372,51781,117169,250481,509029,990864,1854649,3354511,5880067,10021230,16640261,26981890,42790190,66478289,101298370,151580303,222952566,322641649,459723529,645451497,893486566,1220194413,1644773945,2189428030,2879285539,3742337624,4809036885,6111891673,7684656333,9561513107,11775825376,14358922644,17338477807,20737011445,24570079461,28844722412,33557754591,38694482088,44227451365,50115793167,56304785816,62726133317,69298600966,75929403633,82515998215,88948545139,95112718342,100892970858,106175976192,110854224231,114829537432,118016396256,120344909468,121763274108,122239646672,121763274108,120344909468,118016396256,114829537432,110854224231,106175976192,100892970858,95112718342,88948545139,82515998215,75929403633,69298600966,62726133317,56304785816,50115793167,44227451365,38694482088,33557754591,28844722412,24570079461,20737011445,17338477807,14358922644,11775825376,9561513107,7684656333,6111891673,4809036885,3742337624,2879285539,2189428030,1644773945,1220194413,893486566,645451497,459723529,322641649,222952566,151580303,101298370,66478289,42790190,26981890,16640261,10021230,5880067,3354511,1854649,990864,509029,250481,117169,51781,21372,8181,2826,881,237,53,10,1"
KpCQ?C@?_?g?,"0,0,0,0,0,0,6,37,197,750,2525,7416,19735,48336,110480,237899,486675,952121,1790221,3250034,5715708,9768402,16261177,26424753,41989055,65347151,99731690,149446451,220096448,318878073,454843361,639216509,885640794,1210461178,1632874221,2175080235,2862231802,3722346004,4785934891,6085568772,7655102534,9528818130,11740218677,14320763487,17298292287,20695468032,24528017988,28803110857,33517706352,38657190745,44194197515,50087858693,56283452673,62712584091,69293916805,75934458671,82531468338,88974807556,95149878951,100940781234,106233889046,110921332537,114904662470,118098051571,120431416302,121852748115,122330133804,121852748115,120431416302,118098051571,114904662470,110921332537,106233889046,100940781234,95149878951,88974807556,82531468338,75934458671,69293916805,62712584091,56283452673,50087858693,44194197515,38657190745,33517706352,28803110857,24528017988,20695468032,17298292287,14320763487,11740218677,9528818130,7655102534,6085568772,4785934891,3722346004,2862231802,2175080235,1632874221,1210461178,885640794,639216509,454843361,318878073,220096448,149446451,99731690,65347151,41989055,26424753,16261177,9768402,5715708,3250034,1790221,952121,486675,237899,110480,48336,19735,7416,2525,750,197,37,6"
KpCQ?C@?_C?O,"0,0,0,0,1,6,32,128,477,1506,4404,11679,28821,66461,145083,300698,596834,1138265,2095998,3737309,6474129,10919327,17971590,28911840,45538502,70315940,106569855,158694800,232408119,335006546,475659529,665680166,918807921,1251434002,1682793608,2235050846,2933297546,3805391372,4881646694,6194322038,7776917462,9663245885,11886308555,14476969836,17462470349,20864825031,24699154850,28972037302,33679940437,38807848715,44328148363,50199884067,56368440851,62765738032,69310956657,75911844935,82466569457,88866095683,94997023420,100744774481,105997030564,110647260776,114598214161,117765191864,120078986476,121488308304,121961630162,121488308304,120078986476,117765191864,114598214161,110647260776,105997030564,100744774481,94997023420,88866095683,82466569457,75911844935,69310956657,62765738032,56368440851,50199884067,44328148363,38807848715,33679940437,28972037302,24699154850,20864825031,17462470349,14476969836,11886308555,9663245885,7776917462,6194322038,4881646694,3805391372,2933297546,2235050846,1682793608,1251434002,918807921,665680166,475659529,335006546,232408119,158694800,106569855,70315940,45538502,28911840,17971590,10919327,6474129,3737309,2095998,1138265,596834,300698,145083,66461,28821,11679,4404,1506,477,128,32,6,1"
KpCQ?C@?_CG?,"0,0,0,0,0,1,8,56,254,949,3064,8764,22763,54706,123048,261480,529014,1025242,1912470,3448040,6028079,10248461,16982383,27484115,43514589,67500570,102717671,153513442,225545469,326059586,464163942,651128004,900642514,1229078999,1655655128,2202559875,2894920651,3760684842,4830274176,6136116219,7711899118,9591685458,11808739265,14394237137,17375730159,20775569822,24609187583,28883464921,33595117451,38729332306,44258614475,50142046809,56324948917,62739070478,69303315189,75925042959,82501943254,88924407952,95078412782,100848695577,106122259810,110791885044,114759700146,117940426623,120264403726,121679973759,122155408744,121679973759,120264403726,117940426623,114759700146,110791885044,106122259810,100848695577,95078412782,88924407952,82501943254,75925042959,69303315189,62739070478,56324948917,50142046809,44258614475,38729332306,33595117451,28883464921,24609187583,20775569822,17375730159,14394237137,11808739265,9591685458,7711899118,6136116219,4830274176,3760684842,2894920651,2202559875,1655655128,1229078999,900642514,651128004,464163942,326059586,225545469,153513442,102717671,67500570,43514589,27484115,16982383,10248461,6028079,3448040,1912470,1025242,529014,261480,123048,54706,22763,8764,3064,949,254,56,8,1"
KpCQ?C@?a??@,"0,0,0,0,0,1,7,42,192,757,2493,7390,19635,48227,110182,237604,486016,951371,1788905,3248556,5713302,9765801,16257248,26420543,41983161,65340970,99723379,149438116,220085648,318867648,454830383,639204428,885626072,1210448368,1632858901,2175067788,2862217077,3722335295,4785922113,6085561100,7655092756,9528814337,11740212840,14320764270,17298290602,20695473367,24528020221,28803120175,33517711793,38657203238,44194205437,50087873225,56283461752,62712599726,69293926305,75934474345,82531477304,88974822681,95149887326,100940795660,106233896206,110921345954,114904668900,118098064257,120431422076,121852760516,122330139356,121852760516,120431422076,118098064257,114904668900,110921345954,106233896206,100940795660,95149887326,88974822681,82531477304,75934474345,69293926305,62712599726,56283461752,50087873225,44194205437,38657203238,33517711793,28803120175,24528020221,20695473367,17298290602,14320764270,11740212840,9528814337,7655092756,6085561100,4785922113,3722335295,2862217077,2175067788,1632858901,1210448368,885626072,639204428,454830383,318867648,220085648,149438116,99723379,65340970,41983161,26420543,16257248,9765801,5713302,3248556,1788905,951371,486016,237604,110182,48227,19635,7390,2493,757,192,42,7,1"
KpCQ?C@?a?G?,"0,0,0,0,0,0,7,51,251,948,3080,8802,22891,54949,123516,262311,530429,1027448,1915940,3453178,6035563,10258986,16996928,27503583,43540335,67533671,102759686,153565547,225609221,326136001,464254340,651232715,900762332,1229213545,1655804268,2202721982,2895094518,3760867641,4830463628,6136308319,7712090654,9591871719,11808916816,14394400870,17375876800,20775694667,24609288090,28883537441,33595160770,38729344213,44258595393,50141995639,56324867666,62738959729,69303177989,75924880549,82501759532,88924204835,95078194399,100848463329,106122017344,110791633657,114759443184,117940164507,120264139244,121679707008,122155142024,121679707008,120264139244,117940164507,114759443184,110791633657,106122017344,100848463329,95078194399,88924204835,82501759532,75924880549,69303177989,62738959729,56324867666,50141995639,44258595393,38729344213,33595160770,28883537441,24609288090,20775694667,17375876800,14394400870,11808916816,9591871719,7712090654,6136308319,4830463628,3760867641,2895094518,2202721982,1655804268,1229213545,900762332,651232715,464254340,326136001,225609221,153565547,102759686,67533671,43540335,27503583,16996928,10258986,6035563,3453178,1915940,1027448,530429,262311,123516,54949,22891,8802,3080,948,251,51,7"
KpCQ?C@O??_@,"0,0,0,0,0,0,6,36,192,726,2444,7161,19109,46872,107349,231623,474862,930658,1752999,3187569,5614164,9607855,16014048,26053181,41443012,64561157,98622719,147910814,218007827,316085690,451171524,634464730,879586819,1202864728,1623483334,2163640866,2848499024,3706097429,4766987586,6063796939,7630454270,9501336609,11710057714,14288202014,17263747089,20659499849,24491329083,28766542697,33482221966,38623851639,44164136312,50062240836,56263430562,62699255374,69288272398,75937331949,82543494886,88996382702,95181122653,100981522580,106283654199,110979344366,114969865060,118169135872,120506859965,121930873319,122409165302,121930873319,120506859965,118169135872,114969865060,110979344366,106283654199,100981522580,95181122653,88996382702,82543494886,75937331949,69288272398,62699255374,56263430562,50062240836,44164136312,38623851639,33482221966,28766542697,24491329083,20659499849,17263747089,14288202014,11710057714,9501336609,7630454270,6063796939,4766987586,3706097429,2848499024,2163640866,1623483334,1202864728,879586819,634464730,451171524,316085690,218007827,147910814,98622719,64561157,41443012,26053181,16014048,9607855,5614164,3187569,1752999,930658,474862,231623,107349,46872,19109,7161,2444,726,192,36,6"
KpCQ?C@O??_A,"0,0,0,0,0,1,8,49,223,827,2703,7787,20507,49780,113093,242364,494213,964051,1809030,3278405,5757955,9829202,16347648,26544155,42152140,65564254,100017448,149814505,220564892,319462793,455564851,640090591,886687729,1211694229,1634309233,2176723574,2864091399,3724416537,4788211595,6088032504,7657731776,9531577241,11743070410,14323655130,17301171261,20698270609,24530678976,28805560809,33519877651,38659013994,44195609352,50088802378,56283874800,62712446861,69293188044,75933122483,82529516100,88972253858,95146737212,100937093305,106229694887,110916695205,114899641876,118092732920,120425870235,121847071795,122324408446,121847071795,120425870235,118092732920,114899641876,110916695205,106229694887,100937093305,95146737212,88972253858,82529516100,75933122483,69293188044,62712446861,56283874800,50088802378,44195609352,38659013994,33519877651,28805560809,24530678976,20698270609,17301171261,14323655130,11743070410,9531577241,7657731776,6088032504,4788211595,3724416537,2864091399,2176723574,1634309233,1211694229,886687729,640090591,455564851,319462793,220564892,149814505,100017448,65564254,42152140,26544155,16347648,9829202,5757955,3278405,1809030,964051,494213,242364,113093,49780,20507,7787,2703,827,223,49,8,1"
KpCQ?C@O??g?,"0,0,0,0,0,0,7,46,230,872,2855,8238,21588,52185,118014,251898,511608,994777,1860991,3363792,5893939,10040448,16667387,27017874,42838508,66539986,101377718,151678042,223073613,322785882,459895805,645650060,893715944,1220450515,1645060377,2189737639,2879620470,3742687601,4809402771,6112260101,7685027266,9561870773,11776169951,14359237127,17338763437,20737250875,24570276156,28844860698,33557841206,38694503222,44227417396,50115692422,56304632165,62725917560,69298339510,75929088478,82515647704,88948152155,95112301562,100892522373,106175514086,110853739584,114829047804,118015891712,120344406182,121762760905,122239139152,121762760905,120344406182,118015891712,114829047804,110853739584,106175514086,100892522373,95112301562,88948152155,82515647704,75929088478,69298339510,62725917560,56304632165,50115692422,44227417396,38694503222,33557841206,28844860698,24570276156,20737250875,17338763437,14359237127,11776169951,9561870773,7685027266,6112260101,4809402771,3742687601,2879620470,2189737639,1645060377,1220450515,893715944,645650060,459895805,322785882,223073613,151678042,101377718,66539986,42838508,27017874,16667387,10040448,5893939,3363792,1860991,994777,511608,251898,118014,52185,21588,8238,2855,872,230,46,7"
KpCQ?C@OA?G?,"0,0,0,0,0,5,23,125,457,1523,4446,11852,29192,67297,146518,303365,601155,1145198,2106528,3753200,6496844,10951509,18015539,28971048,45616094,70416155,106696225,158851985,232599584,335236565,475930450,665994771,919166780,1251837668,1683239776,2235536747,2933817363,3805938867,4882212670,6194897108,7777489560,9663803449,11886838469,14477460043,17462908025,20865199025,24699454407,28972255042,33680069373,38807885465,44328090454,50199732324,56368197251,62765407999,69310545248,75911360156,82466018798,88865488873,94996368209,100744079930,105996303110,110646508449,114597442344,117764407112,120078192182,121487509341,121960828792,121487509341,120078192182,117764407112,114597442344,110646508449,105996303110,100744079930,94996368209,88865488873,82466018798,75911360156,69310545248,62765407999,56368197251,50199732324,44328090454,38807885465,33680069373,28972255042,24699454407,20865199025,17462908025,14477460043,11886838469,9663803449,7777489560,6194897108,4882212670,3805938867,2933817363,2235536747,1683239776,1251837668,919166780,665994771,475930450,335236565,232599584,158851985,106696225,70416155,45616094,28971048,18015539,10951509,6496844,3753200,2106528,1145198,601155,303365,146518,67297,29192,11852,4446,1523,457,125,23,5"
KpC_H@??G?_@,"0,0,0,0,0,0,2,26,156,664,2312,7017,18977,47000,108229,234261,480976,943434,1777517,3231527,5690060,9732761,16213874,26361647,41908680,65243801,99604959,149289106,219910385,318654682,454588750,638920678,885315985,1210096064,1632489304,2174662182,2861811240,3721906047,4785517400,6085150873,7654737600,9528473775,11739959080,14320542918,17298184783,20695410005,24528092411,28803232673,33517966654,38657481597,44194618762,50088279212,56283983304,62713072816,69294487656,75934943181,82532006988,88975220078,95150325481,100941075234,106234210179,110921492494,114904859016,118098096272,120431521559,121852726655,122330205414,121852726655,120431521559,118098096272,114904859016,110921492494,106234210179,100941075234,95150325481,88975220078,82532006988,75934943181,69294487656,62713072816,56283983304,50088279212,44194618762,38657481597,33517966654,28803232673,24528092411,20695410005,17298184783,14320542918,11739959080,9528473775,7654737600,6085150873,4785517400,3721906047,2861811240,2174662182,1632489304,1210096064,885315985,638920678,454588750,318654682,219910385,149289106,99604959,65243801,41908680,26361647,16213874,9732761,5690060,3231527,1777517,943434,480976,234261,108229,47000,18977,7017,2312,664,156,26,2"
KpC_K@??G?_@,"0,0,0,0,0,1,5,35,151,639,2138,6553,17705,44311,102411,223348,460491,907988,1716725,3133007,5532088,9489952,15845213,25820129,41123294,64135434,98060308,147186295,217082795,314930495,449742508,632732111,877506553,1200412926,1620623238,2160362681,2844781399,3701953754,4762420988,6058850323,7625162436,9495776838,11704297107,14282352657,17257906580,20653805932,24485902770,28761536245,33477762829,38620092596,44161196098,50060250978,56262486749,62699453199,69289665524,75939970237,82547382708,89001511575,95187447158,100988978686,106292142777,110988754851,114980055614,118179953308,120518135433,121942428672,122420812234,121942428672,120518135433,118179953308,114980055614,110988754851,106292142777,100988978686,95187447158,89001511575,82547382708,75939970237,69289665524,62699453199,56262486749,50060250978,44161196098,38620092596,33477762829,28761536245,24485902770,20653805932,17257906580,14282352657,11704297107,9495776838,7625162436,6058850323,4762420988,3701953754,2844781399,2160362681,1620623238,1200412926,877506553,632732111,449742508,314930495,217082795,147186295,98060308,64135434,41123294,25820129,15845213,9489952,5532088,3133007,1716725,907988,460491,223348,102411,44311,17705,6553,2138,639,151,35,5,1"
KpC_I?@?G?_C,"0,0,0,0,0,0,2,24,140,606,2124,6526,17806,44484,103104,224518,463136,912284,1724802,3145374,5552816,9520320,15892242,25886228,41219726,64265844,98241492,147422996,217398136,315329108,450254280,633359396,878285134,1201339170,1621736992,2161649550,2846282878,3703638754,4764329460,6060928910,7627447338,9498187782,11706865570,14284968794,17260598906,20656435870,24488500168,28763936912,33480004738,38621993002,44162809920,50061385412,56263222554,62699596214,69289330384,75938969976,82545870948,88999314122,95184758704,100985641612,106288390714,110984446648,114975457410,118174937636,120512992556,121937040608,122415481612,121937040608,120512992556,118174937636,114975457410,110984446648,106288390714,100985641612,95184758704,88999314122,82545870948,75938969976,69289330384,62699596214,56263222554,50061385412,44162809920,38621993002,33480004738,28763936912,24488500168,20656435870,17260598906,14284968794,11706865570,9498187782,7627447338,6060928910,4764329460,3703638754,2846282878,2161649550,1621736992,1201339170,878285134,633359396,450254280,315329108,217398136,147422996,98241492,64265844,41219726,25886228,15892242,9520320,5552816,3145374,1724802,912284,463136,224518,103104,44484,17806,6526,2124,606,140,24,2"
KpC_I?@?G?_G,"0,0,0,0,0,1,5,35,157,659,2202,6715,18075,45069,103895,226012,465151,915734,1729265,3152537,5561844,9533914,15908929,25910105,41248068,64304804,98286424,147482345,217464507,315414043,450346130,633473537,878404391,1201483436,1621882218,2161821341,2846448331,3703830752,4764505050,6061129579,7627618992,9498382570,11707016883,14285141639,17260713540,20656571582,24488563660,28764023717,33480007213,38622024052,44162747472,50061359624,56263096835,62699518005,69289148374,75938847785,82545643210,88999158689,95184497084,100985463702,106288106185,110984255127,114975159146,118174739148,120512687453,121936839498,122415174442,121936839498,120512687453,118174739148,114975159146,110984255127,106288106185,100985463702,95184497084,88999158689,82545643210,75938847785,69289148374,62699518005,56263096835,50061359624,44162747472,38622024052,33480007213,28764023717,24488563660,20656571582,17260713540,14285141639,11707016883,9498382570,7627618992,6061129579,4764505050,3703830752,2846448331,2161821341,1621882218,1201483436,878404391,633473537,450346130,315414043,217464507,147482345,98286424,64304804,41248068,25910105,15908929,9533914,5561844,3152537,1729265,915734,465151,226012,103895,45069,18075,6715,2202,659,157,35,5,1"
KpC_I?@?G?g?,"0,0,0,0,0,0,2,24,150,626,2212,6697,18179,45176,104361,226555,466574,917484,1732757,3156959,5569540,9543309,15923892,25928035,41274640,64335829,98329969,147531678,217530809,315486954,450440320,633573746,878529839,1201612246,1622039074,2161976254,2846632298,3704004415,4764707310,6061310115,7627826354,9498554421,11707213258,14285287580,17260882299,20656674785,24488689497,28764070467,33480079388,38622005931,44162760528,50061274122,56263051228,62699368812,69289050122,75938643239,82545501600,88998910256,95184323571,100985183336,106287911225,110983953552,114974951334,118174425604,120512473403,121936520473,122414958506,121936520473,120512473403,118174425604,114974951334,110983953552,106287911225,100985183336,95184323571,88998910256,82545501600,75938643239,69289050122,62699368812,56263051228,50061274122,44162760528,38622005931,33480079388,28764070467,24488689497,20656674785,17260882299,14285287580,11707213258,9498554421,7627826354,6061310115,4764707310,3704004415,2846632298,2161976254,1622039074,1201612246,878529839,633573746,450440320,315486954,217530809,147531678,98329969,64335829,41274640,25928035,15923892,9543309,5569540,3156959,1732757,917484,466574,226555,104361,45176,18179,6697,2212,626,150,24,2"
KpC_I?@?G@?C,"0,0,0,0,0,1,14,65,299,1021,3214,8958,23011,54761,122656,259680,524495,1015272,1892958,3411990,5965407,10143677,16813915,27221395,43116476,66912524,101869149,152315429,223887685,323809531,461164305,647199275,895580925,1222664521,1647651543,2192729502,2883026171,3746512187,4813635303,6116879676,7689991873,9567128424,11781643736,14364842814,17344391170,20742789930,24575590892,28849823345,33562303237,38698335719,44230475629,50117864377,56305793894,62725990199,69297236684,75926778766,82512093099,88943376813,95106321471,100885419998,106167359121,110844666863,114819172152,118005390128,120333427125,121751508915,122227780602,121751508915,120333427125,118005390128,114819172152,110844666863,106167359121,100885419998,95106321471,88943376813,82512093099,75926778766,69297236684,62725990199,56305793894,50117864377,44230475629,38698335719,33562303237,28849823345,24575590892,20742789930,17344391170,14364842814,11781643736,9567128424,7689991873,6116879676,4813635303,3746512187,2883026171,2192729502,1647651543,1222664521,895580925,647199275,461164305,323809531,223887685,152315429,101869149,66912524,43116476,27221395,16813915,10143677,5965407,3411990,1892958,1015272,524495,259680,122656,54761,23011,8958,3214,1021,299,65,14,1"
KpC_I?@?G@?G,"0,0,0,0,0,0,4,31,167,684,2356,7096,19092,47253,108582,234914,481881,945022,1779598,3234976,5694410,9739558,16222214,26373986,41923193,65264324,99628198,149320521,219944334,318698751,454633719,638976953,885369363,1210160254,1632543735,2174725073,2861854168,3721953209,4785531301,6085163709,7654702227,9528433092,11739855659,14320432979,17298000839,20695224690,24527828125,28802980492,33517638378,38657188039,44194260498,50087986404,56283643291,62712833187,69294220943,75934811287,82531865371,88975240501,95150344615,100941271069,106234401027,110921858871,114905202428,118098597781,120431970169,121853303134,122330691882,121853303134,120431970169,118098597781,114905202428,110921858871,106234401027,100941271069,95150344615,88975240501,82531865371,75934811287,69294220943,62712833187,56283643291,50087986404,44194260498,38657188039,33517638378,28802980492,24527828125,20695224690,17298000839,14320432979,11739855659,9528433092,7654702227,6085163709,4785531301,3721953209,2861854168,2174725073,1632543735,1210160254,885369363,638976953,454633719,318698751,219944334,149320521,99628198,65264324,41923193,26373986,16222214,9739558,5694410,3234976,1779598,945022,481881,234914,108582,47253,19092,7096,2356,684,167,31,4"
KpC_I?@?G@G?,"0,0,0,0,0,1,12,57,255,893,2846,8069,20988,50617,114425,244467,497327,968760,1815581,3287753,5770511,9846220,16369673,26572972,42187986,65609691,100072434,149881707,220644000,319556853,455672303,640215207,886826640,1211850687,1634479487,2176910922,2864289545,3724629550,4788431335,6088262043,7657962429,9531812203,11743297858,14323880050,17301380531,20698468351,24530852957,28805715704,33519998721,38659109202,44195663865,50088823327,56283849984,62712384821,69293075036,75932971595,82529314533,88972013541,95146449592,100936772346,106229330644,110916306311,114899219442,118092293752,120425409894,121846608084,122323934152,121846608084,120425409894,118092293752,114899219442,110916306311,106229330644,100936772346,95146449592,88972013541,82529314533,75932971595,69293075036,62712384821,56283849984,50088823327,44195663865,38659109202,33519998721,28805715704,24530852957,20698468351,17301380531,14323880050,11743297858,9531812203,7657962429,6088262043,4788431335,3724629550,2864289545,2176910922,1634479487,1211850687,886826640,640215207,455672303,319556853,220644000,149881707,100072434,65609691,42187986,26572972,16369673,9846220,5770511,3287753,1815581,968760,497327,244467,114425,50617,20988,8069,2846,893,255,57,12,1"
KpC_I?@?GA?@,"0,0,0,0,0,0,2,24,126,574,2002,6270,17230,43394,101016,220970,456992,902472,1709140,3121592,5517050,9468608,15818104,25783276,41078310,64076506,97990914,147098642,216983078,314808430,449608788,632573252,877339016,1200219556,1620427724,2160142906,2844570304,3701722362,4762212444,6058627192,7624979008,9495584632,11704162256,14282212906,17257840388,20653735254,24485918870,28761542752,33477864164,38620173524,44161374766,50060393082,56262724992,62699634918,69289938796,75940166434,82547665496,89001698184,95187717002,100989138316,106292385842,110988880254,114980268798,118180047498,120518325494,121942504900,122420993748,121942504900,120518325494,118180047498,114980268798,110988880254,106292385842,100989138316,95187717002,89001698184,82547665496,75940166434,69289938796,62699634918,56262724992,50060393082,44161374766,38620173524,33477864164,28761542752,24485918870,20653735254,17257840388,14282212906,11704162256,9495584632,7624979008,6058627192,4762212444,3701722362,2844570304,2160142906,1620427724,1200219556,877339016,632573252,449608788,314808430,216983078,147098642,97990914,64076506,41078310,25783276,15818104,9468608,5517050,3121592,1709140,902472,456992,220970,101016,43394,17230,6270,2002,574,126,24,2"
KpC`@@??G?_@,"0,0,0,0,0,1,14,79,343,1199,3702,10225,25882,60889,134773,282607,565723,1086822,2012681,3606535,6272679,10616982,17525683,28268806,44626166,69046865,104831336,156355167,229304902,330957389,470448939,659077037,910552028,1241261795,1670424779,2220223746,2915756173,3784930244,4858097251,6167605155,7747026739,9630304341,11850545290,14438775778,17422363427,20823499221,24657430719,28930898998,33640468861,38771243726,44295645451,50172762605,56347928936,62753011141,69307038304,75917603863,82482627327,88892832341,95034501388,100792761692,106054950802,110714240193,114673060974,117846467916,120165014000,121577262398,122051565276,121577262398,120165014000,117846467916,114673060974,110714240193,106054950802,100792761692,95034501388,88892832341,82482627327,75917603863,69307038304,62753011141,56347928936,50172762605,44295645451,38771243726,33640468861,28930898998,24657430719,20823499221,17422363427,14438775778,11850545290,9630304341,7747026739,6167605155,4858097251,3784930244,2915756173,2220223746,1670424779,1241261795,910552028,659077037,470448939,330957389,229304902,156355167,104831336,69046865,44626166,28268806,17525683,10616982,6272679,3606535,2012681,1086822,565723,282607,134773,60889,25882,10225,3702,1199,343,79,14,1"
KpC`C@??G?_@,"0,0,0,0,0,0,5,36,192,772,2600,7699,20490,50140,114323,245674,501276,978466,1835701,3325901,5838237,9960913,16555552,26864510,42631354,66265948,101020395,151220856,222496440,322069722,459018913,644593278,892458618,1218977289,1643355733,2187794325,2877433362,3740261893,4806747959,6109398117,7681985091,9558688764,11772893741,14355924481,17335476486,20734061326,24567257252,28842090820,33555397322,38692461699,44225849627,50114663719,56304199111,62726125400,69299222824,75930665817,82517926309,88951120512,95115937747,100896784934,106180353462,110859087300,114834830720,118022020126,120350790196,121769297403,122245729576,121769297403,120350790196,118022020126,114834830720,110859087300,106180353462,100896784934,95115937747,88951120512,82517926309,75930665817,69299222824,62726125400,56304199111,50114663719,44225849627,38692461699,33555397322,28842090820,24567257252,20734061326,17335476486,14355924481,11772893741,9558688764,7681985091,6109398117,4806747959,3740261893,2877433362,2187794325,1643355733,1218977289,892458618,644593278,459018913,322069722,222496440,151220856,101020395,66265948,42631354,26864510,16555552,9960913,5838237,3325901,1835701,978466,501276,245674,114323,50140,20490,7699,2600,772,192,36,5"
KpC`A?@?G?_C,"0,0,0,0,0,1,9,54,242,903,2902,8359,21783,52612,118761,253352,513986,999048,1867837,3374955,5911036,10066884,16706081,27074637,42918427,66651924,101529524,151882536,223341325,323133444,460336407,646203350,894395668,1221277470,1646045971,2190900648,2880966801,3744229401,4811135551,6114185730,7687126799,9564132282,11778557436,14361722810,17341294255,20739785198,24572746223,28847213897,33560000847,38696413137,44229000022,50116896982,56305388800,62726188908,69298072855,75928268012,82514244111,88946175914,95109750855,100889436933,106171920158,110849703704,114824620034,118011160283,120339439750,121757662388,122233986908,121757662388,120339439750,118011160283,114824620034,110849703704,106171920158,100889436933,95109750855,88946175914,82514244111,75928268012,69298072855,62726188908,56305388800,50116896982,44229000022,38696413137,33560000847,28847213897,24572746223,20739785198,17341294255,14361722810,11778557436,9564132282,7687126799,6114185730,4811135551,3744229401,2880966801,2190900648,1646045971,1221277470,894395668,646203350,460336407,323133444,223341325,151882536,101529524,66651924,42918427,27074637,16706081,10066884,5911036,3374955,1867837,999048,513986,253352,118761,52612,21783,8359,2902,903,242,54,9,1"
KpC`A?@?G?_G,"0,0,0,0,0,0,7,46,234,886,2896,8347,21840,52714,119061,253832,515012,1000574,1870499,3378801,5917085,10075169,16718216,27090582,42940354,66679782,101566107,151927266,223397668,323200186,460417235,646296024,894504070,1221397707,1646182085,2191046851,2881126708,3744395345,4811310999,6114360885,7687305409,9564302842,11778724029,14361872989,17341433134,20739899532,24572842890,28847279876,33560044838,38696422879,44228986421,50116848199,56305317897,62726084894,69297950266,75928116399,82514079121,88945987058,95109554289,100889221658,106171702118,110849471378,114824389088,118010918482,120339202422,121757416657,122233747656,121757416657,120339202422,118010918482,114824389088,110849471378,106171702118,100889221658,95109554289,88945987058,82514079121,75928116399,69297950266,62726084894,56305317897,50116848199,44228986421,38696422879,33560044838,28847279876,24572842890,20739899532,17341433134,14361872989,11778724029,9564302842,7687305409,6114360885,4811310999,3744395345,2881126708,2191046851,1646182085,1221397707,894504070,646296024,460417235,323200186,223397668,151927266,101566107,66679782,42940354,27090582,16718216,10075169,5917085,3378801,1870499,1000574,515012,253832,119061,52714,21840,8347,2896,886,234,46,7"
KpC`A?@?G?g?,"0,0,0,0,0,1,11,64,276,989,3119,8778,22611,54077,121270,257392,520474,1008765,1882341,3395784,5940494,10107091,16760504,27146017,43011099,66769224,101676355,152062006,223558554,323390692,460637615,646548992,894787960,1221713904,1646526231,2191418592,2881518417,3744805171,4811728219,6114782434,7687717882,9564702915,11779096694,14362216052,17341730928,20740152071,24573034995,28847415591,33560110479,38696426628,44228916475,50116717115,56305115666,62725828332,69297630237,75927752549,82513662580,88945539653,95109066116,100888714944,106171165278,110848926362,114823822772,118010352333,120338621290,121756841238,122233161936,121756841238,120338621290,118010352333,114823822772,110848926362,106171165278,100888714944,95109066116,88945539653,82513662580,75927752549,69297630237,62725828332,56305115666,50116717115,44228916475,38696426628,33560110479,28847415591,24573034995,20740152071,17341730928,14362216052,11779096694,9564702915,7687717882,6114782434,4811728219,3744805171,2881518417,2191418592,1646526231,1221713904,894787960,646548992,460637615,323390692,223558554,152062006,101676355,66769224,43011099,27146017,16760504,10107091,5940494,3395784,1882341,1008765,520474,257392,121270,54077,22611,8778,3119,989,276,64,11,1"
KpC`A?@?G@?C,"0,0,0,0,1,6,31,125,458,1440,4216,11181,27660,63964,140039,291065,579275,1107497,2044038,3652193,6338614,10709177,17653458,28440907,44855903,69345839,105216845,156841177,229911610,331698969,471346571,660142395,911803703,1242704583,1672070418,2222065940,2917795964,3787146153,4860476172,6170108659,7749626892,9632946648,11853189019,14441353534,17424827053,20825776432,24659473100,28932637247,33641862705,38772235344,44296210336,50172861362,56347556495,62752149295,69305703270,75915798306,82480385577,88890173270,95031471637,100789391376,106051293770,110710331329,114668955675,117842202115,120160642266,121572820312,122047106110,121572820312,120160642266,117842202115,114668955675,110710331329,106051293770,100789391376,95031471637,88890173270,82480385577,75915798306,69305703270,62752149295,56347556495,50172861362,44296210336,38772235344,33641862705,28932637247,24659473100,20825776432,17424827053,14441353534,11853189019,9632946648,7749626892,6170108659,4860476172,3787146153,2917795964,2222065940,1672070418,1242704583,911803703,660142395,471346571,331698969,229911610,156841177,105216845,69345839,44855903,28440907,17653458,10709177,6338614,3652193,2044038,1107497,579275,291065,140039,63964,27660,11181,4216,1440,458,125,31,6,1"
KpC`A?@?G@?G,"0,0,0,0,0,1,8,56,258,965,3114,8896,23063,55358,124320,263812,533114,1032190,1923760,3465810,6055313,10289069,17041511,27568261,43631765,67660654,102932307,153796024,225911237,326525226,464747412,651847984,901517520,1230126725,1656891618,2203998295,2896570197,3762549552,4832351804,6138397263,7714366394,9594312966,11811492035,14397071719,17378594747,20778405458,24611929285,28886042743,33597459103,38731365334,44260268253,50143255035,56325651811,62739216964,69302865167,75923969001,82500231270,88922058306,95075441224,100845132797,106118151004,110787288974,114754687164,117935077811,120258808936,121674228947,122149613512,121674228947,120258808936,117935077811,114754687164,110787288974,106118151004,100845132797,95075441224,88922058306,82500231270,75923969001,69302865167,62739216964,56325651811,50143255035,44260268253,38731365334,33597459103,28886042743,24611929285,20778405458,17378594747,14397071719,11811492035,9594312966,7714366394,6138397263,4832351804,3762549552,2896570197,2203998295,1656891618,1230126725,901517520,651847984,464747412,326525226,225911237,153796024,102932307,67660654,43631765,27568261,17041511,10289069,6055313,3465810,1923760,1032190,533114,263812,124320,55358,23063,8896,3114,965,258,56,8,1"
KpC`A?@?G@G?,"0,0,0,0,1,6,31,117,426,1332,3903,10370,25840,60095,132344,276625,553429,1062790,1969532,3531816,6149402,10419208,17219677,27805895,43945425,68065563,103449342,154443285,226712935,327500397,465920781,653236337,903142577,1231998591,1659024292,2206390476,2899222886,3765445921,4835476110,6141714039,7717841015,9597890947,11815120521,14400680008,17382115334,20781756833,24615035704,28888820845,33599833419,38733259365,44261616017,50143996023,56325737489,62738610921,69301542094,75921920771,82497459254,88918584779,95071293808,100840361983,106112808300,110781448899,114748420831,117928478301,120251960214,121667235302,122142565786,121667235302,120251960214,117928478301,114748420831,110781448899,106112808300,100840361983,95071293808,88918584779,82497459254,75921920771,69301542094,62738610921,56325737489,50143996023,44261616017,38733259365,33599833419,28888820845,24615035704,20781756833,17382115334,14400680008,11815120521,9597890947,7717841015,6141714039,4835476110,3765445921,2899222886,2206390476,1659024292,1231998591,903142577,653236337,465920781,327500397,226712935,154443285,103449342,68065563,43945425,27805895,17219677,10419208,6149402,3531816,1969532,1062790,553429,276625,132344,60095,25840,10370,3903,1332,426,117,31,6,1"
KpC`A?@?GA?@,"0,0,0,0,0,1,7,44,210,823,2700,7955,20971,51128,116115,248924,506638,987500,1849883,3348063,5871356,10010074,16625763,26964019,42768005,66451864,101266838,151544284,222911159,322596128,459673475,645398776,893431118,1220139238,1644719123,2189377298,2879239617,3742300373,4809009007,6111877326,7684655645,9561529720,11775858812,14358975138,17338547737,20737099616,24570182929,28844839871,33557882175,38694616569,44227588092,50115927646,56304913136,62726248140,69298699559,75929480664,82516051811,88948570802,95112716617,100892938787,106175917236,110854137388,114829428764,118016266519,120344767138,121763121078,122239492548,121763121078,120344767138,118016266519,114829428764,110854137388,106175917236,100892938787,95112716617,88948570802,82516051811,75929480664,69298699559,62726248140,56304913136,50115927646,44227588092,38694616569,33557882175,28844839871,24570182929,20737099616,17338547737,14358975138,11775858812,9561529720,7684655645,6111877326,4809009007,3742300373,2879239617,2189377298,1644719123,1220139238,893431118,645398776,459673475,322596128,222911159,151544284,101266838,66451864,42768005,26964019,16625763,10010074,5871356,3348063,1849883,987500,506638,248924,116115,51128,20971,7955,2700,823,210,44,7,1"
KpC`A?@?GA?G,"0,0,0,0,0,0,8,60,292,1078,3444,9724,24936,59232,131968,277986,558310,1075344,1995304,3580712,6235200,10563556,17450934,28165892,44486992,68861060,104587610,156039382,228902112,330449482,469818322,658302578,909614996,1240140250,1669101556,2218679334,2913979810,3782908998,4855831368,6165093788,7744286404,9627350742,11847415530,14435504460,17419010080,20820118672,24654103746,28927696606,33637487978,38768564426,44293371514,50170972752,56346721432,62752450120,69307204248,75918534064,82484371728,88895390030,95037882476,100796921328,106059856274,110719802680,114679207304,117853071786,120171971366,121584421718,122058805168,121584421718,120171971366,117853071786,114679207304,110719802680,106059856274,100796921328,95037882476,88895390030,82484371728,75918534064,69307204248,62752450120,56346721432,50170972752,44293371514,38768564426,33637487978,28927696606,24654103746,20820118672,17419010080,14435504460,11847415530,9627350742,7744286404,6165093788,4855831368,3782908998,2913979810,2218679334,1669101556,1240140250,909614996,658302578,469818322,330449482,228902112,156039382,104587610,68861060,44486992,28165892,17450934,10563556,6235200,3580712,1995304,1075344,558310,277986,131968,59232,24936,9724,3444,1078,292,60,8"
KpCc?D??G?_@,"0,0,0,0,0,0,2,24,136,592,2082,6415,17551,43958,102043,222579,459722,906476,1715275,3130339,5529632,9485575,15841388,25813483,41117816,64126013,98053093,147173760,217074049,314914814,449732906,632713516,877497091,1200392104,1620615462,2160340536,2844776870,3701931259,4762421508,6058828351,7625169398,9495755917,11704311670,14282332982,17257929141,20653787091,24485933279,28761517415,33477800616,38620072787,44161240382,50060229026,56262536122,62699428214,69289719068,75939941535,82547439092,89001478966,95187505907,100988942376,106292202865,110988715306,114980116748,118179911540,120518197029,121942385731,122420874086,121942385731,120518197029,118179911540,114980116748,110988715306,106292202865,100988942376,95187505907,89001478966,82547439092,75939941535,69289719068,62699428214,56262536122,50060229026,44161240382,38620072787,33477800616,28761517415,24485933279,20653787091,17257929141,14282332982,11704311670,9495755917,7625169398,6058828351,4762421508,3701931259,2844776870,2160340536,1620615462,1200392104,877497091,632713516,449732906,314914814,217074049,147173760,98053093,64126013,41117816,25813483,15841388,9485575,5529632,3130339,1715275,906476,459722,222579,102043,43958,17551,6415,2082,592,136,24,2"
KpCcC@??G?_@,"0,0,0,0,0,1,8,47,215,829,2708,7917,20860,50807,115369,247391,503853,982386,1841289,3333993,5849283,9976126,16575569,26890946,42664892,66308677,101072838,151285365,222573134,322161141,459124283,644714959,892594632,1219129707,1643520981,2187973914,2877621709,3740460270,4806948829,6109602517,7682183711,9558883093,11773073152,14356091436,17335619453,20734184583,24567348911,28842157564,33555427383,38692464596,44225813947,50114601497,56304099202,62726002699,69299066072,75930491671,82517723049,88950906573,95115700414,100896543006,106180093028,110858827543,114834556634,118021750688,120350509188,121769023814,122245446628,121769023814,120350509188,118021750688,114834556634,110858827543,106180093028,100896543006,95115700414,88950906573,82517723049,75930491671,69299066072,62726002699,56304099202,50114601497,44225813947,38692464596,33555427383,28842157564,24567348911,20734184583,17335619453,14356091436,11773073152,9558883093,7682183711,6109602517,4806948829,3740460270,2877621709,2187973914,1643520981,1219129707,892594632,644714959,459124283,322161141,222573134,151285365,101072838,66308677,42664892,26890946,16575569,9976126,5849283,3333993,1841289,982386,503853,247391,115369,50807,20860,7917,2708,829,215,47,8,1"
KpCcA?@?G?_C,"0,0,0,0,0,0,2,25,153,658,2306,7007,18985,47027,108323,234463,481391,944114,1778773,3233455,5693112,9737199,16220388,26370525,41920979,65259681,99625685,149314769,219942109,318691999,454632595,638969537,885370114,1210152778,1632547625,2174717825,2861862256,3721946590,4785544467,6085157816,7654720983,9528427279,11739880269,14320426595,17298030680,20695216527,24527862412,28802968859,33517675952,38657171494,44194300082,50087963540,56283683501,62712803127,69294261081,75934773522,82531904343,88975195247,95150382542,100941219147,106234437558,110921801405,114905238050,118098536563,120432005014,121853239907,122330726512,121853239907,120432005014,118098536563,114905238050,110921801405,106234437558,100941219147,95150382542,88975195247,82531904343,75934773522,69294261081,62712803127,56283683501,50087963540,44194300082,38657171494,33517675952,28802968859,24527862412,20695216527,17298030680,14320426595,11739880269,9528427279,7654720983,6085157816,4785544467,3721946590,2861862256,2174717825,1632547625,1210152778,885370114,638969537,454632595,318691999,219942109,149314769,99625685,65259681,41920979,26370525,16220388,9737199,5693112,3233455,1778773,944114,481391,234463,108323,47027,18985,7007,2306,658,153,25,2"
KpCcA?@?G?_G,"0,0,0,0,0,1,8,45,203,777,2542,7471,19778,48457,110555,238109,486823,952460,1790427,3250529,5716003,9769068,16261527,26425594,41989368,65348121,99731940,149447463,220096454,318879069,454842991,639217393,885639954,1210461811,1632872779,2175080700,2862229731,3722346274,4785932217,6085568851,7655099377,9528818343,11740215098,14320763884,17298288527,20695468745,24528014187,28803112166,33517702521,38657192634,44194193963,50087861239,56283449316,62712587309,69293913588,75934462541,82531465465,88974811933,95149876260,100940786120,106233886486,110921337847,114904660086,118098056992,120431413982,121852753810,122330131508,121852753810,120431413982,118098056992,114904660086,110921337847,106233886486,100940786120,95149876260,88974811933,82531465465,75934462541,69293913588,62712587309,56283449316,50087861239,44194193963,38657192634,33517702521,28803112166,24528014187,20695468745,17298288527,14320763884,11740215098,9528818343,7655099377,6085568851,4785932217,3722346274,2862229731,2175080700,1632872779,1210461811,885639954,639217393,454842991,318879069,220096454,149447463,99731940,65348121,41989368,26425594,16261527,9769068,5716003,3250529,1790427,952460,486823,238109,110555,48457,19778,7471,2542,777,203,45,8,1"
KpCcA?@?G?g?,"0,0,0,0,0,0,2,25,151,648,2277,6920,18771,46572,107392,232705,478259,938715,1769821,3219216,5671010,9703844,16171343,26300069,41821899,65123315,99441460,149070455,219623834,318284383,454118803,638332247,884591666,1209216236,1631437589,2173421245,2860369510,3720253128,4783651145,6083072348,7652458532,9526011014,11737341751,14317805887,17295375379,20692581196,24525307776,28800560097,33515480688,38655258021,44192734783,50086808757,56282995899,62712630883,69294642271,75935734557,82533458872,88977343246,95153109949,100944497410,106238224730,110926042915,114909868298,118103479861,120437177930,121858552765,122336086392,121858552765,120437177930,118103479861,114909868298,110926042915,106238224730,100944497410,95153109949,88977343246,82533458872,75935734557,69294642271,62712630883,56282995899,50086808757,44192734783,38655258021,33515480688,28800560097,24525307776,20692581196,17295375379,14317805887,11737341751,9526011014,7652458532,6083072348,4783651145,3720253128,2860369510,2173421245,1631437589,1209216236,884591666,638332247,454118803,318284383,219623834,149070455,99441460,65123315,41821899,26300069,16171343,9703844,5671010,3219216,1769821,938715,478259,232705,107392,46572,18771,6920,2277,648,151,25,2"
KpCcA?@?G@?C,"0,0,0,0,0,1,12,68,302,1081,3381,9461,24191,57421,127953,269994,543142,1048031,1948084,3502229,6108363,10364966,17147456,27713705,43827411,67919638,103268808,154227228,226454092,327199704,465571824,652842774,902699364,1231513715,1658494480,2205828291,2898627955,3764835144,4834851206,6141095935,7717232363,9597315255,11814580529,14400199219,17381694584,20781418571,24614777097,28888660557,33599764315,38733295679,44261745820,50144228932,56326057381,62739023250,69302028017,75922482756,82498077347,88919260219,95072007501,100841115308,106113584012,110782250048,114749232486,117929304611,120252788770,121668071965,122143399328,121668071965,120252788770,117929304611,114749232486,110782250048,106113584012,100841115308,95072007501,88919260219,82498077347,75922482756,69302028017,62739023250,56326057381,50144228932,44261745820,38733295679,33599764315,28888660557,24614777097,20781418571,17381694584,14400199219,11814580529,9597315255,7717232363,6141095935,4834851206,3764835144,2898627955,2205828291,1658494480,1231513715,902699364,652842774,465571824,327199704,226454092,154227228,103268808,67919638,43827411,27713705,17147456,10364966,6108363,3502229,1948084,1048031,543142,269994,127953,57421,24191,9461,3381,1081,302,68,12,1"
KpCcA?@?G@?G,"0,0,0,0,0,0,4,38,196,782,2643,7783,20660,50491,114961,246720,503072,981265,1840052,3332347,5847698,9974125,16574047,26889276,42664310,66308400,101074689,151288050,222579109,322168356,459135570,644727546,892611598,1219146556,1643541046,2187991096,2877639286,3740470260,4806954586,6109594304,7682165785,9558844555,11773019212,14356011090,17335520295,20734056393,24567202754,28841984966,33555242864,38692262039,44225611665,50114395441,56303910374,62725827648,69298927000,75930384941,82517669749,88950899469,95115757375,100896652739,106180268750,110859052362,114834838262,118022067176,120350864200,121769391626,122245828028,121769391626,120350864200,118022067176,114834838262,110859052362,106180268750,100896652739,95115757375,88950899469,82517669749,75930384941,69298927000,62725827648,56303910374,50114395441,44225611665,38692262039,33555242864,28841984966,24567202754,20734056393,17335520295,14356011090,11773019212,9558844555,7682165785,6109594304,4806954586,3740470260,2877639286,2187991096,1643541046,1219146556,892611598,644727546,459135570,322168356,222579109,151288050,101074689,66308400,42664310,26889276,16574047,9974125,5847698,3332347,1840052,981265,503072,246720,114961,50491,20660,7783,2643,782,196,38,4"
KpCcA?@?G@G?,"0,0,0,0,0,1,10,54,242,893,2862,8224,21453,51860,117190,250328,508548,989512,1851966,3349392,5871143,10006175,16616399,26944805,42735101,66397924,101184933,151422864,222739865,322358796,459355762,644980348,892895090,1219462467,1643884666,2188362411,2878030371,3740879616,4807371178,6110015439,7682577704,9559244384,11773391679,14356354207,17335818151,20734309408,24567395529,28842121583,33555309477,38692267044,44225543137,50114265777,56303709615,62725572432,69298608313,75930022127,82517254096,88950452424,95115269530,100896145659,106179731350,110858506258,114834270896,118021499213,120350281386,121768814131,122245240536,121768814131,120350281386,118021499213,114834270896,110858506258,106179731350,100896145659,95115269530,88950452424,82517254096,75930022127,69298608313,62725572432,56303709615,50114265777,44225543137,38692267044,33555309477,28842121583,24567395529,20734309408,17335818151,14356354207,11773391679,9559244384,7682577704,6110015439,4807371178,3740879616,2878030371,2188362411,1643884666,1219462467,892895090,644980348,459355762,322358796,222739865,151422864,101184933,66397924,42735101,26944805,16616399,10006175,5871143,3349392,1851966,989512,508548,250328,117190,51860,21453,8224,2862,893,242,54,10,1"
KpCcA?@?GA?@,"0,0,0,0,0,0,2,25,149,642,2254,6877,18679,46399,107093,232217,477455,937538,1768043,3216663,5667432,9699023,16164834,26291719,41811173,65110071,99425191,149051213,219601103,318258515,454089623,638300567,884557576,1209181138,1631401841,2173386927,2860337538,3720225738,4783629449,6083059024,7652454547,9526018711,11737361621,14317839529,17295422464,20692642325,24525381502,28800645425,33515575184,38655359002,44192838776,50086912384,56283094945,62712720971,69294719921,75935795684,82533500983,88977362963,95153106358,100944469045,106238173288,110925968357,114909774318,118103368631,120437055010,121858421357,122335953268,121858421357,120437055010,118103368631,114909774318,110925968357,106238173288,100944469045,95153106358,88977362963,82533500983,75935795684,69294719921,62712720971,56283094945,50086912384,44192838776,38655359002,33515575184,28800645425,24525381502,20692642325,17295422464,14317839529,11737361621,9526018711,7652454547,6083059024,4783629449,3720225738,2860337538,2173386927,1631401841,1209181138,884557576,638300567,454089623,318258515,219601103,149051213,99425191,65110071,41811173,26291719,16164834,9699023,5667432,3216663,1768043,937538,477455,232217,107093,46399,18679,6877,2254,642,149,25,2"
KpCcA?@?GA?G,"0,0,0,0,0,1,10,60,268,987,3137,8925,23059,55261,123973,263066,531438,1029111,1918136,3456489,6039939,10265302,17005018,27514935,43554587,67552926,102783524,153596760,225647094,326184168,464311704,651303846,900845468,1229314021,1655919316,2202857667,2895246825,3761042822,4830655858,6136524013,7712321917,9592124481,11809180439,14394680755,17376159482,20775984739,24609569683,28883814225,33595414701,38729578705,44258790796,50142156196,56324973329,62739015760,69303165661,75924808142,82501610395,88923990395,95077901213,100848107210,106121588844,110791152576,114758903406,117939589773,120263526642,121679082439,122154504096,121679082439,120263526642,117939589773,114758903406,110791152576,106121588844,100848107210,95077901213,88923990395,82501610395,75924808142,69303165661,62739015760,56324973329,50142156196,44258790796,38729578705,33595414701,28883814225,24609569683,20775984739,17376159482,14394680755,11809180439,9592124481,7712321917,6136524013,4830655858,3761042822,2895246825,2202857667,1655919316,1229314021,900845468,651303846,464311704,326184168,225647094,153596760,102783524,67552926,43554587,27514935,17005018,10265302,6039939,3456489,1918136,1029111,531438,263066,123973,55261,23059,8925,3137,987,268,60,10,1"
KpCcA?@?GAG?,"0,0,0,0,0,0,2,26,158,680,2382,7224,19528,48270,110978,239754,491412,962246,1810364,3286578,5779828,9874642,16432822,26690966,42393888,65942772,100593394,150659702,221778522,321156190,457885246,643193564,890771354,1216953740,1640984348,2185028912,2874281766,3736687610,4802788080,6105032482,7677288864,9553662546,11767656760,14350498454,17330025202,20728623358,24562036340,28837131944,33550933294,38688528930,44222694232,50112295342,56302859748,62725780760,69300093450,75932658494,82521226022,88955565914,95121669524,100903570588,106188287254,110867872344,114844519780,118032263946,120361610290,121780310702,122256940308,121780310702,120361610290,118032263946,114844519780,110867872344,106188287254,100903570588,95121669524,88955565914,82521226022,75932658494,69300093450,62725780760,56302859748,50112295342,44222694232,38688528930,33550933294,28837131944,24562036340,20728623358,17330025202,14350498454,11767656760,9553662546,7677288864,6105032482,4802788080,3736687610,2874281766,2185028912,1640984348,1216953740,890771354,643193564,457885246,321156190,221778522,150659702,100593394,65942772,42393888,26690966,16432822,9874642,5779828,3286578,1810364,962246,491412,239754,110978,48270,19528,7224,2382,680,158,26,2"
KpCa?C@?GAG?,"0,0,0,0,0,1,9,52,227,845,2719,7847,20553,49922,113199,242668,494387,964550,1809335,3279125,5758272,9830124,16347854,26545141,42151994,65565086,100016726,149815058,220563507,319463270,455563138,640091860,886687046,1211697928,1634311851,2176732766,2864100575,3724435155,4788232159,6088064650,7657767774,9531627492,11743124813,14323725110,17301245365,20698358612,24530769615,28805662537,33519976145,38659118729,44195705164,50088895554,56283952233,62712514296,69293230680,75933148506,82529512381,88972226284,95146678066,100937009669,106229578593,110916558400,114899478859,118092553529,120425674540,121846870990,122324200262,121846870990,120425674540,118092553529,114899478859,110916558400,106229578593,100937009669,95146678066,88972226284,82529512381,75933148506,69293230680,62712514296,56283952233,50088895554,44195705164,38659118729,33519976145,28805662537,24530769615,20698358612,17301245365,14323725110,11743124813,9531627492,7657767774,6088064650,4788232159,3724435155,2864100575,2176732766,1634311851,1211697928,886687046,640091860,455563138,319463270,220563507,149815058,100016726,65565086,42151994,26545141,16347854,9830124,5758272,3279125,1809335,964550,494387,242668,113199,49922,20553,7847,2719,845,227,52,9,1"
KpCa?C@?GC?@,"0,0,0,0,0,0,2,24,142,610,2148,6575,17921,44712,103531,225233,464390,914212,1727811,3149863,5559408,9529513,15905106,25903445,41242622,64295367,98279219,147469782,217455819,315398350,450336548,633454916,878394997,1201462594,1621874482,2161799176,2846443860,3703808227,4764505592,6061107579,7627626018,9498361601,11707031422,14285121926,17260736155,20656552695,24488594099,28764004841,33480045036,38622004231,44162791666,50061337650,56263146212,62699493040,69289201842,75938819109,82545699588,88999126136,95184555739,100985427474,106288166291,110984215644,114975220166,118174697504,120512749067,121936796651,122415236174,121936796651,120512749067,118174697504,114975220166,110984215644,106288166291,100985427474,95184555739,88999126136,82545699588,75938819109,69289201842,62699493040,56263146212,50061337650,44162791666,38622004231,33480045036,28764004841,24488594099,20656552695,17260736155,14285121926,11707031422,9498361601,7627626018,6061107579,4764505592,3703808227,2846443860,2161799176,1621874482,1201462594,878394997,633454916,450336548,315398350,217455819,147469782,98279219,64295367,41242622,25903445,15905106,9529513,5559408,3149863,1727811,914212,464390,225233,103531,44712,17921,6575,2148,610,142,24,2"
KpCa?C@?GC?O,"0,0,0,0,0,1,10,57,257,941,3006,8563,22210,53377,120111,255539,517597,1004484,1876083,3386887,5928151,10090358,16738235,27117004,42973924,66722495,101618560,151991747,223474420,323291593,460522625,646417679,894640152,1221550105,1646347373,2191226420,2881315113,3744593692,4811511891,6114565257,7687504093,9564497123,11778903416,14362039906,17341576155,20740022743,24572934479,28847346574,33560074935,38696425764,44228950651,50116785955,56305217992,62725962213,69297793438,75927942279,82513875855,88945773175,95109316862,100888979812,106171441702,110849211683,114824114888,118010649168,120338921432,121757143162,122233464588,121757143162,120338921432,118010649168,114824114888,110849211683,106171441702,100888979812,95109316862,88945773175,82513875855,75927942279,69297793438,62725962213,56305217992,50116785955,44228950651,38696425764,33560074935,28847346574,24572934479,20740022743,17341576155,14362039906,11778903416,9564497123,7687504093,6114565257,4811511891,3744593692,2881315113,2191226420,1646347373,1221550105,894640152,646417679,460522625,323291593,223474420,151991747,101618560,66722495,42973924,27117004,16738235,10090358,5928151,3386887,1876083,1004484,517597,255539,120111,53377,22210,8563,3006,941,257,57,10,1"
KpCa?C@?GCG?,"0,0,0,0,0,0,4,35,181,730,2467,7324,19567,48096,110050,237339,485791,950937,1788523,3247878,5712760,9764812,16256499,26419211,41982189,65339247,99722252,149435991,220084406,318865153,454829049,639201627,885624848,1210445278,1632857809,2175064537,2862216350,3722331960,4785921763,6085557752,7655093016,9528811168,11740213693,14320761271,17298292257,20695470630,24528022626,28803117775,33517715048,38657201141,44194209365,50087871521,56283466473,62712598247,69293931549,75934473119,82531483210,88974821688,95149893473,100940794756,106233902836,110921345221,114904675604,118098063563,120431429014,121852759833,122330146308,121852759833,120431429014,118098063563,114904675604,110921345221,106233902836,100940794756,95149893473,88974821688,82531483210,75934473119,69293931549,62712598247,56283466473,50087871521,44194209365,38657201141,33517715048,28803117775,24528022626,20695470630,17298292257,14320761271,11740213693,9528811168,7655093016,6085557752,4785921763,3722331960,2862216350,2175064537,1632857809,1210445278,885624848,639201627,454829049,318865153,220084406,149435991,99722252,65339247,41982189,26419211,16256499,9764812,5712760,3247878,1788523,950937,485791,237339,110050,48096,19567,7324,2467,730,181,35,4"
KpCa?C@?I??@,"0,0,0,0,0,0,2,24,144,622,2180,6645,18087,45018,104071,226185,465938,916610,1731503,3155301,5567212,9540479,15920094,25923493,41268984,64329213,98321967,147522820,217520451,315475834,450427966,633560818,878515887,1201598468,1622024734,2161962588,2846618824,3703992285,4764695994,6061300883,7627818278,9498548773,11707209446,14285286288,17260882867,20656677869,24488694233,28764077233,33480087644,38622015663,44162771420,50061285740,56263063486,62699381290,69289063048,75938655553,82545514086,88998921934,95184335613,100985194162,106287922179,110983963248,114974961586,118174434584,120512483063,121936529057,122414967998,121936529057,120512483063,118174434584,114974961586,110983963248,106287922179,100985194162,95184335613,88998921934,82545514086,75938655553,69289063048,62699381290,56263063486,50061285740,44162771420,38622015663,33480087644,28764077233,24488694233,20656677869,17260882867,14285286288,11707209446,9498548773,7627818278,6061300883,4764695994,3703992285,2846618824,2161962588,1622024734,1201598468,878515887,633560818,450427966,315475834,217520451,147522820,98321967,64329213,41268984,25923493,15920094,9540479,5567212,3155301,1731503,916610,465938,226185,104071,45018,18087,6645,2180,622,144,24,2"
KpCa?C@?I?G?,"0,0,0,0,0,1,11,64,278,1001,3151,8848,22777,54383,121810,258344,522022,1011163,1886033,3401222,5948298,10118057,16775492,27166065,43037461,66803070,101719103,152115044,223623186,323468176,460729033,646654894,894908850,1221849778,1646676483,2191582004,2881693381,3744989229,4811918621,6114975738,7687910142,9564890087,11779274718,14362380414,17341877640,20740277245,24573135129,28847487983,33560153087,38696438060,44228896229,50116665205,56305032940,62725716582,69297491443,75927588993,82513477078,88945335451,95108845990,100888481632,106170921166,110848673966,114823564192,118010089413,120338355286,121756573644,122232893760,121756573644,120338355286,118010089413,114823564192,110848673966,106170921166,100888481632,95108845990,88945335451,82513477078,75927588993,69297491443,62725716582,56305032940,50116665205,44228896229,38696438060,33560153087,28847487983,24573135129,20740277245,17341877640,14362380414,11779274718,9564890087,7687910142,6114975738,4811918621,3744989229,2881693381,2191582004,1646676483,1221849778,894908850,646654894,460729033,323468176,223623186,152115044,101719103,66803070,43037461,27166065,16775492,10118057,5948298,3401222,1886033,1011163,522022,258344,121810,54383,22777,8848,3151,1001,278,64,11,1"
KpCa?C@?OA?G,"0,0,0,0,1,6,34,142,525,1638,4744,12402,30308,69271,150164,309449,611390,1161585,2132473,3792574,6556011,11037736,18139336,29144541,45855542,70739711,107127084,159415228,233325102,336155430,477078137,667405830,920877806,1253881544,1685647926,2238333342,2937021194,3809556259,4886240444,6199315929,7782266866,9668888194,11892164295,14482941730,17468446622,20870679980,24704752587,28977234679,33684591599,38811808982,44331279413,50202058171,56369544701,62765677964,69309660809,75909267496,82462691297,88860927103,94990602825,100737170359,105988337359,110637599734,114587727373,117754042502,120067351623,121476378329,121949600472,121476378329,120067351623,117754042502,114587727373,110637599734,105988337359,100737170359,94990602825,88860927103,82462691297,75909267496,69309660809,62765677964,56369544701,50202058171,44331279413,38811808982,33684591599,28977234679,24704752587,20870679980,17468446622,14482941730,11892164295,9668888194,7782266866,6199315929,4886240444,3809556259,2937021194,2238333342,1685647926,1253881544,920877806,667405830,477078137,336155430,233325102,159415228,107127084,70739711,45855542,29144541,18139336,11037736,6556011,3792574,2132473,1161585,611390,309449,150164,69271,30308,12402,4744,1638,525,142,34,6,1"
KpCa?C@?OA?O,"0,0,0,0,0,1,10,62,272,1003,3184,9031,23304,55764,124937,264821,534576,1034346,1926759,3470041,6060871,10296550,17050957,27580388,43646551,67678887,102953586,153821328,225939576,326557594,464782156,651885892,901556047,1230166809,1656929516,2204034979,2896600921,3762575693,4832367698,6138405134,7714359690,9594295313,11811456825,14397024183,17378528284,20778327883,24611833948,28885940142,33597342973,38731248533,44260144597,50143139403,56325537357,62739120328,69302778205,75923908380,82500186834,88922046844,95075449703,100845176563,106118214135,110787385272,114754798062,117935215477,120258952201,121674389112,122149768350,121674389112,120258952201,117935215477,114754798062,110787385272,106118214135,100845176563,95075449703,88922046844,82500186834,75923908380,69302778205,62739120328,56325537357,50143139403,44260144597,38731248533,33597342973,28885940142,24611833948,20778327883,17378528284,14397024183,11811456825,9594295313,7714359690,6138405134,4832367698,3762575693,2896600921,2204034979,1656929516,1230166809,901556047,651885892,464782156,326557594,225939576,153821328,102953586,67678887,43646551,27580388,17050957,10296550,6060871,3470041,1926759,1034346,534576,264821,124937,55764,23304,9031,3184,1003,272,62,10,1"
KpCa?C@?OAG?,"0,0,0,0,1,6,32,124,450,1400,4080,10746,26615,61560,134988,281184,560993,1074880,1988440,3560412,6191671,10480264,17306004,27925442,44108051,68282528,103734128,154810880,227179988,328084598,466640928,654110804,904189669,1233234708,1660463364,2208042542,2901093730,3767534802,4837776052,6144209838,7720509412,9600700096,11818030236,14403641234,17385072172,20784646700,24617791132,28891371216,33602107043,38735185460,44263127218,50145030338,56326240406,62738537908,69300859186,75920606736,82495506170,88915999130,95068095614,100836585532,106108500407,110776669452,114743239604,117922974838,120246220772,121661352482,122136634540,121661352482,120246220772,117922974838,114743239604,110776669452,106108500407,100836585532,95068095614,88915999130,82495506170,75920606736,69300859186,62738537908,56326240406,50145030338,44263127218,38735185460,33602107043,28891371216,24617791132,20784646700,17385072172,14403641234,11818030236,9600700096,7720509412,6144209838,4837776052,3767534802,2901093730,2208042542,1660463364,1233234708,904189669,654110804,466640928,328084598,227179988,154810880,103734128,68282528,44108051,27925442,17306004,10480264,6191671,3560412,1988440,1074880,560993,281184,134988,61560,26615,10746,4080,1400,450,124,32,6,1"
KpCa?C@?OC?@,"0,0,0,0,0,1,7,42,190,743,2462,7316,19466,47920,109632,236637,484466,948952,1785190,3243086,5705480,9754787,16242237,26400444,41956767,65307073,99680631,149385038,220021042,318790162,454739041,639098584,885505333,1210312600,1632708867,2174904554,2862042401,3722151456,4785732009,6085367993,7654900763,9528627321,11740034970,14320599920,17298143876,20695348025,24527919862,28803047418,33517668731,38657191236,44194225080,50087924504,56283543782,62712710830,69294064463,75934637407,82531662361,88975026686,95150107288,100941029103,106234140519,110921598864,114904927988,118098327975,120431688811,121853029079,122330408390,121853029079,120431688811,118098327975,114904927988,110921598864,106234140519,100941029103,95150107288,88975026686,82531662361,75934637407,69294064463,62712710830,56283543782,50087924504,44194225080,38657191236,33517668731,28803047418,24527919862,20695348025,17298143876,14320599920,11740034970,9528627321,7654900763,6085367993,4785732009,3722151456,2862042401,2174904554,1632708867,1210312600,885505333,639098584,454739041,318790162,220021042,149385038,99680631,65307073,41956767,26400444,16242237,9754787,5705480,3243086,1785190,948952,484466,236637,109632,47920,19466,7316,2462,743,190,42,7,1"
KpCa?C@?OC?O,"0,0,0,0,0,0,5,45,227,884,2936,8508,22309,53941,121792,259473,525985,1020724,1905930,3438784,6015361,10231192,16959604,27454437,43476723,67453021,102659130,153442205,225460513,325959477,464048090,650995679,900493946,1228914167,1655475618,2202366830,2894716814,3760472599,4830057490,6135898283,7711685096,9591479065,11808545754,14394060366,17375575214,20775439767,24609086876,28883395215,33595081630,38729330701,44258648519,50142115021,56325051268,62739204007,69303478715,75925232785,82502157440,88924642125,95078665031,100848961773,106122538394,110792172387,114759995032,117940725899,120264707026,121680278480,122155714716,121680278480,120264707026,117940725899,114759995032,110792172387,106122538394,100848961773,95078665031,88924642125,82502157440,75925232785,69303478715,62739204007,56325051268,50142115021,44258648519,38729330701,33595081630,28883395215,24609086876,20775439767,17375575214,14394060366,11808545754,9591479065,7711685096,6135898283,4830057490,3760472599,2894716814,2202366830,1655475618,1228914167,900493946,650995679,464048090,325959477,225460513,153442205,102659130,67453021,43476723,27454437,16959604,10231192,6015361,3438784,1905930,1020724,525985,259473,121792,53941,22309,8508,2936,884,227,45,5"
KpCa?C@?OCG?,"0,0,0,0,0,1,8,48,222,851,2768,8036,21113,51260,116202,248724,506092,985772,1846566,3341584,5860385,9991367,16596785,26918921,42702129,66355914,101133193,151359276,222664049,322268482,459251456,644859944,892760262,1219311521,1643720716,2188184337,2877843363,3740682748,4807171524,6109812475,7682380040,9559051138,11773212861,14356187921,17335675229,20734186324,24567303253,28842054353,33555278261,38692263108,44225577065,50114326607,56303807381,62725693472,69298762887,75930194597,82517455166,88950665036,95115505018,100896386605,106179990398,110858765438,114834543932,118021768575,120350561678,121769087761,122245522936,121769087761,120350561678,118021768575,114834543932,110858765438,106179990398,100896386605,95115505018,88950665036,82517455166,75930194597,69298762887,62725693472,56303807381,50114326607,44225577065,38692263108,33555278261,28842054353,24567303253,20734186324,17335675229,14356187921,11773212861,9559051138,7682380040,6109812475,4807171524,3740682748,2877843363,2188184337,1643720716,1219311521,892760262,644859944,459251456,322268482,222664049,151359276,101133193,66355914,42702129,26918921,16596785,9991367,5860385,3341584,1846566,985772,506092,248724,116202,51260,21113,8036,2768,851,222,48,8,1"
KpCa?C@?Q??@,"0,0,0,0,0,1,9,52,228,853,2739,7896,20677,50147,113622,243402,495636,966487,1812361,3283624,5764862,9839363,16360716,26562379,42174913,65594636,100054435,149861900,220621152,319532512,455645383,640187360,886796812,1211821344,1634449197,2176882312,2864261439,3724604527,4788408103,6088243272,7657946290,9531801235,11743290616,14323878220,17301382576,20698475571,24530863629,28805730631,33520016689,38659130202,44195687189,50088848141,56283876220,62712411394,69293102497,75932997847,82529341244,88972038421,95146475180,100936795408,106229354154,110916327102,114899241390,118092313009,120425430700,121846626508,122323954504,121846626508,120425430700,118092313009,114899241390,110916327102,106229354154,100936795408,95146475180,88972038421,82529341244,75932997847,69293102497,62712411394,56283876220,50088848141,44195687189,38659130202,33520016689,28805730631,24530863629,20698475571,17301382576,14323878220,11743290616,9531801235,7657946290,6088243272,4788408103,3724604527,2864261439,2176882312,1634449197,1211821344,886796812,640187360,455645383,319532512,220621152,149861900,100054435,65594636,42174913,26562379,16360716,9839363,5764862,3283624,1812361,966487,495636,243402,113622,50147,20677,7896,2739,853,228,52,9,1"
KpCa?C@?Q?G?,"0,0,0,0,1,6,32,124,447,1392,4048,10655,26407,61101,134043,279430,557854,1069469,1979482,3546151,6169549,10446907,17256934,27854956,44008962,68146138,103549885,154566582,226861701,327676980,466127189,653473552,903411275,1232298264,1659353402,2206746060,2899601154,3765841458,4835882840,6142124520,7718247064,9598283911,11815491823,14401020516,17382416819,20782011335,24615236354,28888962254,33599911571,38733271661,44261561595,50143875273,56325552437,62738365290,69301240099,75921567485,82497060477,88918147055,95070822936,100839863803,106112287764,110780911182,114747870135,117927918546,120251394068,121666665784,122141994958,121666665784,120251394068,117927918546,114747870135,110780911182,106112287764,100839863803,95070822936,88918147055,82497060477,75921567485,69301240099,62738365290,56325552437,50143875273,44261561595,38733271661,33599911571,28888962254,24615236354,20782011335,17382416819,14401020516,11815491823,9598283911,7718247064,6142124520,4835882840,3765841458,2899601154,2206746060,1659353402,1232298264,903411275,653473552,466127189,327676980,226861701,154566582,103549885,68146138,44008962,27854956,17256934,10446907,6169549,3546151,1979482,1069469,557854,279430,134043,61101,26407,10655,4048,1392,447,124,32,6,1"
KpCa?C@?_?_O,"0,0,0,0,0,0,2,27,167,710,2472,7463,20069,49399,113209,243849,498609,974446,1830243,3317953,5828020,9946751,16538074,26841293,42603977,66230779,100980755,151171713,222443565,322006175,458954257,644517921,892387034,1218896456,1643286139,2187718123,2877378558,3740203924,4806723133,6109373258,7682005729,9558710593,11772972163,14356001601,17335618118,20734194119,24567458386,28842269377,33555642702,38692665168,44226113712,50114862184,56304449153,62726284207,69299423579,75930751920,82518047433,88951108465,95115959106,100896662989,106180270556,110858861045,114834656630,118021712055,120350553836,121768944717,122245471200,121768944717,120350553836,118021712055,114834656630,110858861045,106180270556,100896662989,95115959106,88951108465,82518047433,75930751920,69299423579,62726284207,56304449153,50114862184,44226113712,38692665168,33555642702,28842269377,24567458386,20734194119,17335618118,14356001601,11772972163,9558710593,7682005729,6109373258,4806723133,3740203924,2877378558,2187718123,1643286139,1218896456,892387034,644517921,458954257,322006175,222443565,151171713,100980755,66230779,42603977,26841293,16538074,9946751,5828020,3317953,1830243,974446,498609,243849,113209,49399,20069,7463,2472,710,167,27,2"
KpCa?C@?_?g?,"0,0,0,0,0,1,7,42,187,733,2421,7211,19205,47374,108529,234624,480831,942858,1775149,3227265,5681032,9718386,16188832,26324499,41850436,65161810,99485176,149127718,219686997,318364922,454205166,638439958,884703768,1209353312,1631575771,2173587344,2860531495,3720445071,4783831151,6083283686,7652647804,9526232026,11737528389,14318024094,17295545175,20692782206,24525445297,28800728647,33515570481,38655379273,44192762106,50086869482,56282949209,62712620472,69294513328,75935647166,82533245081,88977178260,95152814028,100944259819,106237856375,110925744204,114909442637,118103136845,120436715912,121858186448,122335611870,121858186448,120436715912,118103136845,114909442637,110925744204,106237856375,100944259819,95152814028,88977178260,82533245081,75935647166,69294513328,62712620472,56282949209,50086869482,44192762106,38655379273,33515570481,28800728647,24525445297,20692782206,17295545175,14318024094,11737528389,9526232026,7652647804,6083283686,4783831151,3720445071,2860531495,2173587344,1631575771,1209353312,884703768,638439958,454205166,318364922,219686997,149127718,99485176,65161810,41850436,26324499,16188832,9718386,5681032,3227265,1775149,942858,480831,234624,108529,47374,19205,7211,2421,733,187,42,7,1"
KpCa?C@?_C?O,"0,0,0,0,0,1,13,81,355,1257,3884,10740,27082,63547,140152,292937,584463,1119702,2068058,3697050,6416226,10838983,17860399,28762716,45339416,70056969,106235093,158272059,231877782,334355181,474865452,664730607,917681552,1250122408,1681278928,2233332561,2931365847,3803257505,4879312432,6191814184,7774251898,9660466317,11883446249,14474084533,17459606471,20862055141,24696532237,28969641138,33677826615,38806095019,44326804894,50199019156,56368091159,62765954539,69311756416,75913255808,82468584538,88868717039,95000218679,100748519456,106001269056,110651945601,114603269226,117770552088,120084561528,121494021433,121967383620,121494021433,120084561528,117770552088,114603269226,110651945601,106001269056,100748519456,95000218679,88868717039,82468584538,75913255808,69311756416,62765954539,56368091159,50199019156,44326804894,38806095019,33677826615,28969641138,24696532237,20862055141,17459606471,14474084533,11883446249,9660466317,7774251898,6191814184,4879312432,3803257505,2931365847,2233332561,1681278928,1250122408,917681552,664730607,474865452,334355181,231877782,158272059,106235093,70056969,45339416,28762716,17860399,10838983,6416226,3697050,2068058,1119702,584463,292937,140152,63547,27082,10740,3884,1257,355,81,13,1"
KpCa?C@?_CG?,"0,0,0,0,0,0,5,43,220,862,2868,8357,21967,53248,120481,257137,521864,1013939,1894950,3421699,5989261,10192679,16903560,27375299,43366600,67303349,102458645,153179377,225120510,325528083,463507959,650331039,899686830,1227950295,1654339066,2201047840,2893205964,3758768663,4828161492,6133821715,7709442556,9589097130,11806055139,14391503124,17372997051,20772896200,24606635454,28881100071,33593006628,38727541038,44257205992,50141077968,56324471583,62739124857,69303934720,75926245186,82503738273,88926787086,95081360789,100852176960,106126234819,110796294455,114764483573,117945505961,120269703820,121685404180,122160886374,121685404180,120269703820,117945505961,114764483573,110796294455,106126234819,100852176960,95081360789,88926787086,82503738273,75926245186,69303934720,62739124857,56324471583,50141077968,44257205992,38727541038,33593006628,28881100071,24606635454,20772896200,17372997051,14391503124,11806055139,9589097130,7709442556,6133821715,4828161492,3758768663,2893205964,2201047840,1654339066,1227950295,899686830,650331039,463507959,325528083,225120510,153179377,102458645,67303349,43366600,27375299,16903560,10192679,5989261,3421699,1894950,1013939,521864,257137,120481,53248,21967,8357,2868,862,220,43,5"
KpCa?C@?a??@,"0,0,0,0,0,0,2,25,152,652,2289,6951,18839,46709,107647,233165,479010,939948,1771741,3222123,5675256,9709991,16179847,26311797,41837544,65143941,99467957,149104235,219665747,318336001,454180988,638406431,884678412,1209316914,1631552019,2173550241,2860512332,3720409678,4783819741,6083252178,7652646704,9526205803,11737539540,14318003901,17295569228,20692767533,24525481778,28800718017,33515618000,38655370760,44192818854,50086860756,56283012586,62712609595,69294581404,75935632414,82533315703,88977158835,95152886317,100944235725,106237928991,110925715741,114909515455,118103105301,120436788626,121858153319,122335684554,121858153319,120436788626,118103105301,114909515455,110925715741,106237928991,100944235725,95152886317,88977158835,82533315703,75935632414,69294581404,62712609595,56283012586,50086860756,44192818854,38655370760,33515618000,28800718017,24525481778,20692767533,17295569228,14318003901,11737539540,9526205803,7652646704,6083252178,4783819741,3720409678,2860512332,2173550241,1631552019,1209316914,884678412,638406431,454180988,318336001,219665747,149104235,99467957,65143941,41837544,26311797,16179847,9709991,5675256,3222123,1771741,939948,479010,233165,107647,46709,18839,6951,2289,652,152,25,2"
KpCa?C@?a?G?,"0,0,0,0,0,1,10,60,263,969,3088,8789,22745,54615,122685,260712,527321,1022141,1906804,3438685,6012651,10224634,16945845,27430743,43437316,67392798,102568876,153314146,225281324,325718582,463728309,650584020,899970634,1228266501,1654683146,2201419587,2893597613,3759178514,4828578676,6134243295,7709854966,9589497269,11806427846,14391846245,17373294806,20773148817,24606827665,28881235871,33593072253,38727544827,44257136168,50140946936,56324269374,62738868288,69303614764,75925881322,82503321751,88926339607,95080872704,100851670144,106125697933,110795749364,114763917359,117944939635,120269122642,121684828639,122160300746,121684828639,120269122642,117944939635,114763917359,110795749364,106125697933,100851670144,95080872704,88926339607,82503321751,75925881322,69303614764,62738868288,56324269374,50140946936,44257136168,38727544827,33593072253,28881235871,24606827665,20773148817,17373294806,14391846245,11806427846,9589497269,7709854966,6134243295,4828578676,3759178514,2893597613,2201419587,1654683146,1228266501,899970634,650584020,463728309,325718582,225281324,153314146,102568876,67392798,43437316,27430743,16945845,10224634,6012651,3438685,1906804,1022141,527321,260712,122685,54615,22745,8789,3088,969,263,60,10,1"
KpCa?C@O??_@,"0,0,0,0,0,1,7,41,181,707,2336,6954,18568,45911,105380,228359,469013,921448,1737920,3164932,5579580,9558067,15941943,25953412,41304772,64376605,98376913,147593089,217599384,315573997,450534412,633689865,878651106,1201758290,1622185976,2162149317,2846798969,3704197151,4764883536,6061511060,7627998058,9498748815,11707364147,14285459613,17260996063,20656809367,24488751683,28764155792,33480080423,38622035405,44162696418,50061246704,56262923767,62699288993,69288866430,75938519438,82545272104,88998753373,95184060359,100985004118,106287625140,110983760707,114974651524,118174225996,120512166860,121936318229,122414649876,121936318229,120512166860,118174225996,114974651524,110983760707,106287625140,100985004118,95184060359,88998753373,82545272104,75938519438,69288866430,62699288993,56262923767,50061246704,44162696418,38622035405,33480080423,28764155792,24488751683,20656809367,17260996063,14285459613,11707364147,9498748815,7627998058,6061511060,4764883536,3704197151,2846798969,2162149317,1622185976,1201758290,878651106,633689865,450534412,315573997,217599384,147593089,98376913,64376605,41304772,25953412,15941943,9558067,5579580,3164932,1737920,921448,469013,228359,105380,45911,18568,6954,2336,707,181,41,7,1"
KpCa?C@O??_A,"0,0,0,0,0,0,4,35,183,734,2491,7373,19682,48324,110477,238054,487045,952865,1791532,3252367,5719352,9774005,16269363,26436428,42005085,65368770,99759979,149482777,220142089,318934395,454911317,639297147,885734711,1210568702,1632995299,2175214163,2862377332,3722501433,4786097895,6085736421,7655271696,9528984987,11740379545,14320914403,17298429506,20695587455,24528116557,28803185704,33517755346,38657212370,44194191111,50087823759,56283390131,62712495073,69293803007,75934322252,82531311850,88974633702,95149690508,100940580618,106233678413,110921114217,114904438360,118097823431,120431185525,121852515876,122329900870,121852515876,120431185525,118097823431,114904438360,110921114217,106233678413,100940580618,95149690508,88974633702,82531311850,75934322252,69293803007,62712495073,56283390131,50087823759,44194191111,38657212370,33517755346,28803185704,24528116557,20695587455,17298429506,14320914403,11740379545,9528984987,7655271696,6085736421,4786097895,3722501433,2862377332,2175214163,1632995299,1210568702,885734711,639297147,454911317,318934395,220142089,149482777,99759979,65368770,42005085,26436428,16269363,9774005,5719352,3252367,1791532,952865,487045,238054,110477,48324,19682,7373,2491,734,183,35,4"
KpCa?C@O??g?,"0,0,0,0,0,1,9,54,238,889,2853,8212,21429,51835,117140,250300,508466,989471,1851847,3349362,5871058,10006319,16616470,26945423,42735903,66399794,101187553,151427704,222746676,322369828,459371061,645002992,892925572,1219505162,1643940403,2188436582,2878124301,3740999145,4807517613,6110194774,7682790172,9559494621,11773678294,14356679398,17336177450,20734700839,24567810811,28842554093,33555747423,38692698604,44225953171,50114639133,56304029916,62725822758,69298774091,75930087653,82517209778,88950287427,95114981952,100895731782,106179198948,110857859770,114833527970,118020672729,120349396658,121767889102,122244305368,121767889102,120349396658,118020672729,114833527970,110857859770,106179198948,100895731782,95114981952,88950287427,82517209778,75930087653,69298774091,62725822758,56304029916,50114639133,44225953171,38692698604,33555747423,28842554093,24567810811,20734700839,17336177450,14356679398,11773678294,9559494621,7682790172,6110194774,4807517613,3740999145,2878124301,2188436582,1643940403,1219505162,892925572,645002992,459371061,322369828,222746676,151427704,101187553,66399794,42735903,26945423,16616470,10006319,5871058,3349362,1851847,989471,508466,250300,117140,51835,21429,8212,2853,889,238,54,9,1"
KpCa?C@OA?G?,"0,0,0,0,1,6,34,140,513,1600,4628,12085,29599,67747,147139,303836,601476,1144607,2104624,3748395,6487859,10935277,17989188,28929410,45553944,70325328,106568493,158675684,232363125,334924936,475529215,665486374,918535545,1251066032,1682313310,2234440876,2932542862,3804478262,4880566046,6193068538,7775491944,9661655329,11884568229,14475101986,17460505651,20862801091,24697116900,28970037076,33678034223,38806095553,44326608243,50198615771,56367499673,62765174558,69310812737,75912153547,82467352233,88867363183,94998771384,100746986399,105999675362,110650296532,114601586577,117768838292,120082833936,121492279390,121965642266,121492279390,120082833936,117768838292,114601586577,110650296532,105999675362,100746986399,94998771384,88867363183,82467352233,75912153547,69310812737,62765174558,56367499673,50198615771,44326608243,38806095553,33678034223,28970037076,24697116900,20862801091,17460505651,14475101986,11884568229,9661655329,7775491944,6193068538,4880566046,3804478262,2932542862,2234440876,1682313310,1251066032,918535545,665486374,475529215,334924936,232363125,158675684,106568493,70325328,45553944,28929410,17989188,10935277,6487859,3748395,2104624,1144607,601476,303836,147139,67747,29599,12085,4628,1600,513,140,34,6,1"
KpE?GD??G?_@,"0,0,0,0,0,1,5,34,147,615,2068,6325,17117,42945,99441,217353,449102,887247,1680511,3072105,5432666,9332436,15602059,25453944,40583988,63358163,96961849,145663596,215009152,312155703,446090104,628002062,871475358,1192840404,1611255679,2148945798,2831067947,3685720843,4743483026,6037080811,7600506873,9468277852,11674106307,14249748956,17223305507,20617769178,24449132742,28724876474,33442178117,38586647619,44131026817,50034526815,56242364542,62686034649,69283946480,75942787427,82559376109,89023078229,95218709955,101029766131,106341982155,111046865678,115045380980,118251178479,120593735208,122020717884,122500011798,122020717884,120593735208,118251178479,115045380980,111046865678,106341982155,101029766131,95218709955,89023078229,82559376109,75942787427,69283946480,62686034649,56242364542,50034526815,44131026817,38586647619,33442178117,28724876474,24449132742,20617769178,17223305507,14249748956,11674106307,9468277852,7600506873,6037080811,4743483026,3685720843,2831067947,2148945798,1611255679,1192840404,871475358,628002062,446090104,312155703,215009152,145663596,96961849,63358163,40583988,25453944,15602059,9332436,5432666,3072105,1680511,887247,449102,217353,99441,42945,17117,6325,2068,615,147,34,5,1"
KpE?GH??G?_@,"0,0,0,0,0,0,4,30,164,660,2272,6807,18359,45498,104805,227317,467596,919114,1734803,3160115,5573262,9548901,15930180,25937083,41284420,64349477,98343853,147550772,217548945,315511416,450461938,633602508,878552219,1201642818,1622058210,2162003926,2846642592,3704023595,4764701334,6061314947,7627797480,9498538513,11707156618,14285248184,17260794863,20656613151,24488574001,28763990897,33479944452,38621919779,44162617442,50061197046,56262916852,62699316096,69288942624,75938631653,82545433886,88998952850,95184306373,100985283098,106287947487,110984107788,114975032118,118174623482,120512585369,121936740319,122415082610,121936740319,120512585369,118174623482,114975032118,110984107788,106287947487,100985283098,95184306373,88998952850,82545433886,75938631653,69288942624,62699316096,56262916852,50061197046,44162617442,38621919779,33479944452,28763990897,24488574001,20656613151,17260794863,14285248184,11707156618,9498538513,7627797480,6061314947,4764701334,3704023595,2846642592,2162003926,1622058210,1201642818,878552219,633602508,450461938,315511416,217548945,147550772,98343853,64349477,41284420,25937083,15930180,9548901,5573262,3160115,1734803,919114,467596,227317,104805,45498,18359,6807,2272,660,164,30,4"
KpE?K@??G?_@,"0,0,0,0,0,1,7,43,195,761,2500,7396,19624,48199,110078,237387,485599,950670,1787626,3246596,5710232,9761315,16250711,26411614,41970830,65325039,99702653,149412413,220053950,318830329,454786614,639155627,885572094,1210391760,1632800798,2175012323,2862166349,3722294971,4785895344,6085554354,7655109640,9528860989,11740291805,14320880605,17298444691,20695666677,24528249995,28803383624,33518002041,38657512771,44194523514,50088188266,56283760859,62712868769,69294152244,75934643510,82531579504,88974847315,95149830101,100940651878,106233669028,110921037557,114904290374,118097624764,120430939352,121852248233,122329619116,121852248233,120430939352,118097624764,114904290374,110921037557,106233669028,100940651878,95149830101,88974847315,82531579504,75934643510,69294152244,62712868769,56283760859,50088188266,44194523514,38657512771,33518002041,28803383624,24528249995,20695666677,17298444691,14320880605,11740291805,9528860989,7655109640,6085554354,4785895344,3722294971,2862166349,2175012323,1632800798,1210391760,885572094,639155627,454786614,318830329,220053950,149412413,99702653,65325039,41970830,26411614,16250711,9761315,5710232,3246596,1787626,950670,485599,237387,110078,48199,19624,7396,2500,761,195,43,7,1"
KpE?I?@?G?_G,"0,0,0,0,0,1,7,41,185,717,2362,7004,18668,46067,105656,228757,469625,922314,1739212,3166574,5581860,9560975,15945701,25957934,41310480,64383193,98384855,147602093,217609634,315585069,450546912,633702743,878664910,1201772310,1622200188,2162162893,2846812655,3704209173,4764894694,6061520648,7628005894,9498754315,11707368359,14285460723,17260995213,20656806749,24488746749,28764148786,33480072631,38622025393,44162685304,50061235654,56262911179,62699276181,69288854206,75938506764,82545259286,88998742317,95184048081,100984992884,106287614890,110983750605,114974641038,118174217672,120512156842,121936309207,122414641268,121936309207,120512156842,118174217672,114974641038,110983750605,106287614890,100984992884,95184048081,88998742317,82545259286,75938506764,69288854206,62699276181,56262911179,50061235654,44162685304,38622025393,33480072631,28764148786,24488746749,20656806749,17260995213,14285460723,11707368359,9498754315,7628005894,6061520648,4764894694,3704209173,2846812655,2162162893,1622200188,1201772310,878664910,633702743,450546912,315585069,217609634,147602093,98384855,64383193,41310480,25957934,15945701,9560975,5581860,3166574,1739212,922314,469625,228757,105656,46067,18668,7004,2362,717,185,41,7,1"
KpE?I?@?G?g?,"0,0,0,0,0,0,2,24,142,604,2134,6512,17766,44338,102750,223682,461596,909260,1719572,3136464,5538524,9497652,15858012,25835208,41146452,64162108,98098772,147229522,217142040,314995116,449827694,632821888,877620826,1200529528,1620767204,2160503718,2844951596,3702112724,4762608820,6059016580,7625355978,9495935188,11704481710,14282487186,17258065594,20653901252,24486022206,28761578292,33477833158,38620073992,44161210924,50060170192,56262447196,62699312248,69289578226,75939778020,82547254908,89001279980,95187290570,100988717086,106291968210,110988474262,114979868904,118179663208,120517943540,121942132846,122420619920,121942132846,120517943540,118179663208,114979868904,110988474262,106291968210,100988717086,95187290570,89001279980,82547254908,75939778020,69289578226,62699312248,56262447196,50060170192,44161210924,38620073992,33477833158,28761578292,24486022206,20653901252,17258065594,14282487186,11704481710,9495935188,7625355978,6059016580,4762608820,3702112724,2844951596,2160503718,1620767204,1200529528,877620826,632821888,449827694,314995116,217142040,147229522,98098772,64162108,41146452,25835208,15858012,9497652,5538524,3136464,1719572,909260,461596,223682,102750,44338,17766,6512,2134,604,142,24,2"
KpE?I?@?G@?C,"0,0,0,0,0,1,12,63,285,1007,3179,8919,22961,54750,122663,259850,524867,1016037,1894292,3414355,5969069,10149328,16822124,27233121,43132538,66934194,101897438,152351795,223933300,323865855,461232185,647279855,895674691,1222771939,1647772403,2192863252,2883171413,3746667397,4813798009,6117047128,7690160768,9567295125,11781804450,14364993718,17344528403,20742909521,24575689686,28849898557,33562352685,38698357914,44230469828,50117830074,56305732048,62725901827,69297123522,75926642841,82511937056,88943203156,95106133192,100885219251,106167148287,110844448029,114818947534,118005161190,120333195617,121751275707,122227546810,121751275707,120333195617,118005161190,114818947534,110844448029,106167148287,100885219251,95106133192,88943203156,82511937056,75926642841,69297123522,62725901827,56305732048,50117830074,44230469828,38698357914,33562352685,28849898557,24575689686,20742909521,17344528403,14364993718,11781804450,9567295125,7690160768,6117047128,4813798009,3746667397,2883171413,2192863252,1647772403,1222771939,895674691,647279855,461232185,323865855,223933300,152351795,101897438,66934194,43132538,27233121,16822124,10149328,5969069,3414355,1894292,1016037,524867,259850,122663,54750,22961,8919,3179,1007,285,63,12,1"
KpE?I?@?G@?G,"0,0,0,0,0,0,4,35,179,724,2457,7297,19520,48012,109923,237114,485473,950439,1787870,3246889,5711496,9763077,16254331,26416324,41978771,65334860,99717191,149429849,220077393,318856859,454820113,639191219,885613785,1210433122,1632845075,2175050749,2862202752,3722317367,4785907519,6085543561,7655079344,9528797719,11740201997,14320749835,17298282496,20695462623,24528016077,28803112844,33517712946,38657200346,44194210783,50087875893,56283472131,62712606165,69293942155,75934485208,82531496764,88974838458,95149910298,100940813642,106233923321,110921366519,114904696946,118098087499,120431451539,121852783592,122330170354,121852783592,120431451539,118098087499,114904696946,110921366519,106233923321,100940813642,95149910298,88974838458,82531496764,75934485208,69293942155,62712606165,56283472131,50087875893,44194210783,38657200346,33517712946,28803112844,24528016077,20695462623,17298282496,14320749835,11740201997,9528797719,7655079344,6085543561,4785907519,3722317367,2862202752,2175050749,1632845075,1210433122,885613785,639191219,454820113,318856859,220077393,149429849,99717191,65334860,41978771,26416324,16254331,9763077,5711496,3246889,1787870,950439,485473,237114,109923,48012,19520,7297,2457,724,179,35,4"
KpE?I?@?G@G?,"0,0,0,0,0,1,10,51,231,837,2701,7764,20374,49456,112326,240869,491299,959061,1800397,3264598,5736037,9796177,16298322,26473474,42051812,65426561,99830371,149567251,220241555,319050097,455043697,639446541,885900322,1210750579,1633190531,2175422074,2862593767,3722724476,4786321563,6085959723,7655486012,9529189932,11740566420,14321082956,17298570214,20695704080,24528197501,28803237600,33517768393,38657194545,44194132398,50087737900,56283264356,62712346131,69293620056,75934122014,82531081986,88974395758,95149427421,100940315171,106233394990,110920832811,114904141470,118097534718,120430882640,121852222550,122329597476,121852222550,120430882640,118097534718,114904141470,110920832811,106233394990,100940315171,95149427421,88974395758,82531081986,75934122014,69293620056,62712346131,56283264356,50087737900,44194132398,38657194545,33517768393,28803237600,24528197501,20695704080,17298570214,14321082956,11740566420,9529189932,7655486012,6085959723,4786321563,3722724476,2862593767,2175422074,1633190531,1210750579,885900322,639446541,455043697,319050097,220241555,149567251,99830371,65426561,42051812,26473474,16298322,9796177,5736037,3264598,1800397,959061,491299,240869,112326,49456,20374,7764,2701,837,231,51,10,1"
KpE?I?@?GA?@,"0,0,0,0,0,0,2,24,136,594,2090,6441,17603,44086,102273,223007,460430,907672,1717095,3133177,5533774,9491597,15849754,25825083,41133224,64146491,98079391,147207324,217115751,314966276,449794828,632787602,877583721,1200492632,1620729806,2160469610,2844919724,3702088023,4762590294,6059008397,7625358024,9495951271,11704509944,14282531692,17258123781,20653974169,24486108199,28761676307,33477938814,38620186453,44161325374,50060281792,56262553666,62699407516,69289658534,75939839697,82547296148,89001294318,95187281869,100988680040,106291906353,110988387158,114979762722,118179535466,120517806341,121941984765,122420470642,121941984765,120517806341,118179535466,114979762722,110988387158,106291906353,100988680040,95187281869,89001294318,82547296148,75939839697,69289658534,62699407516,56262553666,50060281792,44161325374,38620186453,33477938814,28761676307,24486108199,20653974169,17258123781,14282531692,11704509944,9495951271,7625358024,6059008397,4762590294,3702088023,2844919724,2160469610,1620729806,1200492632,877583721,632787602,449794828,314966276,217115751,147207324,98079391,64146491,41133224,25825083,15849754,9491597,5533774,3133177,1717095,907672,460430,223007,102273,44086,17603,6441,2090,594,136,24,2"
KpE?I?@?GA?G,"0,0,0,0,0,1,9,54,244,909,2917,8374,21799,52593,118624,252964,513126,997217,1864387,3368892,5900814,10050281,16680186,27035399,42860677,66569164,101413669,151723754,223128388,322853376,459974683,645744418,893823410,1220575672,1645199383,2189895242,2879791233,3742876143,4809601675,6112474030,7685246728,9562100353,11776398070,14359468380,17338984410,20737466489,24570471701,28845041565,33557991807,38694630060,44227504545,50115747779,56304640002,62725887564,69298256941,75928965201,82515470280,88947934541,95112031878,100892216798,106175162356,110853360046,114828631502,118015458569,120343948678,121762299928,122238667576,121762299928,120343948678,118015458569,114828631502,110853360046,106175162356,100892216798,95112031878,88947934541,82515470280,75928965201,69298256941,62725887564,56304640002,50115747779,44227504545,38694630060,33557991807,28845041565,24570471701,20737466489,17338984410,14359468380,11776398070,9562100353,7685246728,6112474030,4809601675,3742876143,2879791233,2189895242,1645199383,1220575672,893823410,645744418,459974683,322853376,223128388,151723754,101413669,66569164,42860677,27035399,16680186,10050281,5900814,3368892,1864387,997217,513126,252964,118624,52593,21799,8374,2917,909,244,54,9,1"
KpE?I?@?GAG?,"0,0,0,0,0,0,2,25,147,632,2225,6790,18465,45944,106162,230459,474323,932139,1759091,3202424,5645330,9665668,16115789,26221263,41712093,64973705,99240966,148806899,219282828,317850899,453575831,637663277,883779128,1208244596,1630291805,2172090347,2858844792,3718532276,4781736127,6080973556,7650192096,9523602446,11734823103,14315218821,17292767163,20690006994,24522826866,28798236663,33513379920,38653445529,44191273477,50085757601,56282407343,62712548727,69295101111,75936756719,82535055512,88979510962,95155833765,100947747308,106241960460,110930209867,114914404566,118108311929,120442227926,121863734215,122341313148,121863734215,120442227926,118108311929,114914404566,110930209867,106241960460,100947747308,95155833765,88979510962,82535055512,75936756719,69295101111,62712548727,56282407343,50085757601,44191273477,38653445529,33513379920,28798236663,24522826866,20690006994,17292767163,14315218821,11734823103,9523602446,7650192096,6080973556,4781736127,3718532276,2858844792,2172090347,1630291805,1208244596,883779128,637663277,453575831,317850899,219282828,148806899,99240966,64973705,41712093,26221263,16115789,9665668,5645330,3202424,1759091,932139,474323,230459,106162,45944,18465,6790,2225,632,147,25,2"
KpE?I?@?I??@,"0,0,0,0,0,0,2,24,136,588,2076,6378,17448,43712,101492,221456,457636,902720,1708856,3119778,5512890,9459736,15802660,25756846,41037054,64013232,97898944,146967064,216801972,314563042,449285974,632154574,876809550,1199559566,1619622528,2159174152,2843427460,3700392520,4760693522,6056917398,7623087984,9493524858,11701960232,14279896952,17255453220,20651322726,24483536306,28759249758,33475726936,38618256214,44159744632,50059114334,56261854650,62699226724,69290034918,75940798608,82548851468,89003448162,95190016700,100991969652,106295708272,110992645776,114984411460,118184501170,120523000814,121947320960,122425854388,121947320960,120523000814,118184501170,114984411460,110992645776,106295708272,100991969652,95190016700,89003448162,82548851468,75940798608,69290034918,62699226724,56261854650,50059114334,44159744632,38618256214,33475726936,28759249758,24483536306,20651322726,17255453220,14279896952,11701960232,9493524858,7623087984,6056917398,4760693522,3700392520,2843427460,2159174152,1619622528,1199559566,876809550,632154574,449285974,314563042,216801972,146967064,97898944,64013232,41037054,25756846,15802660,9459736,5512890,3119778,1708856,902720,457636,221456,101492,43712,17448,6378,2076,588,136,24,2"
KpECC@??G?_@,"0,0,0,0,1,4,29,110,435,1368,4086,10868,27129,62875,138164,287736,573898,1098551,2030137,3630734,6306832,10662458,17587094,28347760,44728578,69174332,104990794,156547414,229537521,331229554,470767766,659438972,910963117,1241714703,1670923695,2220756775,2916324860,3785518271,4858703887,6168210027,7747627539,9630877987,11851089384,14439266551,17422799819,20823858389,24657714604,28931088348,33640569889,38771241394,44295550584,50172564740,56347643080,62752631466,69306582649,75917069272,82482033174,88892177681,95033804977,100792022281,106054185402,110713446496,114672254155,117845644524,120164186672,121576426199,122050731750,121576426199,120164186672,117845644524,114672254155,110713446496,106054185402,100792022281,95033804977,88892177681,82482033174,75917069272,69306582649,62752631466,56347643080,50172564740,44295550584,38771241394,33640569889,28931088348,24657714604,20823858389,17422799819,14439266551,11851089384,9630877987,7747627539,6168210027,4858703887,3785518271,2916324860,2220756775,1670923695,1241714703,910963117,659438972,470767766,331229554,229537521,156547414,104990794,69174332,44728578,28347760,17587094,10662458,6306832,3630734,2030137,1098551,573898,287736,138164,62875,27129,10868,4086,1368,435,110,29,4,1"
KpECA?@?G?_G,"0,0,0,0,1,4,27,94,373,1154,3492,9378,23769,55831,124292,261756,527436,1018477,1896789,3415202,5967904,10142760,16808564,27206536,43089458,66864998,101795964,152203946,223729793,323588070,460868528,646807424,895080939,1222032609,1646876477,2191787983,2881912120,3745206639,4812141615,6115189253,7688120791,9565081571,11779455134,14362532307,17342010205,20740375125,24573207458,28847520718,33560158439,38696402124,44228832206,50116563814,56304905544,62725555618,69297311027,75927381064,82513254646,88945094275,95108594633,100888216951,106170653524,110848396802,114823285899,118009807228,120338072968,121756288129,122232611622,121756288129,120338072968,118009807228,114823285899,110848396802,106170653524,100888216951,95108594633,88945094275,82513254646,75927381064,69297311027,62725555618,56304905544,50116563814,44228832206,38696402124,33560158439,28847520718,24573207458,20740375125,17342010205,14362532307,11779455134,9565081571,7688120791,6115189253,4812141615,3745206639,2881912120,2191787983,1646876477,1222032609,895080939,646807424,460868528,323588070,223729793,152203946,101795964,66864998,43089458,27206536,16808564,10142760,5967904,3415202,1896789,1018477,527436,261756,124292,55831,23769,9378,3492,1154,373,94,27,4,1"
KpECA?@?G?g?,"0,0,0,0,0,1,8,51,225,857,2777,8048,21122,51260,116170,248639,505897,985405,1845869,3340468,5858565,9988679,16592698,26913236,42694108,66345367,101119083,151341655,222641561,322241765,459219259,644823323,892718164,1219266701,1643672069,2188136178,2877795329,3740640370,4807134645,6109789065,7682368568,9559060548,11773241466,14356243930,17335754398,20734297342,24567436729,28842217524,33555459343,38692465471,44225784478,50114542896,56304010768,62725887427,69298926078,75930329148,82517539944,88950708732,95115486223,100896318891,106179859434,110858587587,114834309732,118021503326,120350256562,121768771866,122245193276,121768771866,120350256562,118021503326,114834309732,110858587587,106179859434,100896318891,95115486223,88950708732,82517539944,75930329148,69298926078,62725887427,56304010768,50114542896,44225784478,38692465471,33555459343,28842217524,24567436729,20734297342,17335754398,14356243930,11773241466,9559060548,7682368568,6109789065,4807134645,3740640370,2877795329,2188136178,1643672069,1219266701,892718164,644823323,459219259,322241765,222641561,151341655,101119083,66345367,42694108,26913236,16592698,9988679,5858565,3340468,1845869,985405,505897,248639,116170,51260,21122,8048,2777,857,225,51,8,1"
KpECA?@?G@?C,"0,0,0,0,0,4,20,110,414,1396,4129,11107,27592,64037,140243,291758,580586,1109957,2048088,3658887,6348666,10724185,17674695,28470522,44895704,69398580,105284687,156927170,230018061,331828820,471501482,660324496,912013682,1242943122,1672336616,2222358364,2918111380,3787480910,4860824870,6170465348,7749984477,9633297509,11853525182,14441666966,17425109885,20826020769,24659672514,28932786098,33641956808,38772271705,44296187767,50172779199,56347416696,62751954144,69305456656,75915504403,82480049973,88889801067,95031068915,100788962757,106050844386,110709865332,114668477592,117841715002,120160149636,121572324116,122046608848,121572324116,120160149636,117841715002,114668477592,110709865332,106050844386,100788962757,95031068915,88889801067,82480049973,75915504403,69305456656,62751954144,56347416696,50172779199,44296187767,38772271705,33641956808,28932786098,24659672514,20826020769,17425109885,14441666966,11853525182,9633297509,7749984477,6170465348,4860824870,3787480910,2918111380,2222358364,1672336616,1242943122,912013682,660324496,471501482,331828820,230018061,156927170,105284687,69398580,44895704,28470522,17674695,10724185,6348666,3658887,2048088,1109957,580586,291758,140243,64037,27592,11107,4129,1396,414,110,20,4"
KpECA?@?G@?G,"0,0,0,0,0,3,16,86,338,1151,3519,9649,24497,57783,128405,270242,543238,1047117,1945854,3496973,6099069,10348194,17120942,27671463,43765173,67828040,103140970,154049486,226216718,326884812,465167398,652327156,902059884,1230727531,1657550806,2204706079,2897322713,3763331312,4833154778,6139202793,7715162067,9595077715,11812213323,14397727373,17379172750,20778887843,24612305011,28886299759,33597592719,38731368313,44260140840,50142999514,56325270467,62738719232,69302258731,75923265496,82499439447,88921196059,95074512839,100844156592,106117131482,110786240422,114753611038,117933990559,120257705170,121673123449,122148502536,121673123449,120257705170,117933990559,114753611038,110786240422,106117131482,100844156592,95074512839,88921196059,82499439447,75923265496,69302258731,62738719232,56325270467,50142999514,44260140840,38731368313,33597592719,28886299759,24612305011,20778887843,17379172750,14397727373,11812213323,9595077715,7715162067,6139202793,4833154778,3763331312,2897322713,2204706079,1657550806,1230727531,902059884,652327156,465167398,326884812,226216718,154049486,103140970,67828040,43765173,27671463,17120942,10348194,6099069,3496973,1945854,1047117,543238,270242,128405,57783,24497,9649,3519,1151,338,86,16,3"
KpECA?@?G@G?,"0,0,0,0,0,2,14,74,310,1074,3340,9270,23758,56368,125902,265936,536128,1035696,1928084,3470006,6059172,10290412,17039102,27557724,43610206,67620482,102867806,153695712,225765936,326319004,464467918,651474672,901035998,1229514678,1656134346,2203074182,2895468766,3761253864,4830859872,6136703368,7712480278,9592243504,11809266802,14394716016,17376153318,20775922550,24609463166,28883653048,33595216234,38729334896,44258522402,50141860868,56324671374,62738707628,69302873548,75924530330,82501366486,88923780312,95077736886,100847985304,106121518358,110791122822,114758917754,117939637010,120263601624,121679171028,122154601876,121679171028,120263601624,117939637010,114758917754,110791122822,106121518358,100847985304,95077736886,88923780312,82501366486,75924530330,69302873548,62738707628,56324671374,50141860868,44258522402,38729334896,33595216234,28883653048,24609463166,20775922550,17376153318,14394716016,11809266802,9592243504,7712480278,6136703368,4830859872,3761253864,2895468766,2203074182,1656134346,1229514678,901035998,651474672,464467918,326319004,225765936,153695712,102867806,67620482,43610206,27557724,17039102,10290412,6059172,3470006,1928084,1035696,536128,265936,125902,56368,23758,9270,3340,1074,310,74,14,2"
KpECA?@?GA?@,"0,0,0,0,0,1,12,59,273,961,3056,8617,22276,53369,119967,254981,516365,1001888,1871299,3378459,5914267,10068104,16704131,27066040,42900112,66618065,101474416,151796599,223215868,322955201,460093021,645878167,893974128,1220740889,1645379925,2190087264,2879994303,3743085224,4809815309,6112686105,7685455127,9562298493,11776583336,14359634572,17339129077,20737584443,24570561163,28845099030,33558016447,38694620492,44227460975,50115671055,56304531040,62725749241,69298090686,75928775393,82515258067,88947705459,95111786164,100891960424,106174894734,110853086859,114828350974,118015176392,120343661868,121762013910,122238379048,121762013910,120343661868,118015176392,114828350974,110853086859,106174894734,100891960424,95111786164,88947705459,82515258067,75928775393,69298090686,62725749241,56304531040,50115671055,44227460975,38694620492,33558016447,28845099030,24570561163,20737584443,17339129077,14359634572,11776583336,9562298493,7685455127,6112686105,4809815309,3743085224,2879994303,2190087264,1645379925,1220740889,893974128,645878167,460093021,322955201,223215868,151796599,101474416,66618065,42900112,27066040,16704131,10068104,5914267,3378459,1871299,1001888,516365,254981,119967,53369,22276,8617,3056,961,273,59,12,1"
KpECA?@?GA?G,"0,0,0,0,1,6,33,129,472,1468,4263,11216,27664,63793,139460,289655,576355,1101772,2033774,3634708,6310076,10664106,17584751,28338969,44708699,69138293,104930698,156454479,229399503,331033153,470496027,659074111,910484095,1241100407,1670150908,2219803812,2915170206,3784144069,4857095436,6166359241,7745532811,9628546929,11848538915,14436524526,17419905530,20820862737,24654679970,28928086935,33637683059,38768556453,44293159461,50170559085,56346112789,62751659201,69306242608,75917421225,82483121678,88894026419,95036417968,100795379635,106058246230,110718146237,114677509137,117851351419,120170228742,121582673652,122057049014,121582673652,120170228742,117851351419,114677509137,110718146237,106058246230,100795379635,95036417968,88894026419,82483121678,75917421225,69306242608,62751659201,56346112789,50170559085,44293159461,38768556453,33637683059,28928086935,24654679970,20820862737,17419905530,14436524526,11848538915,9628546929,7745532811,6166359241,4857095436,3784144069,2915170206,2219803812,1670150908,1241100407,910484095,659074111,470496027,331033153,229399503,156454479,104930698,69138293,44708699,28338969,17584751,10664106,6310076,3634708,2033774,1101772,576355,289655,139460,63793,27664,11216,4263,1468,472,129,33,6,1"
KpECA?@?GAG?,"0,0,0,0,0,1,10,56,252,933,2988,8564,22271,53670,120938,257616,522058,1013518,1893064,3417512,5980829,10177931,16878829,27336639,43307667,67217692,102336413,153010822,224892005,325226860,463116560,649834542,899065624,1227189459,1653419534,2199958067,2891930585,3757304076,4826500714,6131973265,7707411914,9586908476,11803728817,14389081175,17370514913,20770412136,24604197643,28878779741,33590858981,38725643284,44255612541,50139862895,56323679915,62738819280,69304141911,75927008367,82505059400,88928684564,95083808168,100855165043,106129708380,110800218608,114768778288,117950115367,120274529194,121690375597,122165895008,121690375597,120274529194,117950115367,114768778288,110800218608,106129708380,100855165043,95083808168,88928684564,82505059400,75927008367,69304141911,62738819280,56323679915,50139862895,44255612541,38725643284,33590858981,28878779741,24604197643,20770412136,17370514913,14389081175,11803728817,9586908476,7707411914,6131973265,4826500714,3757304076,2891930585,2199958067,1653419534,1227189459,899065624,649834542,463116560,325226860,224892005,153010822,102336413,67217692,43307667,27336639,16878829,10177931,5980829,3417512,1893064,1013518,522058,257616,120938,53670,22271,8564,2988,933,252,56,10,1"
KpECA?@?I??@,"0,0,0,0,0,1,10,53,241,877,2827,8102,21188,51252,116026,248081,504665,982809,1841085,3332040,5844681,9966425,16558594,26862272,42620296,66240937,100974939,151146507,222383009,321905373,458789655,644283811,892052140,1218457485,1642704621,2186997022,2876474519,3739131902,4805438063,6107909913,7680319602,9556861918,11770921386,14353838596,17333307320,20731859042,24565063413,28839969980,33553400855,38690660199,44224294802,50113427996,56303323816,62725674455,69299223326,75931162262,82518922156,88952641016,95117955525,100899299503,106183312466,110862462763,114838545818,118026030550,120354996998,121773642614,122250107736,121773642614,120354996998,118026030550,114838545818,110862462763,106183312466,100899299503,95117955525,88952641016,82518922156,75931162262,69299223326,62725674455,56303323816,50113427996,44224294802,38690660199,33553400855,28839969980,24565063413,20731859042,17333307320,14353838596,11770921386,9556861918,7680319602,6107909913,4805438063,3739131902,2876474519,2186997022,1642704621,1218457485,892052140,644283811,458789655,321905373,222383009,151146507,100974939,66240937,42620296,26862272,16558594,9966425,5844681,3332040,1841085,982809,504665,248081,116026,51252,21188,8102,2827,877,241,53,10,1"
KpECA?@?I?G?,"0,0,0,0,0,2,14,72,302,1062,3324,9292,23898,56868,127218,268994,542508,1048152,1950986,3510346,6127418,10401942,17215784,27830080,44019374,68221058,103730112,154908636,227439244,328585410,467483736,655420042,906113330,1235945388,1664153070,2212921004,2907379000,3775445338,4847518236,6155965260,7734415756,9616838034,11836404750,14424165224,17407553396,20808777570,24643140606,28917388470,33628126262,38760436584,44286761352,50166145608,56343914138,62751868514,69309007496,75922833442,82491220550,88904791610,95049767054,100811172824,106076288776,110738186442,114699253844,117874465850,120194343958,121607398722,122081980668,121607398722,120194343958,117874465850,114699253844,110738186442,106076288776,100811172824,95049767054,88904791610,82491220550,75922833442,69309007496,62751868514,56343914138,50166145608,44286761352,38760436584,33628126262,28917388470,24643140606,20808777570,17407553396,14424165224,11836404750,9616838034,7734415756,6155965260,4847518236,3775445338,2907379000,2212921004,1664153070,1235945388,906113330,655420042,467483736,328585410,227439244,154908636,103730112,68221058,44019374,27830080,17215784,10401942,6127418,3510346,1950986,1048152,542508,268994,127218,56868,23898,9292,3324,1062,302,72,14,2"
KpEA?C@?GCG?,"0,0,0,0,0,1,6,39,183,725,2419,7200,19232,47402,108646,234765,481239,943343,1776113,3228504,5683155,9720965,16192906,26329296,41857334,65169787,99495995,149139601,219702307,318381115,454224829,638459639,884726496,1209374199,1631598567,2173605856,2860549677,3720455724,4783838953,6083280215,7652638966,9526208708,11737497666,14317976888,17295490276,20692710532,24525367589,28800636578,33515476449,38655275801,44192663270,50086767960,56282860144,62712536745,69294450012,75935596550,82533221480,88977172730,95152839351,100944305165,106237932428,110925838043,114909562916,118103268800,120436866366,121858339320,122335773000,121858339320,120436866366,118103268800,114909562916,110925838043,106237932428,100944305165,95152839351,88977172730,82533221480,75935596550,69294450012,62712536745,56282860144,50086767960,44192663270,38655275801,33515476449,28800636578,24525367589,20692710532,17295490276,14317976888,11737497666,9526208708,7652638966,6083280215,4783838953,3720455724,2860549677,2173605856,1631598567,1209374199,884726496,638459639,454224829,318381115,219702307,149139601,99495995,65169787,41857334,26329296,16192906,9720965,5683155,3228504,1776113,943343,481239,234765,108646,47402,19232,7200,2419,725,183,39,6,1"
KpEA?C@?I??@,"0,0,0,0,0,1,5,35,153,643,2162,6602,17820,44539,102838,224063,461745,909916,1719734,3137496,5538680,9499145,15858077,25837346,41146190,64164957,98098035,147233081,217140478,314999737,449824776,632827631,877616416,1200536350,1620760728,2160512307,2844942381,3702123227,4762597120,6059028992,7625341116,9495950657,11704462959,14282505789,17258043829,20653922757,24485996701,28761604174,33477803127,38620103825,44161177844,50060203216,56262410407,62699350025,69289536982,75939819370,82547211348,89001323589,95187244193,100988764548,106291918354,110988523847,114979818370,118179713176,120517891944,121942184715,122420566796,121942184715,120517891944,118179713176,114979818370,110988523847,106291918354,100988764548,95187244193,89001323589,82547211348,75939819370,69289536982,62699350025,56262410407,50060203216,44161177844,38620103825,33477803127,28761604174,24485996701,20653922757,17258043829,14282505789,11704462959,9495950657,7625341116,6059028992,4762597120,3702123227,2844942381,2160512307,1620760728,1200536350,877616416,632827631,449824776,314999737,217140478,147233081,98098035,64164957,41146190,25837346,15858077,9499145,5538680,3137496,1719734,909916,461745,224063,102838,44539,17820,6602,2162,643,153,35,5,1"
KpEA?C@?I?G?,"0,0,0,0,0,0,5,40,206,808,2705,7904,20910,50905,115674,247856,504884,983901,1843939,3337836,5855351,9984378,16587707,26906882,42686848,66336528,101109438,151330066,222629549,322227890,459205141,644807620,892703120,1219249935,1643657161,2188120111,2877781676,3740626189,4807124313,6109777641,7682362384,9559053587,11773239703,14356241557,17335758371,20734298839,24567445472,28842223458,33555471390,38692474298,44225800224,50114552662,56304028277,62725898692,69298943410,75930340072,82517558040,88950717791,95115503760,100896327833,106179875034,110858595292,114834325586,118021509064,120350271906,121768778205,122245207284,121768778205,120350271906,118021509064,114834325586,110858595292,106179875034,100896327833,95115503760,88950717791,82517558040,75930340072,69298943410,62725898692,56304028277,50114552662,44225800224,38692474298,33555471390,28842223458,24567445472,20734298839,17335758371,14356241557,11773239703,9559053587,7682362384,6109777641,4807124313,3740626189,2877781676,2188120111,1643657161,1219249935,892703120,644807620,459205141,322227890,222629549,151330066,101109438,66336528,42686848,26906882,16587707,9984378,5855351,3337836,1843939,983901,504884,247856,115674,50905,20910,7904,2705,808,206,40,5"
KpEA?C@?OA?G,"0,0,0,0,0,5,25,131,485,1599,4638,12291,30119,69105,149895,309326,611281,1161850,2133065,3794133,6558560,11042252,18146025,29154697,45869568,70759358,107152894,159449145,233367729,336208859,477142620,667483233,920967881,1253985546,1685764918,2238463665,2937162683,3809708242,4886399654,6199480549,7782432852,9669052860,11892322949,14483091487,17468582774,20870799550,24704851600,28977311095,33684642367,38811833476,44331276048,50202027230,56369486175,62765593555,69309551468,75909135989,82462539434,88860757943,94990418574,100736973886,105988130395,110637385049,114587506354,117753817328,120067123429,121476148762,121949370022,121476148762,120067123429,117753817328,114587506354,110637385049,105988130395,100736973886,94990418574,88860757943,82462539434,75909135989,69309551468,62765593555,56369486175,50202027230,44331276048,38811833476,33684642367,28977311095,24704851600,20870799550,17468582774,14483091487,11892322949,9669052860,7782432852,6199480549,4886399654,3809708242,2937162683,2238463665,1685764918,1253985546,920967881,667483233,477142620,336208859,233367729,159449145,107152894,70759358,45869568,29154697,18146025,11042252,6558560,3794133,2133065,1161850,611281,309326,149895,69105,30119,12291,4638,1599,485,131,25,5"
KpEA?C@?OA?O,"0,0,0,0,0,2,14,74,312,1080,3372,9355,23959,56828,126827,267663,539262,1041090,1936973,3484237,6081266,10323675,17088140,27628175,43709162,67756859,103052061,153939904,226084279,326726722,464981616,652112146,901814669,1230451176,1657244686,2204371112,2896961516,3762947735,4832753610,6138788759,7714743130,9594660137,11811805048,14397336956,17378808775,20778557263,24612017767,28886061683,33597410484,38731248043,44260087352,50143014398,56325358574,62738879492,69302491096,75923569085,82499811884,88921631380,95075009727,100844707480,106117730749,110786882142,114754288486,117934693718,120258429925,121673859471,122149242210,121673859471,120258429925,117934693718,114754288486,110786882142,106117730749,100844707480,95075009727,88921631380,82499811884,75923569085,69302491096,62738879492,56325358574,50143014398,44260087352,38731248043,33597410484,28886061683,24612017767,20778557263,17378808775,14397336956,11811805048,9594660137,7714743130,6138788759,4832753610,3762947735,2896961516,2204371112,1657244686,1230451176,901814669,652112146,464981616,326726722,226084279,153939904,103052061,67756859,43709162,27628175,17088140,10323675,6081266,3484237,1936973,1041090,539262,267663,126827,56828,23959,9355,3372,1080,312,74,14,2"
KpEA?C@?OAG?,"0,0,0,0,0,3,18,92,366,1219,3698,10032,25285,59248,131074,274810,550838,1059248,1964778,3525622,6141421,10409265,17207351,27791085,43927813,68045084,103425811,154416996,226683809,327469000,465887294,653201532,903106866,1231963209,1658989620,2206357901,2899192951,3765419924,4835454396,6141697941,7717830316,9597886782,11815122503,14400688767,17382129919,20781777608,24615061059,28888850987,33599866659,38733295578,44261653235,50144034347,56325774797,62738647532,69301576113,75921952585,82497487342,88918610148,95071315036,100840380293,106112822556,110781460588,114748429176,117928485213,120251964830,121667239557,122142569080,121667239557,120251964830,117928485213,114748429176,110781460588,106112822556,100840380293,95071315036,88918610148,82497487342,75921952585,69301576113,62738647532,56325774797,50144034347,44261653235,38733295578,33599866659,28888850987,24615061059,20781777608,17382129919,14400688767,11815122503,9597886782,7717830316,6141697941,4835454396,3765419924,2899192951,2206357901,1658989620,1231963209,903106866,653201532,465887294,327469000,226683809,154416996,103425811,68045084,43927813,27791085,17207351,10409265,6141421,3525622,1964778,1059248,550838,274810,131074,59248,25285,10032,3698,1219,366,92,18,3"
KpEA?C@?OC?@,"0,0,0,0,0,0,7,40,208,780,2592,7544,20001,48792,111266,239147,488712,955130,1794790,3256480,5724953,9780940,16278280,26447001,42018210,65383797,99777918,149502730,220164829,318958688,454938383,639324944,885764391,1210598287,1633025461,2175242683,2862405650,3722526348,4786120969,6085755548,7655287595,9528995807,11740387187,14320916051,17298427179,20695580701,24528105687,28803170537,33517737842,38657191090,44194167565,50087799513,56283363565,62712468166,69293776248,75934295640,82531284807,88974609444,95149664684,100940557148,106233655607,110921093020,114904416178,118097804830,120431164361,121852497014,122329881402,121852497014,120431164361,118097804830,114904416178,110921093020,106233655607,100940557148,95149664684,88974609444,82531284807,75934295640,69293776248,62712468166,56283363565,50087799513,44194167565,38657191090,33517737842,28803170537,24528105687,20695580701,17298427179,14320916051,11740387187,9528995807,7655287595,6085755548,4786120969,3722526348,2862405650,2175242683,1633025461,1210598287,885764391,639324944,454938383,318958688,220164829,149502730,99777918,65383797,42018210,26447001,16278280,9780940,5724953,3256480,1794790,955130,488712,239147,111266,48792,20001,7544,2592,780,208,40,7"
KpEA?C@?OC?O,"0,0,0,0,0,3,15,79,311,1075,3322,9224,23622,56127,125404,265087,534689,1033456,1924566,3464812,6051614,10279825,17024487,27538180,43584356,67587313,102825761,153643591,225702170,326242641,464377648,651370153,900916406,1229380436,1655985600,2202912513,2895295403,3761071585,4830670976,6136511744,7712289170,9592057619,11809089533,14394552345,17376006537,20775797385,24609362201,28883579796,33595171911,38729321813,44258540310,50141910722,56324751197,62738817017,69303009552,75924691676,82501549358,88923982921,95077955117,100848217714,106121761292,110791375147,114759175970,117939900586,120263867696,121679439611,122154870552,121679439611,120263867696,117939900586,114759175970,110791375147,106121761292,100848217714,95077955117,88923982921,82501549358,75924691676,69303009552,62738817017,56324751197,50141910722,44258540310,38729321813,33595171911,28883579796,24609362201,20775797385,17376006537,14394552345,11809089533,9592057619,7712289170,6136511744,4830670976,3761071585,2895295403,2202912513,1655985600,1229380436,900916406,651370153,464377648,326242641,225702170,153643591,102825761,67587313,43584356,27538180,17024487,10279825,6051614,3464812,1924566,1033456,534689,265087,125404,56127,23622,9224,3322,1075,311,79,15,3"
KpEA?C@?OCG?,"0,0,0,0,0,0,6,40,202,790,2636,7748,20534,50160,114222,245274,500340,976462,1831908,3319184,5826966,9942622,16527232,26821656,42568638,66176196,100895304,151049568,222267378,321768366,458630264,644099892,891843578,1218221716,1642443356,2186708022,2876160652,3738791858,4805076582,6107524972,7679919290,9556444664,11770496516,14353406064,17332879468,20731434990,24564660214,28839587034,33553056032,38690355142,44224049910,50113241976,56303220562,62725650520,69299299640,75931334614,82519209216,88953029744,95118463518,100899907388,106184029330,110863265516,114839437770,118026978708,120356003744,121774670914,122251153716,121774670914,120356003744,118026978708,114839437770,110863265516,106184029330,100899907388,95118463518,88953029744,82519209216,75931334614,69299299640,62725650520,56303220562,50113241976,44224049910,38690355142,33553056032,28839587034,24564660214,20731434990,17332879468,14353406064,11770496516,9556444664,7679919290,6107524972,4805076582,3738791858,2876160652,2186708022,1642443356,1218221716,891843578,644099892,458630264,321768366,222267378,151049568,100895304,66176196,42568638,26821656,16527232,9942622,5826966,3319184,1831908,976462,500340,245274,114222,50160,20534,7748,2636,790,202,40,6"
KpEA?C@?Q??@,"0,0,0,0,0,0,7,40,212,788,2629,7620,20162,49101,111830,240086,490286,957557,1798467,3261966,5732823,9791876,16293331,26467120,42044552,65417722,99820726,149555662,220229543,319036222,455029579,639430838,885885278,1210733813,1633175623,2175406007,2862580114,3722710295,4786311231,6085948299,7655479828,9529182971,11740564657,14321080583,17298574187,20695705577,24528206244,28803243534,33517780440,38657203372,44194148144,50087747666,56283281865,62712357396,69293637388,75934132938,82531100082,88974404817,95149444958,100940324113,106233410590,110920840516,114904157324,118097540456,120430897984,121852228889,122329611484,121852228889,120430897984,118097540456,114904157324,110920840516,106233410590,100940324113,95149444958,88974404817,82531100082,75934132938,69293637388,62712357396,56283281865,50087747666,44194148144,38657203372,33517780440,28803243534,24528206244,20695705577,17298574187,14321080583,11740564657,9529182971,7655479828,6085948299,4786311231,3722710295,2862580114,2175406007,1633175623,1210733813,885885278,639430838,455029579,319036222,220229543,149555662,99820726,65417722,42044552,26467120,16293331,9791876,5732823,3261966,1798467,957557,490286,240086,111830,49101,20162,7620,2629,788,212,40,7"
KpEA?C@?Q?G?,"0,0,0,0,0,3,17,85,337,1133,3472,9520,24196,57137,127142,267897,539157,1040188,1934538,3479222,6071864,10307541,17061851,27587346,43647916,67667991,102926377,153766787,225850986,326419213,464583752,651607239,901184940,1229679572,1656314378,2203267755,2895672895,3761466735,4831077272,6136921424,7712694968,9592450421,11809460195,14394893031,17376308405,20776051819,24609563613,28883722262,33595250587,38729335605,44258487406,50141790772,56324567925,62738573073,69302708124,75924339800,82501151782,88923545009,95077484721,100847719678,106121239538,110790836823,114758624356,117939338538,120263300272,121678868577,122154296976,121678868577,120263300272,117939338538,114758624356,110790836823,106121239538,100847719678,95077484721,88923545009,82501151782,75924339800,69302708124,62738573073,56324567925,50141790772,44258487406,38729335605,33595250587,28883722262,24609563613,20776051819,17376308405,14394893031,11809460195,9592450421,7712694968,6136921424,4831077272,3761466735,2895672895,2203267755,1656314378,1229679572,901184940,651607239,464583752,326419213,225850986,153766787,102926377,67667991,43647916,27587346,17061851,10307541,6071864,3479222,1934538,1040188,539157,267897,127142,57137,24196,9520,3472,1133,337,85,17,3"
KpEA?C@?_?_O,"0,0,0,0,0,1,10,53,237,881,2818,8143,21270,51533,116595,249363,506913,987084,1848167,3343927,5863235,9995386,16601479,26925384,42709512,66365955,101144788,151374695,222681972,322292337,459279613,644897103,892804596,1219369297,1643790085,2188273176,2877949277,3740815112,4807327175,6110001501,7682597849,9559307515,11773500312,14356515094,17336030699,20734575743,24567710783,28842481786,33555704799,38692687212,44225973539,50114691095,56304112664,62725934501,69298912958,75930251195,82517395299,88950491555,95115202166,100895964992,106179443014,110858112091,114833786652,118020935472,120349662616,121768156574,122244573636,121768156574,120349662616,118020935472,114833786652,110858112091,106179443014,100895964992,95115202166,88950491555,82517395299,75930251195,69298912958,62725934501,56304112664,50114691095,44225973539,38692687212,33555704799,28842481786,24567710783,20734575743,17336030699,14356515094,11773500312,9559307515,7682597849,6110001501,4807327175,3740815112,2877949277,2188273176,1643790085,1219369297,892804596,644897103,459279613,322292337,222681972,151374695,101144788,66365955,42709512,26925384,16601479,9995386,5863235,3343927,1848167,987084,506913,249363,116595,51533,21270,8143,2818,881,237,53,10,1"
KpEA?C@?_?g?,"0,0,0,0,0,0,4,31,161,670,2279,6904,18627,46252,106534,231163,475107,933537,1760607,3204918,5647844,9669840,16119743,26227591,41717777,64982707,99248480,148818939,219291958,317865897,453586037,637681051,883789292,1208264470,1630300521,2172111293,2858850514,3718553380,4781737047,6080993996,7650186772,9523621560,11734810589,14315236459,17292746801,20690023630,24522798930,28798252987,33513344912,38653462589,44191232253,50085776661,56282361145,62712570535,69295051069,75936782035,82535002654,88979540068,95155778777,100947779936,106241904148,110930245629,114914347368,118108349867,120442170198,121863773245,122341255356,121863773245,120442170198,118108349867,114914347368,110930245629,106241904148,100947779936,95155778777,88979540068,82535002654,75936782035,69295051069,62712570535,56282361145,50085776661,44191232253,38653462589,33513344912,28798252987,24522798930,20690023630,17292746801,14315236459,11734810589,9523621560,7650186772,6080993996,4781737047,3718553380,2858850514,2172111293,1630300521,1208264470,883789292,637681051,453586037,317865897,219291958,148818939,99248480,64982707,41717777,26227591,16119743,9669840,5647844,3204918,1760607,933537,475107,231163,106534,46252,18627,6904,2279,670,161,31,4"
KpEA?C@?_C?O,"0,0,0,0,1,6,34,132,493,1544,4480,11801,29039,66745,145435,301046,597046,1137939,2094686,3734063,6467693,10907611,17951928,28880358,45490378,70244760,106467933,158552416,232214287,334748346,475322777,665249172,918266761,1250766368,1681984134,2234085298,2932164534,3804082750,4880159280,6192658088,7775085832,9661262431,11884196969,14474761536,17460204127,20862546667,24696916356,28969895752,33677956055,38806083297,44326662787,50198736573,56367684747,62765420182,69311114805,75912506819,82467751029,88867800833,94999242344,100747484477,106000195852,110650834174,114602137375,117769397870,120083400036,121492848786,121966213186,121492848786,120083400036,117769397870,114602137375,110650834174,106000195852,100747484477,94999242344,88867800833,82467751029,75912506819,69311114805,62765420182,56367684747,50198736573,44326662787,38806083297,33677956055,28969895752,24696916356,20862546667,17460204127,14474761536,11884196969,9661262431,7775085832,6192658088,4880159280,3804082750,2932164534,2234085298,1681984134,1250766368,918266761,665249172,475322777,334748346,232214287,158552416,106467933,70244760,45490378,28880358,17951928,10907611,6467693,3734063,2094686,1137939,597046,301046,145435,66745,29039,11801,4480,1544,493,132,34,6,1"
KpEA?C@?_CG?,"0,0,0,0,0,1,8,50,234,891,2894,8380,21939,53070,119960,256030,519606,1009800,1887702,3409726,5970083,10163183,16859253,27310797,43274713,67175724,102284693,152947274,224816133,325136522,463012190,649714078,898930614,1227038389,1653255358,2199779803,2891743277,3757106988,4826300772,6131770097,7707213954,9586715106,11803549903,14388914887,17370371963,20770289254,24604105681,28878712915,33590828173,38725639924,44255647147,50139924399,56323778345,62738940960,69304297145,75927181341,82505260886,88928897362,95084043852,100855405825,106129967150,110800477294,114769050870,117950383877,120274808662,121690648249,122166176620,121690648249,120274808662,117950383877,114769050870,110800477294,106129967150,100855405825,95084043852,88928897362,82505260886,75927181341,69304297145,62738940960,56323778345,50139924399,44255647147,38725639924,33590828173,28878712915,24604105681,20770289254,17370371963,14388914887,11803549903,9586715106,7707213954,6131770097,4826300772,3757106988,2891743277,2199779803,1653255358,1227038389,898930614,649714078,463012190,325136522,224816133,152947274,102284693,67175724,43274713,27310797,16859253,10163183,5970083,3409726,1887702,1009800,519606,256030,119960,53070,21939,8380,2894,891,234,50,8,1"
KpEA?C@?a??@,"0,0,0,0,0,1,7,42,184,725,2389,7120,18997,46915,107584,232870,477692,937447,1766191,3213004,5658910,9685029,16139762,26254013,41751347,65025420,99300933,148883420,219368710,317957304,453691427,637802706,883925374,1208416868,1630465809,2172290862,2859038919,3718751727,4781937939,6081198368,7650385456,9523815841,11734989976,14315403376,17292889822,20690146841,24522890519,28798319685,33513375009,38653465474,44191196483,50085714417,56282261240,62712447854,69294894241,75936607915,82534799388,88979326185,95155541350,100947538090,106241643732,110929985934,114914073168,118108080553,120441889208,121863499750,122340972288,121863499750,120441889208,118108080553,114914073168,110929985934,106241643732,100947538090,95155541350,88979326185,82534799388,75936607915,69294894241,62712447854,56282261240,50085714417,44191196483,38653465474,33513375009,28798319685,24522890519,20690146841,17292889822,14315403376,11734989976,9523815841,7650385456,6081198368,4781937939,3718751727,2859038919,2172290862,1630465809,1208416868,883925374,637802706,453691427,317957304,219368710,148883420,99300933,65025420,41751347,26254013,16139762,9685029,5658910,3213004,1766191,937447,477692,232870,107584,46915,18997,7120,2389,725,184,42,7,1"
KpEA?C@?a?G?,"0,0,0,0,0,0,5,39,203,810,2716,7992,21185,51653,117432,251691,512477,998334,1869872,3382700,5930131,10105306,16777346,27196973,43119671,66968091,102011516,152593455,224365409,324570773,462312868,648861773,897907040,1225825831,1651839358,2198148338,2889889894,3755030035,4824006458,6129271117,7704532656,9583881205,11800603622,14385903534,17367352430,20767323563,24601263272,28876065387,33588450700,38723605291,44254027413,50138784385,56323177802,62738928003,69304910693,75928445125,82507187056,88931481181,95087267659,100859234801,106134354540,110805360707,114774358738,117956031965,120280706752,121696697782,122172277824,121696697782,120280706752,117956031965,114774358738,110805360707,106134354540,100859234801,95087267659,88931481181,82507187056,75928445125,69304910693,62738928003,56323177802,50138784385,44254027413,38723605291,33588450700,28876065387,24601263272,20767323563,17367352430,14385903534,11800603622,9583881205,7704532656,6129271117,4824006458,3755030035,2889889894,2198148338,1651839358,1225825831,897907040,648861773,462312868,324570773,224365409,152593455,102011516,66968091,43119671,27196973,16777346,10105306,5930131,3382700,1869872,998334,512477,251691,117432,51653,21185,7992,2716,810,203,39,5"
KpEA?C@O??_@,"0,0,0,0,0,0,4,30,158,646,2212,6675,18043,44874,103549,225101,463634,912586,1724097,3143447,5547630,9511017,15874830,25858753,41175032,64200633,98144013,147288348,217208853,315079356,449920168,632935182,877740853,1200672826,1620913410,2160674290,2845118300,3702303301,4762785872,6059215689,7625529334,9496128121,11704635048,14282657956,17258182481,20654034713,24486088201,28761662545,33477838448,38620102281,44161151446,50060141490,56262324656,62699230882,69289399642,75939652469,82547030690,89001121100,95187032617,100988535576,106291687475,110988279020,114979574462,118179461014,120517642323,121941927919,122420316690,121941927919,120517642323,118179461014,114979574462,110988279020,106291687475,100988535576,95187032617,89001121100,82547030690,75939652469,69289399642,62699230882,56262324656,50060141490,44161151446,38620102281,33477838448,28761662545,24486088201,20654034713,17258182481,14282657956,11704635048,9496128121,7625529334,6059215689,4762785872,3702303301,2845118300,2160674290,1620913410,1200672826,877740853,632935182,449920168,315079356,217208853,147288348,98144013,64200633,41175032,25858753,15874830,9511017,5547630,3143447,1724097,912586,463634,225101,103549,44874,18043,6675,2212,646,158,30,4"
KpEA?C@O??_A,"0,0,0,0,0,1,8,45,211,783,2579,7489,19825,48400,110407,237510,485713,949923,1786060,3242541,5703171,9748026,16229678,26377125,41919746,65248176,99594426,149259349,219847434,318552141,454425611,638688845,884987015,1209663073,1631916537,2173947408,2860914001,3720834145,4784228597,6083671284,7653025868,9526580453,11737849142,14318295972,17295771949,20692945699,24525550678,28800761647,33515541867,38655277142,44192601102,50086643990,56282674488,62712294921,69294155844,75935255529,82532837556,88976756358,95152390348,100943834347,106237441133,110925333521,114909044808,118102747324,120436335755,121857809029,122335239826,121857809029,120436335755,118102747324,114909044808,110925333521,106237441133,100943834347,95152390348,88976756358,82532837556,75935255529,69294155844,62712294921,56282674488,50086643990,44192601102,38655277142,33515541867,28800761647,24525550678,20692945699,17295771949,14318295972,11737849142,9526580453,7653025868,6083671284,4784228597,3720834145,2860914001,2173947408,1631916537,1209663073,884987015,638688845,454425611,318552141,219847434,149259349,99594426,65248176,41919746,26377125,16229678,9748026,5703171,3242541,1786060,949923,485713,237510,110407,48400,19825,7489,2579,783,211,45,8,1"
KpEA?C@O??g?,"0,0,0,0,0,0,5,36,186,748,2517,7484,19970,49061,112158,241680,494200,966501,1816023,3294876,5790435,9889406,16450951,26715262,42422436,65979988,100635666,150713014,221837101,321228634,457962129,643287044,890867564,1217069127,1641099873,2185166867,2874415840,3736847609,4802939597,6105213885,7677456140,9553863979,11767836599,14350716745,17330212915,20728851839,24562221776,28837358670,33551101254,38688735746,44222823112,50112457802,56302922949,62725870980,69300062930,75932648988,82521077484,88955436171,95121389064,100903313013,106187876346,110867495700,114843997350,118031795368,120361013090,121779791617,122256316332,121779791617,120361013090,118031795368,114843997350,110867495700,106187876346,100903313013,95121389064,88955436171,82521077484,75932648988,69300062930,62725870980,56302922949,50112457802,44222823112,38688735746,33551101254,28837358670,24562221776,20728851839,17330212915,14350716745,11767836599,9553863979,7677456140,6105213885,4802939597,3736847609,2874415840,2185166867,1641099873,1217069127,890867564,643287044,457962129,321228634,221837101,150713014,100635666,65979988,42422436,26715262,16450951,9889406,5790435,3294876,1816023,966501,494200,241680,112158,49061,19970,7484,2517,748,186,36,5"
KpEA?C@OA?G?,"0,0,0,0,0,3,19,93,377,1273,3870,10552,26586,62245,137434,287501,574777,1102472,2039640,3651078,6345182,10730945,17702165,28534374,45019580,69615761,105641127,157483543,230853626,333042983,473216070,662684673,915188416,1247123338,1677731534,2229189629,2926604767,3797856617,4873283282,6185173212,7767056364,9652780549,11875379987,14465754277,17451173293,20853681227,24688420249,28961986464,33670854419,38800010637,44321830212,50195341792,56365901917,62765397155,69312963448,75916302326,82473525286,88875543859,95008896987,100758950918,106013329768,110665453655,114618023752,117786303802,120101051374,121510955243,121984471924,121510955243,120101051374,117786303802,114618023752,110665453655,106013329768,100758950918,95008896987,88875543859,82473525286,75916302326,69312963448,62765397155,56365901917,50195341792,44321830212,38800010637,33670854419,28961986464,24688420249,20853681227,17451173293,14465754277,11875379987,9652780549,7767056364,6185173212,4873283282,3797856617,2926604767,2229189629,1677731534,1247123338,915188416,662684673,473216070,333042983,230853626,157483543,105641127,69615761,45019580,28534374,17702165,10730945,6345182,3651078,2039640,1102472,574777,287501,137434,62245,26586,10552,3870,1273,377,93,19,3"
KpD?GC@O??_@,"0,0,0,0,0,0,2,23,132,568,2012,6187,16963,42592,99073,216584,448333,885735,1679061,3069437,5430210,9328059,15598234,25447298,40578510,63348742,96954634,145651061,215000406,312140022,446080502,627983467,871465896,1192819582,1611247903,2148923653,2831063418,3685698348,4743483546,6037058839,7600513835,9468256931,11674120870,14249729281,17223328068,20617750337,24449163251,28724857644,33442215904,38586627810,44131071101,50034504863,56242413915,62686009664,69284000024,75942758725,82559432493,89023045620,95218768704,101029729821,106342042243,111046826133,115045442114,118251136711,120593796804,122020674943,122500073650,122020674943,120593796804,118251136711,115045442114,111046826133,106342042243,101029729821,95218768704,89023045620,82559432493,75942758725,69284000024,62686009664,56242413915,50034504863,44131071101,38586627810,33442215904,28724857644,24449163251,20617750337,17223328068,14249729281,11674120870,9468256931,7600513835,6037058839,4743483546,3685698348,2831063418,2148923653,1611247903,1192819582,871465896,627983467,446080502,312140022,215000406,145651061,96954634,63348742,40578510,25447298,15598234,9328059,5430210,3069437,1679061,885735,448333,216584,99073,42592,16963,6187,2012,568,132,23,2"
KpD?GC@O??_A,"0,0,0,0,0,1,5,35,159,667,2240,6781,18259,45389,104507,227022,466937,918364,1733487,3158637,5570856,9546300,15926251,25932873,41278526,64343296,98335542,147542437,217538145,315500991,450448960,633590427,878537497,1201630008,1622042890,2161991479,2846627867,3704012886,4764688556,6061307275,7627787702,9498534720,11707150781,14285248967,17260793178,20656618486,24488576234,28764000215,33479949893,38621932272,44162625364,50061211578,56262925931,62699331731,69288952124,75938647327,82545442852,88998967975,95184314748,100985297524,106287954647,110984121205,114975038548,118174636168,120512591143,121936752720,122415088162,121936752720,120512591143,118174636168,114975038548,110984121205,106287954647,100985297524,95184314748,88998967975,82545442852,75938647327,69288952124,62699331731,56262925931,50061211578,44162625364,38621932272,33479949893,28764000215,24488576234,20656618486,17260793178,14285248967,11707150781,9498534720,7627787702,6061307275,4764688556,3704012886,2846627867,2161991479,1622042890,1201630008,878537497,633590427,450448960,315500991,217538145,147542437,98335542,64343296,41278526,25932873,15926251,9546300,5570856,3158637,1733487,918364,466937,227022,104507,45389,18259,6781,2240,667,159,35,5,1"
KpD?GC@O??g?,"0,0,0,0,0,0,2,26,160,680,2368,7136,19258,47534,109196,235928,483778,947760,1784218,3241454,5704456,9752920,16241726,26398912,41957938,65307170,99685434,149388930,220032700,318801408,454762436,639122100,885546738,1210355362,1632777046,2174975220,2862147186,3722259578,4785883934,6085522846,7655108540,9528834766,11740302956,14320860412,17298468744,20695652004,24528286476,28803372994,33518049560,38657504258,44194580262,50088179540,56283824236,62712857892,69294220320,75934628758,82531650126,88974827890,95149902390,100940627784,106233741644,110921009094,114904363192,118097593220,120431012066,121852215104,122329691800,121852215104,120431012066,118097593220,114904363192,110921009094,106233741644,100940627784,95149902390,88974827890,82531650126,75934628758,69294220320,62712857892,56283824236,50088179540,44194580262,38657504258,33518049560,28803372994,24528286476,20695652004,17298468744,14320860412,11740302956,9528834766,7655108540,6085522846,4785883934,3722259578,2862147186,2174975220,1632777046,1210355362,885546738,639122100,454762436,318801408,220032700,149388930,99685434,65307170,41957938,26398912,16241726,9752920,5704456,3241454,1784218,947760,483778,235928,109196,47534,19258,7136,2368,680,160,26,2"
KpD?GC@OA?G?,"0,0,0,0,0,1,14,83,351,1247,3811,10470,26406,61884,136478,285587,570523,1094267,2023973,3623232,6296489,10650341,17571148,28329588,44705768,69149101,104960161,156514831,229499269,331190277,470723217,659394819,910914474,1241668875,1670874723,2220713066,2916279681,3785480986,4858666673,6168183091,7747601684,9630864024,11851077324,14439267210,17422802160,20823873346,24657730199,28931115658,33640596481,38771278245,44295585260,50172607582,56347682064,62752677151,69306623144,75917114664,82482072520,88892220942,95033842231,100792062745,106054219404,110713483629,114672285648,117845679170,120164216318,121576459644,122050760628,121576459644,120164216318,117845679170,114672285648,110713483629,106054219404,100792062745,95033842231,88892220942,82482072520,75917114664,69306623144,62752677151,56347682064,50172607582,44295585260,38771278245,33640596481,28931115658,24657730199,20823873346,17422802160,14439267210,11851077324,9630864024,7747601684,6168183091,4858666673,3785480986,2916279681,2220713066,1670874723,1241668875,910914474,659394819,470723217,331190277,229499269,156514831,104960161,69149101,44705768,28329588,17571148,10650341,6296489,3623232,2023973,1094267,570523,285587,136478,61884,26406,10470,3811,1247,351,83,14,1"
KpD?GCA?_C?O,"0,0,0,0,1,10,46,214,723,2246,6206,15823,37477,83711,177393,359020,697708,1307395,2370698,4171877,7144079,11928955,19459886,31062214,48586038,74557624,112371895,166501222,242744755,348484614,492972621,687597656,946161325,1285096504,1723651328,2283966138,2991065026,3872684932,4958964118,6281921898,7874759816,9770930787,12003026283,14601455066,17592977577,20999114813,24834509222,29105292016,33807549725,38925968805,44432751719,50286888693,56433861889,62805845238,69322439415,75891971057,82413332909,88778343301,94874552886,100588398223,105808597604,110429639926,114355227375,117501512364,119799991294,121199905498,121670053578,121199905498,119799991294,117501512364,114355227375,110429639926,105808597604,100588398223,94874552886,88778343301,82413332909,75891971057,69322439415,62805845238,56433861889,50286888693,44432751719,38925968805,33807549725,29105292016,24834509222,20999114813,17592977577,14601455066,12003026283,9770930787,7874759816,6281921898,4958964118,3872684932,2991065026,2283966138,1723651328,1285096504,946161325,687597656,492972621,348484614,242744755,166501222,112371895,74557624,48586038,31062214,19459886,11928955,7144079,4171877,2370698,1307395,697708,359020,177393,83711,37477,15823,6206,2246,723,214,46,10,1"
KpD?GCA?_C?_,"0,0,0,0,0,3,21,101,409,1375,4128,11151,27869,64773,142153,295922,589117,1126126,2077435,3709591,6433486,10861106,17889551,28798563,45384736,70110716,106300236,158346395,231964385,334450063,474971388,664841343,917799395,1250238542,1681395240,2233437689,2931461393,3803330158,4879364380,6191831101,7774237362,9660406374,11883347315,14473934529,17459415784,20861814610,24696256522,28969325467,33677489981,38805736362,44326446900,50198663416,56367761937,62765654929,69311509468,75913062989,82468465626,88868670035,95000257524,100748636710,106001471285,110652219131,114603613822,117770948254,120085003003,121494484672,121967859238,121494484672,120085003003,117770948254,114603613822,110652219131,106001471285,100748636710,95000257524,88868670035,82468465626,75913062989,69311509468,62765654929,56367761937,50198663416,44326446900,38805736362,33677489981,28969325467,24696256522,20861814610,17459415784,14473934529,11883347315,9660406374,7774237362,6191831101,4879364380,3803330158,2931461393,2233437689,1681395240,1250238542,917799395,664841343,474971388,334450063,231964385,158346395,106300236,70110716,45384736,28798563,17889551,10861106,6433486,3709591,2077435,1126126,589117,295922,142153,64773,27869,11151,4128,1375,409,101,21,3"
KpD?GCA?_CG?,"0,0,0,0,1,8,38,168,577,1798,5069,13065,31528,71474,153767,315389,620600,1175526,2152917,3822085,6597153,11094205,18214923,29244007,45983720,70902273,107329315,159662972,233623441,336509344,477490953,667880242,921414476,1254479678,1686304252,2239042378,2937774764,3810344199,4887050128,6200132863,7783075007,9669670261,11892902895,14483619314,17469046643,20871186353,24705152159,28977516479,33684747627,38811834043,44331171828,50201818348,56369177225,62765189286,69309059623,75908563901,82461897102,88860054250,94989663662,100736175966,105987298231,110636525528,114586626925,117752923160,120066219851,121475239277,121948458852,121475239277,120066219851,117752923160,114586626925,110636525528,105987298231,100736175966,94989663662,88860054250,82461897102,75908563901,69309059623,62765189286,56369177225,50201818348,44331171828,38811834043,33684747627,28977516479,24705152159,20871186353,17469046643,14483619314,11892902895,9669670261,7783075007,6200132863,4887050128,3810344199,2937774764,2239042378,1686304252,1254479678,921414476,667880242,477490953,336509344,233623441,159662972,107329315,70902273,45983720,29244007,18214923,11094205,6597153,3822085,2152917,1175526,620600,315389,153767,71474,31528,13065,5069,1798,577,168,38,8,1"
KpD?GCA?_G?@,"0,0,0,0,0,1,12,59,271,945,3020,8515,22080,52957,119257,253709,514355,998600,1866389,3371017,5903637,10052894,16683383,27037690,42862916,66569267,101412458,151718251,223119510,322837259,459952217,645710943,893779968,1220516845,1645126673,2189802890,2879681213,3742743190,4809448729,6112296581,7685048899,9561879311,11776159496,14359211438,17338716331,20737189203,24570193419,28844766790,33557729517,38694386860,44227289215,50115568533,56304503924,62725803641,69298229594,75929002147,82515571823,88948107361,95112270986,100892526134,106175532146,110853790947,114829109060,118015980954,120344497002,121762870824,122239240820,121762870824,120344497002,118015980954,114829109060,110853790947,106175532146,100892526134,95112270986,88948107361,82515571823,75929002147,69298229594,62725803641,56304503924,50115568533,44227289215,38694386860,33557729517,28844766790,24570193419,20737189203,17338716331,14359211438,11776159496,9561879311,7685048899,6112296581,4809448729,3742743190,2879681213,2189802890,1645126673,1220516845,893779968,645710943,459952217,322837259,223119510,151718251,101412458,66569267,42862916,27037690,16683383,10052894,5903637,3371017,1866389,998600,514355,253709,119257,52957,22080,8515,3020,945,271,59,12,1"
KpD?GCA?_G?_,"0,0,0,0,0,2,14,74,310,1092,3424,9539,24455,58050,129489,273183,549858,1060552,1971145,3542155,6176096,10474629,17321740,27981069,44229994,68509181,104116825,155418510,228100171,329427892,468540584,656725712,907701841,1237849182,1666401968,2215539052,2910383028,3778843363,4851306104,6160125085,7738916288,9621631103,11841425902,14429334992,17412776575,20813945181,24648134387,28922080103,33632383066,38764127473,44289757488,50168325912,56345172416,62752112610,69308164898,75920857039,82488085612,88900499786,95044350093,100804686804,106068815315,110729834634,114690150654,117864756744,120184192525,121596977137,122071467122,121596977137,120184192525,117864756744,114690150654,110729834634,106068815315,100804686804,95044350093,88900499786,82488085612,75920857039,69308164898,62752112610,56345172416,50168325912,44289757488,38764127473,33632383066,28922080103,24648134387,20813945181,17412776575,14429334992,11841425902,9621631103,7738916288,6160125085,4851306104,3778843363,2910383028,2215539052,1666401968,1237849182,907701841,656725712,468540584,329427892,228100171,155418510,104116825,68509181,44229994,27981069,17321740,10474629,6176096,3542155,1971145,1060552,549858,273183,129489,58050,24455,9539,3424,1092,310,74,14,2"
KpD?GCA?_GG?,"0,0,0,0,0,1,12,64,284,1027,3233,9098,23394,55831,124914,264535,533752,1032427,1922993,3463244,6049235,10277567,17021246,27535396,43580469,67584393,102821687,153641282,225699019,326242430,464376716,651373522,900919595,1229389243,1655994822,2202928811,2895311841,3761096529,4830696214,6136545310,7712322473,9592099318,11809128949,14394599643,17376049987,20775845856,24609404890,28883625852,33595208349,38729359952,44258567228,50141935266,56324763599,62738826432,69303003971,75924682705,82501526131,88923954275,95077914418,100848173212,106121703699,110791316310,114759107668,117939830627,120263791765,121679365598,122154790714,121679365598,120263791765,117939830627,114759107668,110791316310,106121703699,100848173212,95077914418,88923954275,82501526131,75924682705,69303003971,62738826432,56324763599,50141935266,44258567228,38729359952,33595208349,28883625852,24609404890,20775845856,17376049987,14394599643,11809128949,9592099318,7712322473,6136545310,4830696214,3761096529,2895311841,2202928811,1655994822,1229389243,900919595,651373522,464376716,326242430,225699019,153641282,102821687,67584393,43580469,27535396,17021246,10277567,6049235,3463244,1922993,1032427,533752,264535,124914,55831,23394,9098,3233,1027,284,64,12,1"
KpD?GCA?a??@,"0,0,0,0,0,1,14,69,307,1069,3323,9203,23535,55756,124361,262660,529295,1022717,1904250,3428687,5989217,10177036,16859380,27282177,43196078,67014760,101997974,152475093,224082052,324042419,461438583,647517057,895943371,1223071601,1648101487,2193218822,2883549679,3747062929,4814204725,6117457612,7690566818,9567688107,11782175770,14365334246,17344829903,20743164055,24575890372,28850040005,33562430857,38698370238,44230415438,50117709354,56305547022,62725656209,69296821524,75926289567,82511538292,88942765414,95105662314,100884721051,106166627723,110843910299,114818396826,118004601382,120332629443,121750706161,122226975954,121750706161,120332629443,118004601382,114818396826,110843910299,106166627723,100884721051,95105662314,88942765414,82511538292,75926289567,69296821524,62725656209,56305547022,50117709354,44230415438,38698370238,33562430857,28850040005,24575890372,20743164055,17344829903,14365334246,11782175770,9567688107,7690566818,6117457612,4814204725,3747062929,2883549679,2193218822,1648101487,1223071601,895943371,647517057,461438583,324042419,224082052,152475093,101997974,67014760,43196078,27282177,16859380,10177036,5989217,3428687,1904250,1022717,529295,262660,124361,55756,23535,9203,3323,1069,307,69,14,1"
KpD?GCA?a?G?,"0,0,0,0,1,8,37,157,532,1662,4685,12128,29454,67173,145340,299815,592913,1128118,2074440,3696036,6399904,10793354,17766301,28589429,45047621,69588967,105519612,157212219,230358701,332229447,471965785,660854009,912609053,1243602379,1673055828,2223130546,2918927800,3788329625,4861692572,6171336077,7750841083,9634121697,11854298939,14442371646,17425728574,20826537339,24660073358,28933060495,33642096905,38772272729,44296048361,50172500819,56347003993,62751414999,69304800086,75914741437,82479192618,88888862675,95030061596,100787898783,106049734078,110708719393,114667304519,117840522965,120158944320,121571111714,122045393634,121571111714,120158944320,117840522965,114667304519,110708719393,106049734078,100787898783,95030061596,88888862675,82479192618,75914741437,69304800086,62751414999,56347003993,50172500819,44296048361,38772272729,33642096905,28933060495,24660073358,20826537339,17425728574,14442371646,11854298939,9634121697,7750841083,6171336077,4861692572,3788329625,2918927800,2223130546,1673055828,1243602379,912609053,660854009,471965785,332229447,230358701,157212219,105519612,69588967,45047621,28589429,17766301,10793354,6399904,3696036,2074440,1128118,592913,299815,145340,67173,29454,12128,4685,1662,532,157,37,8,1"
KpD?GCA@??_A,"0,0,0,0,0,1,10,51,235,833,2706,7739,20344,49339,112145,240437,490707,957886,1798729,3261793,5732177,9790188,16290375,26461958,42036970,65406203,99804914,149533821,220200984,318998855,454983187,639372755,885815554,1210650323,1633078399,2175293334,2862453527,3722567984,4786155681,6085779693,7655300549,9528994379,11740371256,14320883554,17298378729,20695515643,24528025469,28803076698,33517632741,38657078068,44194049603,50087681611,56283248744,62712362667,69293682108,75934219189,82531226483,88974575385,95149652834,100940572326,106233693002,110921155751,114904497010,118097905462,120431275022,121852618270,122330002552,121852618270,120431275022,118097905462,114904497010,110921155751,106233693002,100940572326,95149652834,88974575385,82531226483,75934219189,69293682108,62712362667,56283248744,50087681611,44194049603,38657078068,33517632741,28803076698,24528025469,20695515643,17298378729,14320883554,11740371256,9528994379,7655300549,6085779693,4786155681,3722567984,2862453527,2175293334,1633078399,1210650323,885815554,639372755,454983187,318998855,220200984,149533821,99804914,65406203,42036970,26461958,16290375,9790188,5732177,3261793,1798729,957886,490707,240437,112145,49339,20344,7739,2706,833,235,51,10,1"
KpD?GCA@??__,"0,0,0,0,0,0,5,36,186,746,2526,7518,20069,49308,112722,242783,496314,970260,1822482,3305428,5807249,9915202,16489710,26771717,42503082,66092271,100789248,150918582,222107721,321577944,458406121,643841496,891549685,1217894349,1642083951,2186321899,2875752390,3738370340,4804649605,6107104254,7679514891,9556069727,11770161817,14353124307,17332660009,20731287373,24564590229,28839598931,33553150592,38690530052,44224300335,50113559243,56303595405,62726069150,69299750302,75931800932,82519679955,88953489558,95118905076,100900319010,106184409725,110863608354,114839748638,118027256950,120356260673,121774910120,122251390226,121774910120,120356260673,118027256950,114839748638,110863608354,106184409725,100900319010,95118905076,88953489558,82519679955,75931800932,69299750302,62726069150,56303595405,50113559243,44224300335,38690530052,33553150592,28839598931,24564590229,20731287373,17332660009,14353124307,11770161817,9556069727,7679514891,6107104254,4804649605,3738370340,2875752390,2186321899,1642083951,1217894349,891549685,643841496,458406121,321577944,222107721,150918582,100789248,66092271,42503082,26771717,16489710,9915202,5807249,3305428,1822482,970260,496314,242783,112722,49308,20069,7518,2526,746,186,36,5"
KpD?GCA@??g?,"0,0,0,0,0,1,9,48,214,787,2569,7469,19730,48235,110035,236909,484554,948205,1783176,3238395,5696802,9739300,16217100,26360600,41897203,65219573,99557110,149213686,219790211,318484330,454343763,638594980,884877541,1209541508,1631779311,2173799900,2860752997,3720666942,4784052199,6083494925,7652846534,9526408982,11737682076,14318145164,17295632999,20692831036,24525454384,28800695796,33515498587,38655267875,44192615867,50086693513,56282746866,62712399936,69294280027,75935408288,82533004326,88976946299,95152588657,100944050686,106237660819,110925566856,114909277372,118102989929,120436574605,121858055603,122335480534,121858055603,120436574605,118102989929,114909277372,110925566856,106237660819,100944050686,95152588657,88976946299,82533004326,75935408288,69294280027,62712399936,56282746866,50086693513,44192615867,38655267875,33515498587,28800695796,24525454384,20692831036,17295632999,14318145164,11737682076,9526408982,7652846534,6083494925,4784052199,3720666942,2860752997,2173799900,1631779311,1209541508,884877541,638594980,454343763,318484330,219790211,149213686,99557110,65219573,41897203,26360600,16217100,9739300,5696802,3238395,1783176,948205,484554,236909,110035,48235,19730,7469,2569,787,214,48,9,1"
KpD?GCA@?G?_,"0,0,0,0,0,3,17,89,359,1237,3790,10424,26364,61963,137056,287141,574549,1102774,2040908,3654286,6351568,10742615,17721763,28565802,45067636,69686893,105743009,157625919,231047458,333301227,473552902,663115809,915729758,1247791204,1678541286,2230155507,2927738169,3799165629,4874771090,6186837522,7768888338,9654764279,11877491755,14467962625,17453439445,20855959349,24690658363,28964127464,33672838089,38801775179,44323314876,50196488292,56366656993,62765713989,69312804376,75915639644,82472343114,88873838325,95006677917,100756241046,106010164874,110661880945,114614101438,117782098888,120096639054,121506416127,121979890312,121506416127,120096639054,117782098888,114614101438,110661880945,106010164874,100756241046,95006677917,88873838325,82472343114,75915639644,69312804376,62765713989,56366656993,50196488292,44323314876,38801775179,33672838089,28964127464,24690658363,20855959349,17453439445,14467962625,11877491755,9654764279,7768888338,6186837522,4874771090,3799165629,2927738169,2230155507,1678541286,1247791204,915729758,663115809,473552902,333301227,231047458,157625919,105743009,69686893,45067636,28565802,17721763,10742615,6351568,3654286,2040908,1102774,574549,287141,137056,61963,26364,10424,3790,1237,359,89,17,3"
KpD?GCA@?GG?,"0,0,0,0,0,0,5,41,209,834,2785,8147,21525,52346,118759,254045,516593,1005125,1880902,3399807,5956241,10143885,16833401,27276133,43229905,67117765,102211979,152856381,224705372,325002101,462853076,649526243,898713954,1226789739,1652975656,2199467000,2891400696,3756733575,4825902082,6131347735,7706774805,9586262760,11803094446,14388460558,17369930461,20769867670,24603714704,28878360637,33590526678,38725395300,44255470276,50139822608,56323757888,62739007569,69304455931,75927432944,82505606297,88929337114,95084571700,100856019238,106130658518,110801237819,114769869234,117951251909,120275708804,121691570812,122167105888,121691570812,120275708804,117951251909,114769869234,110801237819,106130658518,100856019238,95084571700,88929337114,82505606297,75927432944,69304455931,62739007569,56323757888,50139822608,44255470276,38725395300,33590526678,28878360637,24603714704,20769867670,17369930461,14388460558,11803094446,9586262760,7706774805,6131347735,4825902082,3756733575,2891400696,2199467000,1652975656,1226789739,898713954,649526243,462853076,325002101,224705372,152856381,102211979,67117765,43229905,27276133,16833401,10143885,5956241,3399807,1880902,1005125,516593,254045,118759,52346,21525,8147,2785,834,209,41,5"
KpD?GCA@A??@,"0,0,0,0,0,0,4,31,167,688,2357,7081,19048,47104,108195,234114,480305,942031,1774342,3226193,5680136,9717185,16188163,26323600,41850511,65161824,99486711,149129253,219690705,318368611,454211297,638445515,884711761,1209359514,1631583835,2173591797,2860536272,3720443675,4783828219,6083271429,7652631952,9526203899,11737495065,14317976619,17295492320,20692714611,24525373701,28800644304,33515486014,38655286298,44192675215,50086780033,56282873363,62712549537,69294463611,75935609032,82533234648,88977184422,95152851902,100944315982,106237944013,110925847735,114909573742,118103277791,120436876731,121858347932,122335783042,121858347932,120436876731,118103277791,114909573742,110925847735,106237944013,100944315982,95152851902,88977184422,82533234648,75935609032,69294463611,62712549537,56282873363,50086780033,44192675215,38655286298,33515486014,28800644304,24525373701,20692714611,17295492320,14317976619,11737495065,9526203899,7652631952,6083271429,4783828219,3720443675,2860536272,2173591797,1631583835,1209359514,884711761,638445515,454211297,318368611,219690705,149129253,99486711,65161824,41850511,26323600,16188163,9717185,5680136,3226193,1774342,942031,480305,234114,108195,47104,19048,7081,2357,688,167,31,4"
KpD?GCA@A?G?,"0,0,0,0,0,1,10,58,264,975,3109,8825,22849,54775,122999,261182,528174,1023299,1908660,3441205,6016393,10229432,16952608,27439069,43448439,67406028,102585732,153333388,225304912,325744466,463758582,650615776,900006244,1228301665,1654720712,2201454037,2893631961,3759206068,4828603086,6134256755,7709862245,9589489739,11806411571,14391812645,17373251792,20773087553,24606758145,28881150081,33592982115,38727442849,44257036194,50140841678,56324174131,62738775566,69303540031,75925816486,82503281951,88926314999,95080877351,100851692350,106125749768,110795816770,114764010652,117945042865,120269244530,121684951611,122160432520,121684951611,120269244530,117945042865,114764010652,110795816770,106125749768,100851692350,95080877351,88926314999,82503281951,75925816486,69303540031,62738775566,56324174131,50140841678,44257036194,38727442849,33592982115,28881150081,24606758145,20773087553,17373251792,14391812645,11806411571,9589489739,7709862245,6134256755,4828603086,3759206068,2893631961,2201454037,1654720712,1228301665,900006244,650615776,463758582,325744466,225304912,153333388,102585732,67406028,43448439,27439069,16952608,10229432,6016393,3441205,1908660,1023299,528174,261182,122999,54775,22849,8825,3109,975,264,58,10,1"
KpD?GCAO??_@,"0,0,0,0,0,1,9,47,215,783,2552,7379,19479,47539,108395,233340,477439,934578,1758587,3195661,5625210,9623068,16034065,26079617,41476550,64603886,98675162,147975323,218084521,316177109,451276894,634586411,879722833,1203017146,1623648582,2163820455,2848687371,3706295806,4767188456,6064001339,7630652890,9501530938,11710237125,14288368969,17263890056,20659623106,24491420742,28766609441,33482252027,38623854536,44164100632,50062178614,56263330653,62699132673,69288115646,75937157803,82543291626,88996168763,95180885320,100981280652,106283393765,110979084609,114969590974,118168866434,120506578957,121930599730,122408882354,121930599730,120506578957,118168866434,114969590974,110979084609,106283393765,100981280652,95180885320,88996168763,82543291626,75937157803,69288115646,62699132673,56263330653,50062178614,44164100632,38623854536,33482252027,28766609441,24491420742,20659623106,17263890056,14288368969,11710237125,9501530938,7630652890,6064001339,4767188456,3706295806,2848687371,2163820455,1623648582,1203017146,879722833,634586411,451276894,316177109,218084521,147975323,98675162,64603886,41476550,26079617,16034065,9623068,5625210,3195661,1758587,934578,477439,233340,108395,47539,19479,7379,2552,783,215,47,9,1"
KpD?GCAO??_A,"0,0,0,0,0,0,7,44,220,826,2719,7825,20635,50023,113561,243195,495628,966257,1812500,3283543,5765439,9839727,16362193,26563623,42177886,65597355,100059463,149866610,220628644,319539208,455655249,640195302,886807547,1211828775,1634458373,2176885681,2864265266,3724599336,4788401047,6088224604,7657923312,9531763502,11743247961,14323818863,17301317902,20698395454,24530779483,28805633329,33519920970,38659025901,44195590270,50088751208,56283793549,62712336112,69293050844,75932960073,82529332378,88972050741,95146518829,100936861057,106229452421,110916443818,114899384914,118092470804,120425605753,121846805044,122324141726,121846805044,120425605753,118092470804,114899384914,110916443818,106229452421,100936861057,95146518829,88972050741,82529332378,75932960073,69293050844,62712336112,56283793549,50088751208,44195590270,38659025901,33519920970,28805633329,24530779483,20698395454,17301317902,14323818863,11743247961,9531763502,7657923312,6088224604,4788401047,3724599336,2864265266,2176885681,1634458373,1211828775,886807547,640195302,455655249,319539208,220628644,149866610,100059463,65597355,42177886,26563623,16362193,9839727,5765439,3283543,1812500,966257,495628,243195,113561,50023,20635,7825,2719,826,220,44,7"
KpD?GCAO??g?,"0,0,0,0,0,1,12,63,273,979,3075,8670,22366,53552,120218,255473,517065,1002979,1872845,3380778,5917329,10072403,16709672,27073318,42909224,66629435,101487949,151812811,223234427,322976381,460116155,645903041,893999748,1220766721,1645404457,2190109386,2880012119,3743097452,4809819955,6112681681,7685439676,9562270912,11776542658,14359580248,17339061192,20737503492,24570468367,28844996498,33557906831,38694507011,44227347572,50115561390,56304429956,62725660991,69298019554,75928724614,82515231182,88947704676,95111813477,100892015557,106174977200,110853194493,114828481590,118015325386,120343825004,121762185364,122238553524,121762185364,120343825004,118015325386,114828481590,110853194493,106174977200,100892015557,95111813477,88947704676,82515231182,75928724614,69298019554,62725660991,56304429956,50115561390,44227347572,38694507011,33557906831,28844996498,24570468367,20737503492,17339061192,14359580248,11776542658,9562270912,7685439676,6112681681,4809819955,3743097452,2880012119,2190109386,1645404457,1220766721,893999748,645903041,460116155,322976381,223234427,151812811,101487949,66629435,42909224,27073318,16709672,10072403,5917329,3380778,1872845,1002979,517065,255473,120218,53552,22366,8670,3075,979,273,63,12,1"
KpD?GCAOA?G?,"0,0,0,0,1,8,38,160,551,1728,4873,12626,30615,69670,150384,309448,610472,1158886,2126400,3781152,6535419,11003504,18084433,29060362,45730220,70559068,106872622,159065842,232855210,335537024,476278743,666391780,919613271,1252331798,1683779018,2236115452,2934429382,3806574844,4882863094,6195549456,7778131653,9664420934,11887418475,14477987948,17463371870,20865585938,24699755108,28972460550,33680174637,38807886100,44327986388,50199523524,56367888349,62765003736,69310053473,75910788066,82465376498,88864785088,94995613379,100743281888,105995470872,110645648840,114596563005,117763512714,120077288530,121486599706,121959917686,121486599706,120077288530,117763512714,114596563005,110645648840,105995470872,100743281888,94995613379,88864785088,82465376498,75910788066,69310053473,62765003736,56367888349,50199523524,44327986388,38807886100,33680174637,28972460550,24699755108,20865585938,17463371870,14477987948,11887418475,9664420934,7778131653,6195549456,4882863094,3806574844,2934429382,2236115452,1683779018,1252331798,919613271,666391780,476278743,335537024,232855210,159065842,106872622,70559068,45730220,29060362,18084433,11003504,6535419,3781152,2126400,1158886,610472,309448,150384,69670,30615,12626,4873,1728,551,160,38,8,1"
KpD?GCC?GG?@,"0,0,0,0,0,0,2,26,136,612,2126,6599,18031,45152,104657,228049,470172,925876,1749315,3188215,5624538,9637087,16076020,26168719,41642490,64885093,99128265,148668702,219113615,317650456,453339636,637393108,883472029,1207905940,1629921056,2171696878,2858431734,3718112657,4781316322,6080569899,7649812714,9523264893,11734535990,14314998048,17292619305,20689943739,24522850223,28798351041,33513581696,38653730663,44191632234,50086178236,56282875656,62713046714,69295613218,75937262091,82535541034,88979957026,95156233853,100948086922,106242241899,110930425824,114914566872,118108420294,120442302477,121863780121,122341355342,121863780121,120442302477,118108420294,114914566872,110930425824,106242241899,100948086922,95156233853,88979957026,82535541034,75937262091,69295613218,62713046714,56282875656,50086178236,44191632234,38653730663,33513581696,28798351041,24522850223,20689943739,17292619305,14314998048,11734535990,9523264893,7649812714,6080569899,4781316322,3718112657,2858431734,2171696878,1629921056,1207905940,883472029,637393108,453339636,317650456,219113615,148668702,99128265,64885093,41642490,26168719,16076020,9637087,5624538,3188215,1749315,925876,470172,228049,104657,45152,18031,6599,2126,612,136,26,2"
KpD?GCC?GG?_,"0,0,0,0,0,1,10,59,269,1005,3204,9173,23720,56831,127389,270021,544639,1053166,1959929,3526743,6154151,10445916,17282701,27932116,44166744,68432971,104022938,155310505,227973508,329289609,468387685,656569717,907542026,1237703145,1666271579,2215447870,2910335643,3778867764,4851407667,6160333983,7739235267,9622087701,11842016378,14430079598,17413660261,20814975433,24649281787,28923335916,33633702673,38765485978,44291096727,50169608789,56346334486,62753110879,69308937566,75921365933,82488282215,88900360683,95043850608,100803826822,106067599224,110728289799,114688311336,117862675796,120181929162,121594601834,122069052836,121594601834,120181929162,117862675796,114688311336,110728289799,106067599224,100803826822,95043850608,88900360683,82488282215,75921365933,69308937566,62753110879,56346334486,50169608789,44291096727,38765485978,33633702673,28923335916,24649281787,20814975433,17413660261,14430079598,11842016378,9622087701,7739235267,6160333983,4851407667,3778867764,2910335643,2215447870,1666271579,1237703145,907542026,656569717,468387685,329289609,227973508,155310505,104022938,68432971,44166744,27932116,17282701,10445916,6154151,3526743,1959929,1053166,544639,270021,127389,56831,23720,9173,3204,1005,269,59,10,1"
KpD?GCC?GGG?,"0,0,0,0,0,0,2,27,157,672,2359,7166,19381,47988,110436,238789,489805,959667,1806261,3280450,5770806,9861760,16414843,26666567,42361255,65900415,100539116,150591763,221694876,321055487,457765705,643054941,890612916,1216776618,1640789755,2184820149,2874061806,3736462214,4802562337,6104813918,7677084170,9553480024,11767503133,14350382011,17329951377,20728597658,24562061456,28837209669,33551062174,38688706059,44222913707,50112549769,56303139955,62726075867,69300392389,75932949405,82521498598,88955809804,95121878045,100903737506,106188411114,110867951959,114844559694,118032268545,120361589136,121780271813,122256896444,121780271813,120361589136,118032268545,114844559694,110867951959,106188411114,100903737506,95121878045,88955809804,82521498598,75932949405,69300392389,62726075867,56303139955,50112549769,44222913707,38688706059,33551062174,28837209669,24562061456,20728597658,17329951377,14350382011,11767503133,9553480024,7677084170,6104813918,4802562337,3736462214,2874061806,2184820149,1640789755,1216776618,890612916,643054941,457765705,321055487,221694876,150591763,100539116,65900415,42361255,26666567,16414843,9861760,5770806,3280450,1806261,959667,489805,238789,110436,47988,19381,7166,2359,672,157,27,2"
KpD?GCC?I??@,"0,0,0,0,0,0,2,24,130,574,2026,6279,17233,43328,100789,220343,455770,899926,1704555,3113647,5504018,9447635,15786038,25735107,41008450,63977121,97853275,146911274,216734039,314482728,449191206,632046176,876685883,1199422122,1619470826,2159010950,2843252792,3700211025,4760506232,6056729141,7622901468,9493345539,11701790168,14279742710,17255316821,20651208519,24483447309,28759188835,33475694430,38618254997,44159774000,50059173146,56261943580,62699342710,69290175684,75940962149,82549035646,89003647204,95190231943,100992195024,106295942945,110992886882,114984659190,118184749626,120523254321,121947573939,122426108434,121947573939,120523254321,118184749626,114984659190,110992886882,106295942945,100992195024,95190231943,89003647204,82549035646,75940962149,69290175684,62699342710,56261943580,50059173146,44159774000,38618254997,33475694430,28759188835,24483447309,20651208519,17255316821,14279742710,11701790168,9493345539,7622901468,6056729141,4760506232,3700211025,2843252792,2159010950,1619470826,1199422122,876685883,632046176,449191206,314482728,216734039,146911274,97853275,63977121,41008450,25735107,15786038,9447635,5504018,3113647,1704555,899926,455770,220343,100789,43328,17233,6279,2026,574,130,24,2"
KpD?GCC?I?G?,"0,0,0,0,0,1,9,50,230,845,2761,7970,20919,50795,115230,246818,502626,979779,1836493,3325562,5835418,9953839,16541468,26839973,42591109,66204240,100928711,151090188,222314654,321824756,458694709,644175434,891928694,1218320482,1642553599,2186834752,2876300959,3738951777,4805252283,6107723334,7680134808,9556684397,11770753030,14353686044,17333172414,20731746205,24564975489,28839909935,33553368911,38690659284,44224324149,50113486545,56303412228,62725789734,69299363247,75931324799,82519105242,88952838931,95118169628,100899523720,106183546106,110862702794,114838792618,118026278089,120355249670,121773894684,122250360996,121773894684,120355249670,118026278089,114838792618,110862702794,106183546106,100899523720,95118169628,88952838931,82519105242,75931324799,69299363247,62725789734,56303412228,50113486545,44224324149,38690659284,33553368911,28839909935,24564975489,20731746205,17333172414,14353686044,11770753030,9556684397,7680134808,6107723334,4805252283,3738951777,2876300959,2186834752,1642553599,1218320482,891928694,644175434,458694709,321824756,222314654,151090188,100928711,66204240,42591109,26839973,16541468,9953839,5835418,3325562,1836493,979779,502626,246818,115230,50795,20919,7970,2761,845,230,50,9,1"
KpD?GCC@?G?_,"0,0,0,0,1,6,38,160,599,1884,5416,14109,34179,77447,166433,340206,666934,1258193,2294690,4056981,6975139,11685321,19116436,30586912,47941034,73696958,111243413,165044718,240894855,346169984,490119621,684130798,942008593,1280190918,1717936432,2277398998,2983622006,3864365106,4949794058,6271958658,7864093106,9759685205,11991360995,14589563080,17581081647,20987464969,24823375252,29094958800,33798307089,38918104283,44426539691,50282583899,56431688205,62805990084,69325044511,75897128409,82421079425,88788660123,94887361790,100603564565,105825931682,110448902090,114376132987,117523738608,119823183452,121223686368,121694032234,121223686368,119823183452,117523738608,114376132987,110448902090,105825931682,100603564565,94887361790,88788660123,82421079425,75897128409,69325044511,62805990084,56431688205,50282583899,44426539691,38918104283,33798307089,29094958800,24823375252,20987464969,17581081647,14589563080,11991360995,9759685205,7864093106,6271958658,4949794058,3864365106,2983622006,2277398998,1717936432,1280190918,942008593,684130798,490119621,346169984,240894855,165044718,111243413,73696958,47941034,30586912,19116436,11685321,6975139,4056981,2294690,1258193,666934,340206,166433,77447,34179,14109,5416,1884,599,160,38,6,1"
KpD?GCC@?GG?,"0,0,0,0,0,1,11,71,311,1129,3557,9981,25478,60414,134319,282665,567083,1091243,2022926,3627685,6312142,10686604,17642274,28456990,44919204,69490317,105484148,157293745,230623995,332773713,472900640,662325915,914781018,1246673846,1677236486,2228660027,2926039833,3797271817,4872680142,6184571172,7766458473,9652208938,11874837953,14465264651,17450737982,20853322080,24688136145,28961795910,33670752071,38800010670,44321922643,50195536295,56366184453,62765772867,69313415282,75916832499,82474115259,88876194022,95009589370,100759686055,106014091298,110666243203,114618826972,117787123430,120101875388,121511787801,121985302108,121511787801,120101875388,117787123430,114618826972,110666243203,106014091298,100759686055,95009589370,88876194022,82474115259,75916832499,69313415282,62765772867,56366184453,50195536295,44321922643,38800010670,33670752071,28961795910,24688136145,20853322080,17450737982,14465264651,11874837953,9652208938,7766458473,6184571172,4872680142,3797271817,2926039833,2228660027,1677236486,1246673846,914781018,662325915,472900640,332773713,230623995,157293745,105484148,69490317,44919204,28456990,17642274,10686604,6312142,3627685,2022926,1091243,567083,282665,134319,60414,25478,9981,3557,1129,311,71,11,1"
KpD?GCC@A??@,"0,0,0,0,0,1,7,44,202,795,2621,7726,20449,50019,113886,244806,499390,975109,1829589,3315992,5821966,9936025,16517522,26809327,42551677,66155330,100867957,151017344,222227160,321722912,458576361,644041672,891777958,1218155254,1642373031,2186642716,2876097887,3738742691,4805038635,6107511262,7679926410,9556486275,11770567782,14353519872,17333027762,20731628283,24564886063,28839852509,33553344291,38690668880,44224367751,50113563299,56303521216,62725928070,69299529499,75931514619,82519317468,88953067995,95118415336,100899780074,106183813700,110862975968,114839073134,118026560213,120355536452,121774180674,122250649496,121774180674,120355536452,118026560213,114839073134,110862975968,106183813700,100899780074,95118415336,88953067995,82519317468,75931514619,69299529499,62725928070,56303521216,50113563299,44224367751,38690668880,33553344291,28839852509,24564886063,20731628283,17333027762,14353519872,11770567782,9556486275,7679926410,6107511262,4805038635,3738742691,2876097887,2186642716,1642373031,1218155254,891777958,644041672,458576361,321722912,222227160,151017344,100867957,66155330,42551677,26809327,16517522,9936025,5821966,3315992,1829589,975109,499390,244806,113886,50019,20449,7726,2621,795,202,44,7,1"
KpD?GCC@A?G?,"0,0,0,0,0,0,6,50,242,932,3067,8823,23024,55445,124837,265354,536814,1039893,1938830,3493515,6103828,10370483,17173613,27775930,43949532,68134240,103622009,154778442,227282601,328402414,467270188,655178072,905839750,1235644246,1663823058,2212568798,2907004812,3775059090,4847122028,6155570180,7734026195,9616466183,11836054722,14423850020,17407276917,20808549609,24642965424,28917272778,33628070814,38760445861,44286834221,50166280327,56344110408,62752120622,69309311864,75923183675,82491613577,88905216207,95050224479,100811650951,106076787808,110738697352,114699779172,117874993524,120194881624,121607934824,122082520724,121607934824,120194881624,117874993524,114699779172,110738697352,106076787808,100811650951,95050224479,88905216207,82491613577,75923183675,69309311864,62752120622,56344110408,50166280327,44286834221,38760445861,33628070814,28917272778,24642965424,20808549609,17407276917,14423850020,11836054722,9616466183,7734026195,6155570180,4847122028,3775059090,2907004812,2212568798,1663823058,1235644246,905839750,655178072,467270188,328402414,227282601,154778442,103622009,68134240,43949532,27775930,17173613,10370483,6103828,3493515,1938830,1039893,536814,265354,124837,55445,23024,8823,3067,932,242,50,6"
KpD?GCCO??_@,"0,0,0,0,0,0,2,24,138,596,2106,6464,17666,44186,102470,223294,460976,908404,1718284,3134828,5536224,9494768,15854252,25830700,41140712,64155536,98090820,147220546,217131732,314984056,449815174,632809036,877606954,1200515528,1620752952,2160490162,2844937852,3702100732,4762597640,6059007020,7625348078,9495929736,11704477522,14282486114,17258066390,20653903916,24486027210,28761585344,33477840914,38620084016,44161222128,50060181264,56262459780,62699325040,69289590526,75939790668,82547267732,89001290980,95187302942,100988728238,106291978442,110988484302,114979879504,118179671408,120517953540,121942141774,122420628648,121942141774,120517953540,118179671408,114979879504,110988484302,106291978442,100988728238,95187302942,89001290980,82547267732,75939790668,69289590526,62699325040,56262459780,50060181264,44161222128,38620084016,33477840914,28761585344,24486027210,20653903916,17258066390,14282486114,11704477522,9495929736,7625348078,6059007020,4762597640,3702100732,2844937852,2160490162,1620752952,1200515528,877606954,632809036,449815174,314984056,217131732,147220546,98090820,64155536,41140712,25830700,15854252,9494768,5536224,3134828,1718284,908404,460976,223294,102470,44186,17666,6464,2106,596,138,24,2"
KpD?GCCO??_A,"0,0,0,0,0,1,7,42,190,745,2465,7299,19418,47771,109241,235831,482882,945951,1779930,3234285,5691182,9732398,16208180,26350036,41884049,65204553,99539154,149193762,219767399,318460030,454316667,638567196,884847775,1209511932,1631749083,2173771386,2860724619,3720642052,4784029089,6083475829,7652830572,9526398228,11737674476,14318143574,17295635287,20692837868,24525465360,28800711048,33515516075,38655289195,44192639535,50086717811,56282773454,62712426836,69294306859,75935434886,82533031388,88976970483,95152614569,100944074054,106237683579,110925587978,114909299656,118103008353,120436595723,121858074343,122335500094,121858074343,120436595723,118103008353,114909299656,110925587978,106237683579,100944074054,95152614569,88976970483,82533031388,75935434886,69294306859,62712426836,56282773454,50086717811,44192639535,38655289195,33515516075,28800711048,24525465360,20692837868,17295635287,14318143574,11737674476,9526398228,7652830572,6083475829,4784029089,3720642052,2860724619,2173771386,1631749083,1209511932,884847775,638567196,454316667,318460030,219767399,149193762,99539154,65204553,41884049,26350036,16208180,9732398,5691182,3234285,1779930,945951,482882,235831,109241,47771,19418,7299,2465,745,190,42,7,1"
KpD?GCCO??g?,"0,0,0,0,0,0,2,27,159,684,2391,7236,19547,48294,110976,239741,491353,962065,1809953,3285888,5778610,9872726,16429831,26686615,42387617,65934261,100581864,150644801,221759508,321132971,457857123,643160843,890733806,1216912492,1640940007,2184983561,2874236770,3736646272,4802752739,6105007222,7677276430,9553667196,11767681157,14350546373,17330098089,20728722832,24562161590,28837282061,33551104782,38688717491,44222893461,50112497859,56303057229,62725964117,69300253595,75932785849,82521313096,88955605602,95121657919,100903504194,106188167002,110867699563,114844301114,118032005625,120361323132,121780004219,122256628268,121780004219,120361323132,118032005625,114844301114,110867699563,106188167002,100903504194,95121657919,88955605602,82521313096,75932785849,69300253595,62725964117,56303057229,50112497859,44222893461,38688717491,33551104782,28837282061,24562161590,20728722832,17330098089,14350546373,11767681157,9553667196,7677276430,6105007222,4802752739,3736646272,2874236770,2184983561,1640940007,1216912492,890733806,643160843,457857123,321132971,221759508,150644801,100581864,65934261,42387617,26686615,16429831,9872726,5778610,3285888,1809953,962065,491353,239741,110976,48294,19547,7236,2391,684,159,27,2"
KpD?GCCOA?G?,"0,0,0,0,0,1,13,77,333,1191,3701,10265,26052,61420,136017,285475,571511,1097923,2032884,3642017,6332290,10714312,17679530,28506046,44982744,69570883,105584684,157417043,230772747,332950277,473107038,662563117,915049698,1246973508,1677565570,2229015597,2926418099,3797667349,4873086858,6184981656,7766864523,9652601920,11875209273,14465605179,17451039482,20853576614,24688336831,28961937358,33670830243,38800022994,44321868253,50195415575,56365999427,62765527249,69313113284,75916479225,82473716495,88875756280,95009118492,100759187855,106013570734,110665705473,114618276264,117786563622,120101309214,121511218255,121984731252,121511218255,120101309214,117786563622,114618276264,110665705473,106013570734,100759187855,95009118492,88875756280,82473716495,75916479225,69313113284,62765527249,56365999427,50195415575,44321868253,38800022994,33670830243,28961937358,24688336831,20853576614,17451039482,14465605179,11875209273,9652601920,7766864523,6184981656,4873086858,3797667349,2926418099,2229015597,1677565570,1246973508,915049698,662563117,473107038,332950277,230772747,157417043,105584684,69570883,44982744,28506046,17679530,10714312,6332290,3642017,2032884,1097923,571511,285475,136017,61420,26052,10265,3701,1191,333,77,13,1"
KpD?GD??G?g?,"0,0,0,0,0,1,9,49,223,819,2660,7685,20217,49197,111839,240132,490073,957250,1797573,3260633,5730248,9788376,16287483,26459443,42033242,65403428,99801084,149532161,220199077,319001355,454987396,639384833,885832613,1210680634,1633118768,2175353875,2862530673,3722673392,4786284988,6085945423,7655496542,9529232734,11740643281,14321199689,17298726364,20695901844,24528433084,28803508693,33518067459,38657514112,44194461346,50088064296,56283575203,62712626945,69293858076,75934302489,82531195580,88974430943,95149381098,100940181060,106233177733,110920533035,114903772266,118097103288,120430408741,121851717942,122329085942,121851717942,120430408741,118097103288,114903772266,110920533035,106233177733,100940181060,95149381098,88974430943,82531195580,75934302489,69293858076,62712626945,56283575203,50088064296,44194461346,38657514112,33518067459,28803508693,24528433084,20695901844,17298726364,14321199689,11740643281,9529232734,7655496542,6085945423,4786284988,3722673392,2862530673,2175353875,1633118768,1210680634,885832613,639384833,454987396,319001355,220199077,149532161,99801084,65403428,42033242,26459443,16287483,9788376,5730248,3260633,1797573,957250,490073,240132,111839,49197,20217,7685,2660,819,223,49,9,1"
KpD?GD??G@?C,"0,0,0,0,0,1,10,57,257,931,2985,8476,22030,52946,119264,253879,514727,999365,1867723,3373382,5907299,10058545,16691592,27049416,42878978,66590937,101440747,151754617,223165125,322893583,460020097,645791523,893873734,1220624263,1645247533,2189936640,2879826455,3742898400,4809611435,6112464033,7685217794,9562046012,11776320210,14359362342,17338853564,20737308794,24570292213,28844842002,33557778965,38694409055,44227283414,50115534230,56304442078,62725715269,69298116432,75928866222,82515415780,88947933704,95112082707,100892325387,106175321312,110853572113,114828884442,118015752016,120344265494,121762637616,122239007028,121762637616,120344265494,118015752016,114828884442,110853572113,106175321312,100892325387,95112082707,88947933704,82515415780,75928866222,69298116432,62725715269,56304442078,50115534230,44227283414,38694409055,33557778965,28844842002,24570292213,20737308794,17338853564,14359362342,11776320210,9562046012,7685217794,6112464033,4809611435,3742898400,2879826455,2189936640,1645247533,1220624263,893873734,645791523,460020097,322893583,223165125,151754617,101440747,66590937,42878978,27049416,16691592,10058545,5907299,3373382,1867723,999365,514727,253879,119264,52946,22030,8476,2985,931,257,57,10,1"
KpD?GD??G@G?,"0,0,0,0,0,0,5,40,198,786,2627,7719,20497,50067,114063,244983,499906,975677,1830754,3317341,5824335,9938721,16521827,26814055,42558660,66162807,100878241,151027910,222240780,321736052,458592515,644055762,891794107,1218167217,1642385291,2186647575,2876100974,3738734498,4805025823,6107484106,7679892008,9556434354,11770508155,14353441163,17332941666,20731525306,24564778181,28839731283,33553225160,38690542359,44224250620,50113448732,56303424245,62725842128,69299471514,75931474853,82519311348,88953087515,95118470759,100899861583,106183932019,110863116002,114839243156,118026746668,120355742043,121774390578,122250868698,121774390578,120355742043,118026746668,114839243156,110863116002,106183932019,100899861583,95118470759,88953087515,82519311348,75931474853,69299471514,62725842128,56303424245,50113448732,44224250620,38690542359,33553225160,28839731283,24564778181,20731525306,17332941666,14353441163,11770508155,9556434354,7679892008,6107484106,4805025823,3738734498,2876100974,2186647575,1642385291,1218167217,891794107,644055762,458592515,321736052,222240780,151027910,100878241,66162807,42558660,26814055,16521827,9938721,5824335,3317341,1830754,975677,499906,244983,114063,50067,20497,7719,2627,786,198,40,5"
KpD?GD??I??@,"0,0,0,0,0,0,2,26,146,632,2214,6770,18404,45844,105914,230086,473610,931076,1757270,3199800,5641262,9660076,16107670,26210526,41697404,64955078,99216742,148777384,219246288,317808302,453525676,637607458,883716734,1208179016,1630223138,2172023582,2858781154,3718478318,4781694172,6080951104,7650191730,9523631532,11734883678,14315316834,17292902698,20690182654,24523039552,28798484596,33513656346,38653743592,44191582842,50086066946,56282704330,62712819312,69295332956,75936935354,82535171686,88979553160,95155798720,100947628646,106241762410,110929932728,114914060796,118107908262,120441783324,121863259986,122340832236,121863259986,120441783324,118107908262,114914060796,110929932728,106241762410,100947628646,95155798720,88979553160,82535171686,75936935354,69295332956,62712819312,56282704330,50086066946,44191582842,38653743592,33513656346,28798484596,24523039552,20690182654,17292902698,14315316834,11734883678,9523631532,7650191730,6080951104,4781694172,3718478318,2858781154,2172023582,1630223138,1208179016,883716734,637607458,453525676,317808302,219246288,148777384,99216742,64955078,41697404,26210526,16107670,9660076,5641262,3199800,1757270,931076,473610,230086,105914,45844,18404,6770,2214,632,146,26,2"
KpD?GD??I?G?,"0,0,0,0,0,1,12,69,303,1091,3421,9592,24548,58296,129898,274061,551127,1062883,1974433,3547572,6183609,10486123,17337124,28003496,44259416,68550271,104169769,155489975,228190737,329546857,468688893,656915359,907934318,1238139579,1666751839,2215965814,2910887259,3779443534,4852000335,6160930687,7739826350,9622658334,11842555636,14430572840,17414096934,20815342306,24649570559,28923537610,33633812305,38765499469,44291013180,50169428922,56346061352,62752750303,69308494948,75920850470,82487700684,88899724422,95043165869,100803104833,106066844344,110727512457,114687514074,117861867846,120181110702,121593780684,122068227864,121593780684,120181110702,117861867846,114687514074,110727512457,106066844344,100803104833,95043165869,88899724422,82487700684,75920850470,69308494948,62752750303,56346061352,50169428922,44291013180,38765499469,33633812305,28923537610,24649570559,20815342306,17414096934,14430572840,11842555636,9622658334,7739826350,6160930687,4852000335,3779443534,2910887259,2215965814,1666751839,1238139579,907934318,656915359,468688893,329546857,228190737,155489975,104169769,68550271,44259416,28003496,17337124,10486123,6183609,3547572,1974433,1062883,551127,274061,129898,58296,24548,9592,3421,1091,303,69,12,1"
KpD?GD?OA?G?,"0,0,0,0,1,8,42,186,651,2044,5741,14772,35399,79650,170036,346146,676144,1272134,2315134,4086492,7016281,11741790,19192023,30686378,48069212,73859520,111445644,165292462,241193194,346523898,490532437,684605210,942545263,1280789052,1718592758,2278108034,2984375576,3865153046,4950603742,6272775592,7864901247,9760467272,11992099595,14590240664,17581681668,20987971342,24823774824,29095240600,33798463117,38918129344,44426432106,50282344076,56431320729,62805501406,69324443325,75896424814,82420285230,88787787270,94886422627,100602570172,105824892554,110447827884,114375032539,117522619266,119822051680,121222547316,121692890614,121222547316,119822051680,117522619266,114375032539,110447827884,105824892554,100602570172,94886422627,88787787270,82420285230,75896424814,69324443325,62805501406,56431320729,50282344076,44426432106,38918129344,33798463117,29095240600,24823774824,20987971342,17581681668,14590240664,11992099595,9760467272,7864901247,6272775592,4950603742,3865153046,2984375576,2278108034,1718592758,1280789052,942545263,684605210,490532437,346523898,241193194,165292462,111445644,73859520,48069212,30686378,19192023,11741790,7016281,4086492,2315134,1272134,676144,346146,170036,79650,35399,14772,5741,2044,651,186,42,8,1"
KpG`@?_O??_@,"0,0,0,1,3,26,95,381,1174,3432,8946,21917,49944,108244,223132,441303,839996,1546288,2759375,4788574,8097823,13371452,21594121,34158210,52990865,80713296,120825115,177919875,257922723,368351520,518587253,720143780,986923901,1335436537,1784957877,2357605943,3078309431,3974634527,5076454861,6415433034,8024311564,9935993260,12182430603,14793324608,17794677014,21207231591,25044865195,29312996652,34007091009,39111346602,44597650123,50424884195,56538657494,62871524456,69343726489,75864486621,82333830981,88644917033,94686792635,100347497762,105517394015,110092587567,113978298451,117092032303,119366407831,120751511206,121216662862,120751511206,119366407831,117092032303,113978298451,110092587567,105517394015,100347497762,94686792635,88644917033,82333830981,75864486621,69343726489,62871524456,56538657494,50424884195,44597650123,39111346602,34007091009,29312996652,25044865195,21207231591,17794677014,14793324608,12182430603,9935993260,8024311564,6415433034,5076454861,3974634527,3078309431,2357605943,1784957877,1335436537,986923901,720143780,518587253,368351520,257922723,177919875,120825115,80713296,52990865,34158210,21594121,13371452,8097823,4788574,2759375,1546288,839996,441303,223132,108244,49944,21917,8946,3432,1174,381,95,26,3,1"
KpG`@A?O??_@,"0,0,0,0,1,7,45,187,674,2099,5931,15243,36473,82012,174850,355341,692966,1301800,2365393,4169095,7147991,11946487,19502249,31146221,48736073,74807711,112768137,167104328,243632570,349754284,494741960,690006431,949370916,1289288141,1729022071,2290723464,2999418868,3882837955,4971098882,6296187160,7891254289,9789687774,12023997755,14624496926,17617837391,21025423667,24861778487,29132915589,33834812037,38952060145,44456790633,50307951017,56451015601,62818188717,69329142425,75892316343,82406756240,88764468739,94853221046,100559686822,105772832419,110387394250,114307309742,117448942037,119743963437,121141747848,121611176548,121141747848,119743963437,117448942037,114307309742,110387394250,105772832419,100559686822,94853221046,88764468739,82406756240,75892316343,69329142425,62818188717,56451015601,50307951017,44456790633,38952060145,33834812037,29132915589,24861778487,21025423667,17617837391,14624496926,12023997755,9789687774,7891254289,6296187160,4971098882,3882837955,2999418868,2290723464,1729022071,1289288141,949370916,690006431,494741960,349754284,243632570,167104328,112768137,74807711,48736073,31146221,19502249,11946487,7147991,4169095,2365393,1301800,692966,355341,174850,82012,36473,15243,5931,2099,674,187,45,7,1"
KpG`@@??G?_A,"0,0,0,1,3,22,77,299,918,2706,7138,17749,41102,90536,189462,380019,732794,1364974,2462123,4314398,7360577,12251998,19931459,31738958,49538815,75877546,114169293,168911803,245926973,352624824,498280075,694307130,954523999,1295378849,1736121585,2298888183,3008679989,3893200295,4982531617,6308623434,7904584494,9803760634,12038616271,14639423158,17632793360,21040098701,24875833295,29145992688,33846544481,38962084172,44464755747,50313532521,56453924054,62818181856,69326033737,75885983381,82397144641,88751597025,94837182029,100540647902,105751030757,110363132835,114280948951,117420893411,119714678811,121111710188,121580885686,121111710188,119714678811,117420893411,114280948951,110363132835,105751030757,100540647902,94837182029,88751597025,82397144641,75885983381,69326033737,62818181856,56453924054,50313532521,44464755747,38962084172,33846544481,29145992688,24875833295,21040098701,17632793360,14639423158,12038616271,9803760634,7904584494,6308623434,4982531617,3893200295,3008679989,2298888183,1736121585,1295378849,954523999,694307130,498280075,352624824,245926973,168911803,114169293,75877546,49538815,31738958,19931459,12251998,7360577,4314398,2462123,1364974,732794,380019,189462,90536,41102,17749,7138,2706,918,299,77,22,3,1"
KpG`@@??G?_C,"0,0,0,0,1,9,49,217,760,2333,6489,16492,39000,86884,183705,370728,718704,1343578,2430996,4269292,7297355,12163976,19812045,31578638,49328001,75603326,113819154,168469770,245378001,351950946,497465266,693333347,953376901,1294043727,1734588873,2297150034,3006735868,3891053162,4980193370,6306111339,7901925287,9800987325,12035771311,14636554604,17629956898,21037354284,24873245610,29143627712,33844469493,38960363498,44463450711,50312698185,56453608199,62818422607,69326859273,75887409390,82399175202,88754223087,94840381901,100544386998,105755263640,110367802536,114285990038,117426231851,119720234636,121117397965,121586618178,121117397965,119720234636,117426231851,114285990038,110367802536,105755263640,100544386998,94840381901,88754223087,82399175202,75887409390,69326859273,62818422607,56453608199,50312698185,44463450711,38960363498,33844469493,29143627712,24873245610,21037354284,17629956898,14636554604,12035771311,9800987325,7901925287,6306111339,4980193370,3891053162,3006735868,2297150034,1734588873,1294043727,953376901,693333347,497465266,351950946,245378001,168469770,113819154,75603326,49328001,31578638,19812045,12163976,7297355,4269292,2430996,1343578,718704,370728,183705,86884,39000,16492,6489,2333,760,217,49,9,1"
KpG`@@??G?g?,"0,0,0,1,3,24,77,313,942,2778,7268,18005,41548,91260,190526,381593,734880,1367570,2465123,4317498,7363071,12252748,19928647,31729990,49520009,75844066,114114825,168828357,245804971,352453006,498045355,693995010,954119119,1294865345,1735483661,2298110869,3007750243,3892107863,4981270341,6307192160,7902987958,9802010194,12036730807,14637429046,17630724328,21037995503,24873743419,29143969108,33844644085,38960365998,44463278889,50312353999,56453097148,62817753946,69326044105,75886461645,82398109605,88753055461,94839127601,100543061014,105753879247,110366372691,114284525423,117424742523,119718728575,121115882612,121585099342,121115882612,119718728575,117424742523,114284525423,110366372691,105753879247,100543061014,94839127601,88753055461,82398109605,75886461645,69326044105,62817753946,56453097148,50312353999,44463278889,38960365998,33844644085,29143969108,24873743419,21037995503,17630724328,14637429046,12036730807,9802010194,7902987958,6307192160,4981270341,3892107863,3007750243,2298110869,1735483661,1294865345,954119119,693995010,498045355,352453006,245804971,168828357,114114825,75844066,49520009,31729990,19928647,12252748,7363071,4317498,2465123,1367570,734880,381593,190526,91260,41548,18005,7268,2778,942,313,77,24,3,1"
KpG`C?@O??_@,"0,0,0,0,1,4,30,114,453,1436,4279,11351,28230,65210,142807,296575,589826,1126324,2076909,3707189,6428213,10850571,17871473,28768705,45338716,70041607,106200833,158206468,231773541,334194714,474637953,664413384,917261744,1249574092,1680589356,2232475238,2930331744,3802024373,4877880068,6190169623,7772408297,9658424679,11881237607,14471727328,17457150713,20859536509,24694018189,28967183263,33675504991,38803969521,44324959800,50197513554,56367003541,62765334132,69311664719,75913721253,82469643618,88870371072,95002472566,100751342308,106004632309,110655787692,114607532537,117775149404,120089412009,121499020147,121972437508,121499020147,120089412009,117775149404,114607532537,110655787692,106004632309,100751342308,95002472566,88870371072,82469643618,75913721253,69311664719,62765334132,56367003541,50197513554,44324959800,38803969521,33675504991,28967183263,24694018189,20859536509,17457150713,14471727328,11881237607,9658424679,7772408297,6190169623,4877880068,3802024373,2930331744,2232475238,1680589356,1249574092,917261744,664413384,474637953,334194714,231773541,158206468,106200833,70041607,45338716,28768705,17871473,10850571,6428213,3707189,2076909,1126324,589826,296575,142807,65210,28230,11351,4279,1436,453,114,30,4,1"
KpG`CA?O??_@,"0,0,0,0,0,4,26,124,466,1556,4583,12231,30173,69620,151548,313613,620793,1181141,2169594,3860097,6671996,11230458,18447770,29624888,46582411,71814087,108677718,161607715,236362336,340285749,482592483,674643136,930217718,1265743069,1700474119,2256581539,2959139283,3835963721,4917295576,6235288679,7823300621,9714969999,11943089123,14538285715,17527541454,20932600518,24768312211,29040996330,33746887929,38870781628,44384929790,50248314034,56406336955,62791025710,69321759156,75906578253,82444027085,88825526823,94938189666,100667994627,105903195468,110537832049,114475187475,117631044291,119936591080,121340840792,121812449728,121340840792,119936591080,117631044291,114475187475,110537832049,105903195468,100667994627,94938189666,88825526823,82444027085,75906578253,69321759156,62791025710,56406336955,50248314034,44384929790,38870781628,33746887929,29040996330,24768312211,20932600518,17527541454,14538285715,11943089123,9714969999,7823300621,6235288679,4917295576,3835963721,2959139283,2256581539,1700474119,1265743069,930217718,674643136,482592483,340285749,236362336,161607715,108677718,71814087,46582411,29624888,18447770,11230458,6671996,3860097,2169594,1181141,620793,313613,151548,69620,30173,12231,4583,1556,466,124,26,4"
KpG`C@??G?_A,"0,0,0,0,1,5,33,141,512,1645,4756,12523,30624,70191,152114,313744,619680,1177195,2159998,3840037,6634117,11163389,18334882,29442288,46297259,71381914,108040329,160690250,235071134,338506000,480187578,671453591,926062251,1260420983,1693770421,2248273330,2949004946,3823793882,4902907028,6218539409,7804106906,9693322762,11919070193,14512082804,17499460421,20903072951,24737897526,29010378066,33716863783,38842245869,44358848354,50225692674,56388183513,62778308945,69315365267,75907266589,82452387935,88841944242,94962812426,100700714995,105943638718,110585357530,114528902752,117689831337,119999144166,121405712519,121878104486,121405712519,119999144166,117689831337,114528902752,110585357530,105943638718,100700714995,94962812426,88841944242,82452387935,75907266589,69315365267,62778308945,56388183513,50225692674,44358848354,38842245869,33716863783,29010378066,24737897526,20903072951,17499460421,14512082804,11919070193,9693322762,7804106906,6218539409,4902907028,3823793882,2949004946,2248273330,1693770421,1260420983,926062251,671453591,480187578,338506000,235071134,160690250,108040329,71381914,46297259,29442288,18334882,11163389,6634117,3840037,2159998,1177195,619680,313744,152114,70191,30624,12523,4756,1645,512,141,33,5,1"
KpG`C@??G?_C,"0,0,0,0,0,3,24,114,448,1500,4449,11930,29532,68250,148863,308336,611077,1163812,2139764,3809991,6590687,11101561,18248817,29324423,46138758,71172080,107767218,160339904,234628676,337955077,479511499,670635232,925085516,1259270895,1692434586,2246742443,2947274306,3821864016,4900784773,6216238669,7801649077,9690737233,11916394032,14509361022,17496744138,20900419866,24735369337,29008039855,33714781270,38840484303,44357469145,50224753062,56387732961,62778388777,69316006078,75908488024,82454196725,88844334978,94965766008,100704199999,105947611386,110589763433,114533677272,117694901961,120004431211,121411131447,121883567674,121411131447,120004431211,117694901961,114533677272,110589763433,105947611386,100704199999,94965766008,88844334978,82454196725,75908488024,69316006078,62778388777,56387732961,50224753062,44357469145,38840484303,33714781270,29008039855,24735369337,20900419866,17496744138,14509361022,11916394032,9690737233,7801649077,6216238669,4900784773,3821864016,2947274306,2246742443,1692434586,1259270895,925085516,670635232,479511499,337955077,234628676,160339904,107767218,71172080,46138758,29324423,18248817,11101561,6590687,3809991,2139764,1163812,611077,308336,148863,68250,29532,11930,4449,1500,448,114,24,3"
KpG`C@??G?g?,"0,0,0,0,1,5,31,131,496,1581,4610,12183,29940,68779,149552,309092,611732,1163931,2138788,3806829,6583833,11088687,18226772,29288862,46084193,71091378,107651731,160179014,234410236,337665104,479134602,670154689,924484249,1258531779,1691541477,2245680812,2946032550,3820434346,4899164584,6214431377,7799665012,9688594260,11914118253,14506986568,17494313071,20897981353,24732979020,29005758396,33712672735,38838614053,44355901712,50223549838,56386950325,62778075817,69316202587,75909222773,82455486391,88846182962,94968161876,100707119149,105951015900,110593602630,114537889278,117699414941,120009165266,121416000481,121888482126,121416000481,120009165266,117699414941,114537889278,110593602630,105951015900,100707119149,94968161876,88846182962,82455486391,75909222773,69316202587,62778075817,56386950325,50223549838,44355901712,38838614053,33712672735,29005758396,24732979020,20897981353,17494313071,14506986568,11914118253,9688594260,7799665012,6214431377,4899164584,3820434346,2946032550,2245680812,1691541477,1258531779,924484249,670154689,479134602,337665104,234410236,160179014,107651731,71091378,46084193,29288862,18226772,11088687,6583833,3806829,2138788,1163931,611732,309092,149552,68779,29940,12183,4610,1581,496,131,31,5,1"
KpG`A?@?G@?C,"0,0,0,1,3,22,71,277,826,2426,6406,15988,37241,82642,174171,351818,682894,1279774,2321362,4088383,7007107,11712599,19126765,30563603,47855959,73512917,110905722,164484023,240017456,344861656,488237347,681508322,938449212,1275476779,1711826319,2269641911,2973960205,3852552162,4935604375,6255209781,7844660330,9737524679,11966524619,14562219148,17551528261,20956140922,24790863084,29061982641,33765721991,38886878275,44397727417,50257290293,56411028172,62791041884,69316801809,75896449798,82428641157,88804912177,94912495950,100637489356,105868259880,110498951237,114432940235,117586089913,119889655074,121292696789,121763900100,121292696789,119889655074,117586089913,114432940235,110498951237,105868259880,100637489356,94912495950,88804912177,82428641157,75896449798,69316801809,62791041884,56411028172,50257290293,44397727417,38886878275,33765721991,29061982641,24790863084,20956140922,17551528261,14562219148,11966524619,9737524679,7844660330,6255209781,4935604375,3852552162,2973960205,2269641911,1711826319,1275476779,938449212,681508322,488237347,344861656,240017456,164484023,110905722,73512917,47855959,30563603,19126765,11712599,7007107,4088383,2321362,1279774,682894,351818,174171,82642,37241,15988,6406,2426,826,277,71,22,3,1"
KpG`A?@?G@?G,"0,0,0,0,1,5,35,147,542,1735,4985,13051,31731,72386,156180,320889,631770,1196998,2191329,3888187,6706307,11268977,18485925,29653851,46587705,71773405,108558789,161365200,235935616,339595834,481540752,673109011,928058022,1262792799,1696549695,2251484804,2952664392,3827905665,4907461954,6223512840,7809457717,9698991712,11924979679,14518137692,17505548901,20909068933,24743663113,29015766411,33721724013,38846427519,44362205791,50228090095,56389499331,62778440285,69314232333,75904815889,82448594014,88836811669,94956377094,100693043520,105934827357,110575530120,114518207206,117678437199,119987238511,121393494972,121865782152,121393494972,119987238511,117678437199,114518207206,110575530120,105934827357,100693043520,94956377094,88836811669,82448594014,75904815889,69314232333,62778440285,56389499331,50228090095,44362205791,38846427519,33721724013,29015766411,24743663113,20909068933,17505548901,14518137692,11924979679,9698991712,7809457717,6223512840,4907461954,3827905665,2952664392,2251484804,1696549695,1262792799,928058022,673109011,481540752,339595834,235935616,161365200,108558789,71773405,46587705,29653851,18485925,11268977,6706307,3888187,2191329,1196998,631770,320889,156180,72386,31731,13051,4985,1735,542,147,35,5,1"
KpG`A?@?G@G?,"0,0,0,1,3,22,67,265,774,2296,6035,15097,35299,78601,166210,337092,656642,1234589,2246352,3967552,6817541,11422666,18693556,29930135,46948519,72237813,109146409,162098521,236836693,340688238,482845949,674648002,929847814,1264847321,1698876475,2254085491,2955532109,3831025442,4910809011,6227052795,7813146153,9702774616,11928794749,14521914366,17509211380,20912535917,24746852402,29018595461,33724113453,38848302032,44363498476,50228741726,56389463386,62777681660,69312730095,75902562373,82445597222,88833092928,94951972129,100688000199,105929205764,110569400593,114511649873,117671539205,119980093016,121386199181,121858435828,121386199181,119980093016,117671539205,114511649873,110569400593,105929205764,100688000199,94951972129,88833092928,82445597222,75902562373,69312730095,62777681660,56389463386,50228741726,44363498476,38848302032,33724113453,29018595461,24746852402,20912535917,17509211380,14521914366,11928794749,9702774616,7813146153,6227052795,4910809011,3831025442,2955532109,2254085491,1698876475,1264847321,929847814,674648002,482845949,340688238,236836693,162098521,109146409,72237813,46948519,29930135,18693556,11422666,6817541,3967552,2246352,1234589,656642,337092,166210,78601,35299,15097,6035,2296,774,265,67,22,3,1"
KpG`A?@?GA?@,"0,0,0,0,1,4,30,118,477,1500,4464,11828,29260,67339,146946,304039,602780,1148107,2112095,3762220,6512145,10975248,18052360,29025373,45695370,70527687,106851260,159061474,232878546,335599596,476396369,666580862,919893560,1252722962,1684302708,2236792178,2935279464,3807614517,4884105658,6197002137,7779795646,9666289098,11889474641,14480206702,17465717682,20868015076,24702213695,28974887091,33682501349,38810041574,44329896533,50201117191,56369095255,62765761436,69310307905,75910497848,82464511621,88863331833,94993572779,100740673877,105992330547,110642027816,114592525517,117759137820,120072664207,121481823289,121955089912,121481823289,120072664207,117759137820,114592525517,110642027816,105992330547,100740673877,94993572779,88863331833,82464511621,75910497848,69310307905,62765761436,56369095255,50201117191,44329896533,38810041574,33682501349,28974887091,24702213695,20868015076,17465717682,14480206702,11889474641,9666289098,7779795646,6197002137,4884105658,3807614517,2935279464,2236792178,1684302708,1252722962,919893560,666580862,476396369,335599596,232878546,159061474,106851260,70527687,45695370,29025373,18052360,10975248,6512145,3762220,2112095,1148107,602780,304039,146946,67339,29260,11828,4464,1500,477,118,30,4,1"
KpG`A?@?GA?G,"0,0,0,0,0,6,32,160,588,1878,5375,14024,33820,76688,164519,336178,658661,1242783,2266617,4008528,6893656,11553641,18908742,30268981,47464911,73001288,110247263,163648117,238972215,343572129,486668765,679625160,936219067,1272869959,1708819579,2266218881,2970114923,3848289908,4930944170,6250185548,7839321751,9731937974,11960771837,14556398227,17545749633,20950527675,24785545782,29057097991,33761407119,38883268453,44394949232,50255460702,56410247509,62791393008,69318344956,75899222220,82432653347,88810149363,94918915449,100645023021,105876814491,110508411497,114443170357,117596937671,119900954041,121304270537,121775566126,121304270537,119900954041,117596937671,114443170357,110508411497,105876814491,100645023021,94918915449,88810149363,82432653347,75899222220,69318344956,62791393008,56410247509,50255460702,44394949232,38883268453,33761407119,29057097991,24785545782,20950527675,17545749633,14556398227,11960771837,9731937974,7839321751,6250185548,4930944170,3848289908,2970114923,2266218881,1708819579,1272869959,936219067,679625160,486668765,343572129,238972215,163648117,110247263,73001288,47464911,30268981,18908742,11553641,6893656,4008528,2266617,1242783,658661,336178,164519,76688,33820,14024,5375,1878,588,160,32,6"
KpG`A?@?GAG?,"0,0,0,0,1,7,37,159,576,1787,5110,13244,32067,72813,156827,321575,632518,1197333,2191015,3886138,6701541,11259192,18468844,29625357,46543445,71706537,108462140,161228698,235748825,339345282,481212884,672687437,927527594,1262136499,1695752743,2250532138,2951545338,3826611205,4905989596,6221863942,7807641588,9697023245,11922883313,14515943688,17503296600,20906803100,24741436087,29013634395,33719747813,38844667716,44360723656,50226943076,56388741249,62778117193,69314382583,75905466302,82449761275,88838499274,94958575879,100695730337,105937967339,110579075538,114522101014,117682612137,119991620177,121398002496,121870332304,121398002496,119991620177,117682612137,114522101014,110579075538,105937967339,100695730337,94958575879,88838499274,82449761275,75905466302,69314382583,62778117193,56388741249,50226943076,44360723656,38844667716,33719747813,29013634395,24741436087,20906803100,17503296600,14515943688,11922883313,9697023245,7807641588,6221863942,4905989596,3826611205,2951545338,2250532138,1695752743,1262136499,927527594,672687437,481212884,339345282,235748825,161228698,108462140,71706537,46543445,29625357,18468844,11259192,6701541,3886138,2191015,1197333,632518,321575,156827,72813,32067,13244,5110,1787,576,159,37,7,1"
KpG`A?@?I??@,"0,0,0,0,1,6,34,144,529,1660,4789,12491,30480,69542,150549,309979,611990,1162048,2132539,3791731,6553287,11031717,18127947,29124839,45823548,70690249,107053491,159309218,233176885,335953510,476809185,667055274,920430230,1253321096,1684959034,2237501214,2936033034,3808402457,4884915342,6197819071,7780603787,9667071165,11890213241,14480884286,17466317703,20868521449,24702613267,28975168891,33682657377,38810066635,44329788948,50200877368,56368727779,62765272758,69309706719,75909794253,82463717426,88862458980,94992633616,100739679484,105991291419,110640953610,114591425069,117758018478,120071532435,121480684237,121953948292,121480684237,120071532435,117758018478,114591425069,110640953610,105991291419,100739679484,94992633616,88862458980,82463717426,75909794253,69309706719,62765272758,56368727779,50200877368,44329788948,38810066635,33682657377,28975168891,24702613267,20868521449,17466317703,14480884286,11890213241,9667071165,7780603787,6197819071,4884915342,3808402457,2936033034,2237501214,1684959034,1253321096,920430230,667055274,476809185,335953510,233176885,159309218,107053491,70690249,45823548,29124839,18127947,11031717,6553287,3791731,2132539,1162048,611990,309979,150549,69542,30480,12491,4789,1660,529,144,34,6,1"
KpG`A?@?I?G?,"0,0,0,1,3,24,73,293,862,2522,6585,16311,37777,83433,175212,353106,684156,1280451,2320596,4084686,6997965,11694366,19094242,30509643,47771071,73384943,110719355,164220531,239654897,344374674,487597187,680683832,937407880,1274185709,1710253701,2267758429,2971741379,3849980566,4932671615,6251918683,7841026577,9733578244,11962311279,14557800496,17546980932,20951555697,24786344150,29057644771,33761686971,38883271520,44394673190,50254907634,56409427508,62790320078,69317037943,75897702387,82430945418,88808278044,94916906237,100642899117,105874597934,110506122131,114440826313,117594554175,119898544402,121301845699,121773136120,121301845699,119898544402,117594554175,114440826313,110506122131,105874597934,100642899117,94916906237,88808278044,82430945418,75897702387,69317037943,62790320078,56409427508,50254907634,44394673190,38883271520,33761686971,29057644771,24786344150,20951555697,17546980932,14557800496,11962311279,9733578244,7841026577,6251918683,4932671615,3849980566,2971741379,2267758429,1710253701,1274185709,937407880,680683832,487597187,344374674,239654897,164220531,110719355,73384943,47771071,30509643,19094242,11694366,6997965,4084686,2320596,1280451,684156,353106,175212,83433,37777,16311,6585,2522,862,293,73,24,3,1"
KpG`A?@?OA?G,"0,0,0,0,4,16,88,314,1020,2940,7812,19200,44198,96596,200890,400254,767662,1422896,2555622,4460996,7585038,12587628,20422834,32444076,50531622,77250556,116036198,171409190,249215544,356889936,503730850,701174224,963054714,1305830978,1748754204,2313951238,3026400552,3913767294,5006078862,6335212458,7934186298,9836239388,12073713570,14676746378,17671808738,21080129638,24916063978,29185479340,33884234494,38996841212,44495393628,50338853434,56472761954,62829449286,69328770412,75879401102,82380670080,88724907164,94800232742,100493691904,105694624464,110298129184,114208479452,117342336916,119631619548,121025886064,121494129588,121025886064,119631619548,117342336916,114208479452,110298129184,105694624464,100493691904,94800232742,88724907164,82380670080,75879401102,69328770412,62829449286,56472761954,50338853434,44495393628,38996841212,33884234494,29185479340,24916063978,21080129638,17671808738,14676746378,12073713570,9836239388,7934186298,6335212458,5006078862,3913767294,3026400552,2313951238,1748754204,1305830978,963054714,701174224,503730850,356889936,249215544,171409190,116036198,77250556,50531622,32444076,20422834,12587628,7585038,4460996,2555622,1422896,767662,400254,200890,96596,44198,19200,7812,2940,1020,314,88,16,4"
KpGc?CAO??_@,"0,0,0,0,1,4,27,95,376,1196,3617,9741,24641,57817,128305,269664,541927,1044156,1940449,3487443,6083388,10323043,17082657,27614350,43682881,67711860,102981145,153833529,225931638,326514595,464695543,651735457,901330684,1229842151,1656493738,2203461840,2895880528,3761684556,4831302850,6137150182,7712923273,9592672964,11809673043,14395090416,17376486379,20776205024,24609688775,28883815202,33595309377,38729357620,44258472361,50141737401,56324477743,62738446757,69302548316,75924148114,82500931978,88923299615,95077218007,100847433801,106120938299,110790522613,114758300849,117939007235,120262964437,121678529399,122153957188,121678529399,120262964437,117939007235,114758300849,110790522613,106120938299,100847433801,95077218007,88923299615,82500931978,75924148114,69302548316,62738446757,56324477743,50141737401,44258472361,38729357620,33595309377,28883815202,24609688775,20776205024,17376486379,14395090416,11809673043,9592672964,7712923273,6137150182,4831302850,3761684556,2895880528,2203461840,1656493738,1229842151,901330684,651735457,464695543,326514595,225931638,153833529,102981145,67711860,43682881,27614350,17082657,10323043,6083388,3487443,1940449,1044156,541927,269664,128305,57817,24641,9741,3617,1196,376,95,27,4,1"
KpGc?E?O??_@,"0,0,0,0,0,1,10,60,266,993,3173,9044,23404,56113,125892,267091,539396,1043835,1944449,3501636,6114893,10385753,17193652,27802412,43983105,68177011,103674445,154842992,227359255,328493816,467375472,655299682,905975595,1235796547,1663988062,2212748195,2907192869,3775257243,4847322586,6155774386,7734224549,9616660374,11836233997,14424016983,17407419913,20808673066,24643057344,28917339926,33628101349,38760449356,44286799176,50166218766,56344011221,62751998580,69309155745,75923010035,82491410775,88905002447,95049987304,100811408872,106076527145,110738437068,114699504566,117874723235,120194599857,121607660238,122082236890,121607660238,120194599857,117874723235,114699504566,110738437068,106076527145,100811408872,95049987304,88905002447,82491410775,75923010035,69309155745,62751998580,56344011221,50166218766,44286799176,38760449356,33628101349,28917339926,24643057344,20808673066,17407419913,14424016983,11836233997,9616660374,7734224549,6155774386,4847322586,3775257243,2907192869,2212748195,1663988062,1235796547,905975595,655299682,467375472,328493816,227359255,154842992,103674445,68177011,43983105,27802412,17193652,10385753,6114893,3501636,1944449,1043835,539396,267091,125892,56113,23404,9044,3173,993,266,60,10,1"
KpGc?D??G?_A,"0,0,0,0,1,4,25,93,366,1170,3572,9680,24555,57748,128354,269962,542767,1046099,1944259,3494278,6095074,10342072,17112432,27659396,43749031,67806402,103113084,154013583,226172195,326829715,465100903,652247685,901966954,1230619485,1657428154,2204567678,2897169218,3763163330,4832973940,6139009646,7714960146,9594868683,11812000737,14397514908,17378964746,20778687293,24612118213,28886130042,33597444713,38731247077,44260050642,50142942532,56325252529,62738741669,69302323474,75923374587,82499593281,88921392568,95074753438,100844437028,106117448341,110786590887,114753990343,117934390993,120258123633,121673551547,122148933412,121673551547,120258123633,117934390993,114753990343,110786590887,106117448341,100844437028,95074753438,88921392568,82499593281,75923374587,69302323474,62738741669,56325252529,50142942532,44260050642,38731247077,33597444713,28886130042,24612118213,20778687293,17378964746,14397514908,11812000737,9594868683,7714960146,6139009646,4832973940,3763163330,2897169218,2204567678,1657428154,1230619485,901966954,652247685,465100903,326829715,226172195,154013583,103113084,67806402,43749031,27659396,17112432,10342072,6095074,3494278,1944259,1046099,542767,269962,128354,57748,24555,9680,3572,1170,366,93,25,4,1"
KpGc?D??G?_C,"0,0,0,0,0,1,11,63,280,1019,3220,9084,23389,55836,124976,264672,534066,1032997,1924025,3464888,6051886,10281511,17027067,27543617,43591925,67599786,102842137,153667711,225732668,326284349,464428243,651435581,900993415,1229475572,1656094366,2203041761,2895438383,3761236048,4830848040,6136708093,7712494444,9592278219,11809312190,14394784037,17376232021,20776021861,24609570782,28883777675,33595342059,38729471497,44258652699,50141991323,56324786864,62738814483,69302954793,75924595048,82501399411,88923789066,95077711468,100847934629,106121432104,110791015319,114758781457,117939484424,120263430677,121678995586,122154417688,121678995586,120263430677,117939484424,114758781457,110791015319,106121432104,100847934629,95077711468,88923789066,82501399411,75924595048,69302954793,62738814483,56324786864,50141991323,44258652699,38729471497,33595342059,28883777675,24609570782,20776021861,17376232021,14394784037,11809312190,9592278219,7712494444,6136708093,4830848040,3761236048,2895438383,2203041761,1656094366,1229475572,900993415,651435581,464428243,326284349,225732668,153667711,102842137,67599786,43591925,27543617,17027067,10281511,6051886,3464888,1924025,1032997,534066,264672,124976,55836,23389,9084,3220,1019,280,63,11,1"
KpGc?D??G?g?,"0,0,0,0,1,4,27,93,374,1164,3540,9542,24205,56888,126614,266530,536603,1035337,1926399,3465552,6050554,10274624,17013254,27516746,43548623,67530486,102740850,153520267,225530367,326008487,464067451,650967471,900405746,1228744031,1655208836,2201979534,2894194802,3759794432,4829214022,6134875480,7710483296,9590096353,11806996523,14392358816,17373751272,20773524725,24607125815,28881435644,33593180347,38727545399,44257039974,50140743690,56323973369,62738474159,69303139450,75925323415,82502698937,88925653038,95080138806,100850890884,106124888013,110794909713,114763060197,117944065755,120268241437,121683939581,122159412244,121683939581,120268241437,117944065755,114763060197,110794909713,106124888013,100850890884,95080138806,88925653038,82502698937,75925323415,69303139450,62738474159,56323973369,50140743690,44257039974,38727545399,33593180347,28881435644,24607125815,20773524725,17373751272,14392358816,11806996523,9590096353,7710483296,6134875480,4829214022,3759794432,2894194802,2201979534,1655208836,1228744031,900405746,650967471,464067451,326008487,225530367,153520267,102740850,67530486,43548623,27516746,17013254,10274624,6050554,3465552,1926399,1035337,536603,266530,126614,56888,24205,9542,3540,1164,374,93,27,4,1"
KpGcCA?O??_@,"0,0,0,0,0,3,24,112,436,1477,4405,11844,29425,68204,149025,309288,613661,1169687,2151791,3833082,6632039,11172622,18365879,29511088,46427368,71606476,108404544,161253929,235911558,339719991,481893123,673790810,929194019,1264530466,1699057991,2254949990,2957285724,3833886674,4915001112,6232789621,7820619141,9712136060,11940142806,14535274384,17524521880,20929634949,24765469985,29038349024,33744510638,38868747293,44383310429,50247174359,56405736734,62791013068,69322373065,75907842277,82445953463,88828110697,94941413625,100671823490,105907582703,110542715185,114480495177,117636691896,119942488761,121346889794,121818550590,121346889794,119942488761,117636691896,114480495177,110542715185,105907582703,100671823490,94941413625,88828110697,82445953463,75907842277,69322373065,62791013068,56405736734,50247174359,44383310429,38868747293,33744510638,29038349024,24765469985,20929634949,17524521880,14535274384,11940142806,9712136060,7820619141,6232789621,4915001112,3833886674,2957285724,2254949990,1699057991,1264530466,929194019,673790810,481893123,339719991,235911558,161253929,108404544,71606476,46427368,29511088,18365879,11172622,6632039,3833082,2151791,1169687,613661,309288,149025,68204,29425,11844,4405,1477,436,112,24,3"
KpGcC@??G?_A,"0,0,0,0,0,2,16,92,362,1272,3878,10619,26738,62729,138308,289358,578025,1108276,2049131,3666493,6368682,10766652,17754063,28608763,45123005,69757146,105829624,157731123,231171578,333444905,473714589,663293498,915918773,1247985983,1678733029,2230334439,2927891919,3799280660,4874832374,6186829856,7768796502,9654574763,11877193259,14467546373,17452902208,20855302434,24689889726,28963260973,33671894817,38800781652,44322304627,50195497847,56365727147,62764886120,69312119978,75915136363,82472054752,88873790264,95006887538,100756714716,106010898653,110662859023,114615297553,117783475967,120098152211,121508013835,121981516810,121508013835,120098152211,117783475967,114615297553,110662859023,106010898653,100756714716,95006887538,88873790264,82472054752,75915136363,69312119978,62764886120,56365727147,50195497847,44322304627,38800781652,33671894817,28963260973,24689889726,20855302434,17452902208,14467546373,11877193259,9654574763,7768796502,6186829856,4874832374,3799280660,2927891919,2230334439,1678733029,1247985983,915918773,663293498,473714589,333444905,231171578,157731123,105829624,69757146,45123005,28608763,17754063,10766652,6368682,3666493,2049131,1108276,578025,289358,138308,62729,26738,10619,3878,1272,362,92,16,2"
KpGcC@??G?_C,"0,0,0,0,0,2,18,90,360,1249,3817,10451,26400,61996,136982,286879,573823,1101212,2037891,3648836,6342086,10727083,17697080,28527987,45011275,69605043,105626920,157464976,230828644,333009473,473170967,662624360,915108185,1247017626,1677593562,2229011882,2926379405,3797574775,4872936795,6184753541,7766557037,9652196036,11874708473,14464995157,17450332420,20852767119,24687448471,28960975615,33669830523,38799001948,44320872152,50194469605,56365155392,62764813333,69312580613,75916151934,82473636435,88875934758,95009580125,100759925732,106014588243,110666973851,114619776280,117788246444,120103137322,121513128847,121986676260,121513128847,120103137322,117788246444,114619776280,110666973851,106014588243,100759925732,95009580125,88875934758,82473636435,75916151934,69312580613,62764813333,56365155392,50194469605,44320872152,38799001948,33669830523,28960975615,24687448471,20852767119,17450332420,14464995157,11874708473,9652196036,7766557037,6184753541,4872936795,3797574775,2926379405,2229011882,1677593562,1247017626,915108185,662624360,473170967,333009473,230828644,157464976,105626920,69605043,45011275,28527987,17697080,10727083,6342086,3648836,2037891,1101212,573823,286879,136982,61996,26400,10451,3817,1249,360,90,18,2"
KpGcC@??G?g?,"0,0,0,0,0,2,12,76,318,1132,3534,9857,25176,59661,132750,279552,561533,1081360,2006629,3601145,6270966,10623588,17549505,28322081,44729155,69225912,105125814,156813999,229996160,331961849,471871825,661037556,913197267,1244749623,1674938789,2225948261,2922892101,3793661272,4868605980,6180030656,7761481626,9646826047,11869117411,14459275075,17444588700,20847120424,24682028452,28955921483,33665283233,38795103608,44317757685,50192266511,56363975063,62764751108,69313708394,75918518981,82477263356,88880815988,95015679278,100767179974,106022905599,110676238611,114629848669,117798969283,120114335515,121524617521,121998261950,121524617521,120114335515,117798969283,114629848669,110676238611,106022905599,100767179974,95015679278,88880815988,82477263356,75918518981,69313708394,62764751108,56363975063,50192266511,44317757685,38795103608,33665283233,28955921483,24682028452,20847120424,17444588700,14459275075,11869117411,9646826047,7761481626,6180030656,4868605980,3793661272,2922892101,2225948261,1674938789,1244749623,913197267,661037556,471871825,331961849,229996160,156813999,105125814,69225912,44729155,28322081,17549505,10623588,6270966,3601145,2006629,1081360,561533,279552,132750,59661,25176,9857,3534,1132,318,76,12,2"
KpGcA?@?G@?C,"0,0,0,0,1,5,31,131,478,1543,4488,11868,29191,67229,146309,302903,600294,1143743,2104177,3749478,6491193,10943318,18003826,28954747,45593803,70386145,106656430,158799996,232532239,335150268,475821296,665857997,918997118,1251629013,1682985629,2235230108,2933451686,3805506793,4881708372,6194314732,7776825970,9663056645,11886010241,14476553632,17461933042,20864167874,24698385833,28971170261,33678996453,38806854312,44327137202,50198892628,56367509977,62764909147,69310271335,75911340856,82466280495,88866047238,94997232895,100745248275,105997764737,110648239542,114599411176,117766570035,120080500873,121489907378,121963258072,121489907378,120080500873,117766570035,114599411176,110648239542,105997764737,100745248275,94997232895,88866047238,82466280495,75911340856,69310271335,62764909147,56367509977,50198892628,44327137202,38806854312,33678996453,28971170261,24698385833,20864167874,17461933042,14476553632,11886010241,9663056645,7776825970,6194314732,4881708372,3805506793,2933451686,2235230108,1682985629,1251629013,918997118,665857997,475821296,335150268,232532239,158799996,106656430,70386145,45593803,28954747,18003826,10943318,6491193,3749478,2104177,1143743,600294,302903,146309,67229,29191,11868,4488,1543,478,131,31,5,1"
KpGcA?@?G@?G,"0,0,0,0,0,1,13,75,314,1134,3531,9820,25042,59300,131789,277330,556869,1072197,1989529,3570605,6218626,10536989,17410683,28105661,44400430,68738518,104419274,155811109,228600685,330056328,469316746,657670781,908834681,1239188000,1667960770,2217329003,2912408440,3781103184,4853790195,6162816199,7741787013,9624645804,11844538271,14432491594,17415914960,20816998037,24651028684,28924741221,33634734682,38766096852,44291274869,50169329734,56345608164,62751937756,69307347776,75919381387,82485946788,88897708696,95040930364,100800677639,106064266550,110724809666,114684720417,117859003240,120178202524,121590844336,122065285582,121590844336,120178202524,117859003240,114684720417,110724809666,106064266550,100800677639,95040930364,88897708696,82485946788,75919381387,69307347776,62751937756,56345608164,50169329734,44291274869,38766096852,33634734682,28924741221,24651028684,20816998037,17415914960,14432491594,11844538271,9624645804,7741787013,6162816199,4853790195,3781103184,2912408440,2217329003,1667960770,1239188000,908834681,657670781,469316746,330056328,228600685,155811109,104419274,68738518,44400430,28105661,17410683,10536989,6218626,3570605,1989529,1072197,556869,277330,131789,59300,25042,9820,3531,1134,314,75,13,1"
KpGcA?@?G@G?,"0,0,0,0,1,5,27,111,416,1337,3963,10613,26481,61678,135706,283449,566232,1085952,2009493,3598643,6257311,10589095,17479711,28195087,44514675,68881519,104595733,156024964,228856262,330356648,469664818,658067459,909280744,1239681589,1668499369,2217906984,2913019644,3781738347,4854439790,6163467800,7742428437,9625262784,11845117977,14433019472,17416379029,20817385551,24651330303,28924947971,33634841495,38766099349,44291172777,50169123063,56345301435,62751535581,69306857899,75918810929,82485305716,88897005671,95040175772,100799879260,106063433443,110723948604,114683839168,117858106497,120177296229,121589931828,122064371540,121589931828,120177296229,117858106497,114683839168,110723948604,106063433443,100799879260,95040175772,88897005671,82485305716,75918810929,69306857899,62751535581,56345301435,50169123063,44291172777,38766099349,33634841495,28924947971,24651330303,20817385551,17416379029,14433019472,11845117977,9625262784,7742428437,6163467800,4854439790,3781738347,2913019644,2217906984,1668499369,1239681589,909280744,658067459,469664818,330356648,228856262,156024964,104595733,68881519,44514675,28195087,17479711,10589095,6257311,3598643,2009493,1085952,566232,283449,135706,61678,26481,10613,3963,1337,416,111,27,5,1"
KpGcA?@?GA?@,"0,0,0,0,0,1,8,58,256,957,3072,8793,22818,54824,123253,261857,529624,1026292,1914043,3450515,6031699,10253782,16989763,27494510,43528355,67519183,102741580,153544432,225583920,326107810,464221944,651198486,900724875,1229176107,1655765474,2202686423,2895060437,3760840779,4830441576,6136297884,7712088608,9591885403,11808941019,14394443487,17375930410,20775767175,24609369782,28883635796,33595263391,38729458507,44258706409,50142111389,56324971137,62739059358,69303256177,75924947756,82501797750,88924226610,95078182223,100848432899,106121953015,110791553538,114759332792,117940045059,120263997693,121679566086,122154989614,121679566086,120263997693,117940045059,114759332792,110791553538,106121953015,100848432899,95078182223,88924226610,82501797750,75924947756,69303256177,62739059358,56324971137,50142111389,44258706409,38729458507,33595263391,28883635796,24609369782,20775767175,17375930410,14394443487,11808941019,9591885403,7712088608,6136297884,4830441576,3760840779,2895060437,2202686423,1655765474,1229176107,900724875,651198486,464221944,326107810,225583920,153544432,102741580,67519183,43528355,27494510,16989763,10253782,6031699,3450515,1914043,1026292,529624,261857,123253,54824,22818,8793,3072,957,256,58,8,1"
KpGcA?@?GA?G,"0,0,0,0,0,2,19,97,392,1339,4045,10986,27523,64184,141069,294050,585937,1121047,2069275,3697031,6414347,10832750,17848190,28739614,45301835,69996598,106145409,158139965,231693126,334099238,474524040,664279587,917103727,1249389157,1680372418,2232222910,2930038393,3801686030,4877491137,6189726520,7771907409,9657864604,11880617722,14471049949,17456421001,20858763467,24693214505,28966364674,33674691775,38803184726,44324230744,50196868395,56366472613,62764945984,69311448897,75913702276,82469843350,88870802750,95003144904,100752254052,106005776476,110657145506,114609079475,117776850887,120091230042,121500909465,121974352062,121500909465,120091230042,117776850887,114609079475,110657145506,106005776476,100752254052,95003144904,88870802750,82469843350,75913702276,69311448897,62764945984,56366472613,50196868395,44324230744,38803184726,33674691775,28966364674,24693214505,20858763467,17456421001,14471049949,11880617722,9657864604,7771907409,6189726520,4877491137,3801686030,2930038393,2232222910,1680372418,1249389157,917103727,664279587,474524040,334099238,231693126,158139965,106145409,69996598,45301835,28739614,17848190,10832750,6414347,3697031,2069275,1121047,585937,294050,141069,64184,27523,10986,4045,1339,392,97,19,2"
KpGcA?@?GAG?,"0,0,0,0,0,1,11,65,290,1056,3332,9407,24158,57569,128576,271754,547189,1056512,1964377,3532000,6160070,10451402,17286892,27932167,44160096,68414000,103986237,155246357,227872446,329136490,468168102,656262795,907128731,1237157366,1665570988,2214563653,2909245756,3777545542,4849836643,6158495963,7737126436,9619705919,11839377235,14427203016,17410586497,20811751764,24645975156,28920020843,33630469306,38762430253,44288323564,50167223835,56344442854,62751813254,69308322570,75921511644,82489243521,88902176647,95046527757,100807354120,106071928568,110733357698,114694017043,117868909108,120188547674,121601463556,122075991670,121601463556,120188547674,117868909108,114694017043,110733357698,106071928568,100807354120,95046527757,88902176647,82489243521,75921511644,69308322570,62751813254,56344442854,50167223835,44288323564,38762430253,33630469306,28920020843,24645975156,20811751764,17410586497,14427203016,11839377235,9619705919,7737126436,6158495963,4849836643,3777545542,2909245756,2214563653,1665570988,1237157366,907128731,656262795,468168102,329136490,227872446,155246357,103986237,68414000,44160096,27932167,17286892,10451402,6160070,3532000,1964377,1056512,547189,271754,128576,57569,24158,9407,3332,1056,290,65,11,1"
KpGcA?@?I??@,"0,0,0,0,0,1,10,60,268,981,3121,8860,22908,54891,123230,261571,528800,1024373,1910277,3443718,6020063,10234799,16960052,27449518,43462273,67424689,102609681,153364386,225343363,325792646,463816504,650686116,900088423,1228398541,1654830780,2201580255,2893771357,3759361615,4828770092,6134438060,7710051391,9589689408,11806613143,14392018947,17373452113,20773285148,24606940724,28881321506,33593128767,38727569926,44257129040,50140907252,56324197379,62738765462,69303481943,75925722081,82503137047,88926134041,95080646938,100851429548,106125442579,110795484576,114763642398,117944660209,120268837257,121684542572,122160011978,121684542572,120268837257,117944660209,114763642398,110795484576,106125442579,100851429548,95080646938,88926134041,82503137047,75925722081,69303481943,62738765462,56324197379,50140907252,44257129040,38727569926,33593128767,28881321506,24606940724,20773285148,17373452113,14392018947,11806613143,9589689408,7710051391,6134438060,4828770092,3759361615,2893771357,2201580255,1654830780,1228398541,900088423,650686116,463816504,325792646,225343363,153364386,102609681,67424689,43462273,27449518,16960052,10234799,6020063,3443718,1910277,1024373,528800,261571,123230,54891,22908,8860,3121,981,268,60,10,1"
KpGcA?@?I?G?,"0,0,0,0,1,5,29,117,446,1427,4193,11173,27719,64228,140728,292811,582978,1114908,2057909,3677333,6381841,10781271,17769557,28623073,45133871,69760417,105820721,157702826,231116264,333352048,473573092,663089685,915639160,1247615087,1678256695,2229737762,2927162788,3798408241,4873810494,6185655708,7767473877,9653111934,11875606517,14465857794,17451141237,20853503837,24688095501,28961516481,33670250245,38799287687,44321012891,50194457155,56364984135,62764480239,69312085517,75915497799,82472828396,88874980393,95008489350,100758710182,106013261247,110665550168,114618271898,117786678501,120101523741,121511487550,121985025576,121511487550,120101523741,117786678501,114618271898,110665550168,106013261247,100758710182,95008489350,88874980393,82472828396,75915497799,69312085517,62764480239,56364984135,50194457155,44321012891,38799287687,33670250245,28961516481,24688095501,20853503837,17451141237,14465857794,11875606517,9653111934,7767473877,6185655708,4873810494,3798408241,2927162788,2229737762,1678256695,1247615087,915639160,663089685,473573092,333352048,231116264,157702826,105820721,69760417,45133871,28623073,17769557,10781271,6381841,3677333,2057909,1114908,582978,292811,140728,64228,27719,11173,4193,1427,446,117,29,5,1"
KpGcA?@?OA?G,"0,0,0,0,2,11,56,230,748,2289,6237,15793,37241,83111,175839,355876,691562,1296483,2351766,4140889,7094283,11852270,19344028,30892569,48342083,74215382,111899954,165863994,241897894,347379580,491552492,685803048,943926430,1282356195,1720338368,2280019795,2986429507,3867318306,4952837886,6275030329,7867119339,9762588511,11994058617,14591973263,17583126410,20989074915,24824492425,29095540221,33798326779,38917555523,44425436230,50280957550,56429588621,62803481252,69322202293,75894035186,82417819339,88785312437,94883998117,100600244462,105822699666,110445785570,114373141360,117520864877,119820405864,121220972279,121691340068,121220972279,119820405864,117520864877,114373141360,110445785570,105822699666,100600244462,94883998117,88785312437,82417819339,75894035186,69322202293,62803481252,56429588621,50280957550,44425436230,38917555523,33798326779,29095540221,24824492425,20989074915,17583126410,14591973263,11994058617,9762588511,7867119339,6275030329,4952837886,3867318306,2986429507,2280019795,1720338368,1282356195,943926430,685803048,491552492,347379580,241897894,165863994,111899954,74215382,48342083,30892569,19344028,11852270,7094283,4140889,2351766,1296483,691562,355876,175839,83111,37241,15793,6237,2289,748,230,56,11,2"
KpGcA?@?OAG?,"0,0,0,0,0,4,24,118,452,1486,4408,11794,29190,67478,147264,305296,605572,1154296,2123946,3784600,6551034,11041488,18159924,29196004,45957138,70920554,107425300,159883592,234030034,337182798,478530940,669409536,923576424,1257440150,1690245718,2244162404,2944276326,3818429280,4896905768,6211920410,7796912738,9685620172,11910953216,14503670800,17490899730,20894532976,24729570010,29002469992,33709594978,38835839516,44353527160,50221667936,56385651748,62777440468,69316301594,75910109652,82457199766,88848738252,94971555462,100711321668,105955978238,110599250590,114544131146,117706137694,120016244182,121423296836,121895852792,121423296836,120016244182,117706137694,114544131146,110599250590,105955978238,100711321668,94971555462,88848738252,82457199766,75910109652,69316301594,62777440468,56385651748,50221667936,44353527160,38835839516,33709594978,29002469992,24729570010,20894532976,17490899730,14503670800,11910953216,9685620172,7796912738,6211920410,4896905768,3818429280,2944276326,2244162404,1690245718,1257440150,923576424,669409536,478530940,337182798,234030034,159883592,107425300,70920554,45957138,29196004,18159924,11041488,6551034,3784600,2123946,1154296,605572,305296,147264,67478,29190,11794,4408,1486,452,118,24,4"
KpGa?C@?OAG?,"0,0,0,1,3,22,64,256,730,2160,5684,14235,33400,74706,158624,323073,631802,1192091,2176074,3854620,6640770,11152782,18290789,29341652,46105799,71053532,107511781,159880712,233876744,336800051,477816436,668238779,921798992,1254883454,1686714887,2239447655,2938157403,3810687291,4887333051,6200336398,7783178302,9669655893,11892754372,14483324874,17468599214,20870585694,24704404200,28976635246,33683754001,38810756459,44330045415,50200683009,56368076551,62764168895,69308164495,75907836024,82461373518,88859764243,94989626963,100736402026,105987784517,110637257930,114587579338,117754059206,120067493626,121476599227,121949847850,121476599227,120067493626,117754059206,114587579338,110637257930,105987784517,100736402026,94989626963,88859764243,82461373518,75907836024,69308164495,62764168895,56368076551,50200683009,44330045415,38810756459,33683754001,28976635246,24704404200,20870585694,17468599214,14483324874,11892754372,9669655893,7783178302,6200336398,4887333051,3810687291,2938157403,2239447655,1686714887,1254883454,921798992,668238779,477816436,336800051,233876744,159880712,107511781,71053532,46105799,29341652,18290789,11152782,6640770,3854620,2176074,1192091,631802,323073,158624,74706,33400,14235,5684,2160,730,256,64,22,3,1"
KpGa?C@?OC?@,"0,0,0,0,1,4,25,93,372,1188,3621,9820,24864,58401,129646,272313,546889,1053080,1955582,3512096,6122368,10382734,17171611,27743603,43866283,67966539,103327730,154296177,226537959,327295305,465684253,652967507,902841773,1231666961,1658664312,2206005750,2898818376,3765027639,4835051126,6141290323,7717427113,9597495919,11814753303,14400349464,17381829476,20781523205,24614860296,28888708459,33599787171,38733281023,44261705343,50144151787,56325956551,62738889193,69301874360,75922301439,82497881958,88919043301,95071781968,100840874097,106113339176,110781994081,114748976375,117929041027,120252527616,121667805312,122143136658,121667805312,120252527616,117929041027,114748976375,110781994081,106113339176,100840874097,95071781968,88919043301,82497881958,75922301439,69301874360,62738889193,56325956551,50144151787,44261705343,38733281023,33599787171,28888708459,24614860296,20781523205,17381829476,14400349464,11814753303,9597495919,7717427113,6141290323,4835051126,3765027639,2898818376,2206005750,1658664312,1231666961,902841773,652967507,465684253,327295305,226537959,154296177,103327730,67966539,43866283,27743603,17171611,10382734,6122368,3512096,1955582,1053080,546889,272313,129646,58401,24864,9820,3621,1188,372,93,25,4,1"
KpGa?C@?OC?O,"0,0,0,0,0,2,18,98,394,1364,4106,11155,27854,64925,142394,296522,590137,1128112,2080495,3714691,6440932,10872294,17905157,28820387,45413527,70148690,106348094,158406085,232036056,334534689,475067643,664948760,917914357,1250357549,1681511971,2233545565,2931550977,3803392042,4879386858,6191802920,7774147004,9660243441,11883102541,14473601235,17458990830,20861298692,24695655694,28968649913,33676755853,38804964220,44325662987,50197896297,56367044093,62765018498,69310987952,75912686473,82468261492,88868658070,95000452294,100749043090,106002086933,110653030877,114604601021,117772080675,120086245329,121495794865,121969192954,121495794865,120086245329,117772080675,114604601021,110653030877,106002086933,100749043090,95000452294,88868658070,82468261492,75912686473,69310987952,62765018498,56367044093,50197896297,44325662987,38804964220,33676755853,28968649913,24695655694,20861298692,17458990830,14473601235,11883102541,9660243441,7774147004,6191802920,4879386858,3803392042,2931550977,2233545565,1681511971,1250357549,917914357,664948760,475067643,334534689,232036056,158406085,106348094,70148690,45413527,28820387,17905157,10872294,6440932,3714691,2080495,1128112,590137,296522,142394,64925,27854,11155,4106,1364,394,98,18,2"
KpGa?C@?OCG?,"0,0,0,0,1,5,29,117,436,1399,4105,10935,27135,62938,137992,287435,572876,1096720,2026383,3624435,6295677,10644903,17559047,28305721,44665905,69084507,104863439,156372380,229299676,330913990,470354720,658909169,910292750,1240881435,1669901687,2219523700,2914857550,3783798911,4856717218,6165949420,7745092241,9628079022,11848046999,14436014028,17419382799,20820336549,24654159489,28927584119,33637209975,38768127297,44292788599,50170262225,56345904373,62751554293,69306253629,75917559873,82483395762,88894441591,95036974764,100796076240,106059074765,110719096220,114678564248,117852493287,120171434045,121583918936,122058307104,121583918936,120171434045,117852493287,114678564248,110719096220,106059074765,100796076240,95036974764,88894441591,82483395762,75917559873,69306253629,62751554293,56345904373,50170262225,44292788599,38768127297,33637209975,28927584119,24654159489,20820336549,17419382799,14436014028,11848046999,9628079022,7745092241,6165949420,4856717218,3783798911,2914857550,2219523700,1669901687,1240881435,910292750,658909169,470354720,330913990,229299676,156372380,104863439,69084507,44665905,28305721,17559047,10644903,6295677,3624435,2026383,1096720,572876,287435,137992,62938,27135,10935,4105,1399,436,117,29,5,1"
KpGa?C@?Q??@,"0,0,0,0,1,6,29,123,436,1384,4045,10706,26572,61541,134996,281361,561367,1075644,1989794,3562774,6195344,10485940,17314229,27937171,44124151,68304209,103762436,154847273,227225607,328140903,466708827,654191349,904283393,1233342091,1660584138,2208176194,2901238902,3767689885,4837938616,6144377205,7720678177,9600866687,11818190917,14403792068,17385209364,20784766381,24617889992,28891446547,33602156707,38735207865,44263121649,50144996375,56326178835,62738449809,69300746334,75920471043,82495350302,88915825659,95067907358,100836384731,106108289526,110776450419,114743014713,117922745635,120245988866,121661118862,122136400406,121661118862,120245988866,117922745635,114743014713,110776450419,106108289526,100836384731,95067907358,88915825659,82495350302,75920471043,69300746334,62738449809,56326178835,50144996375,44263121649,38735207865,33602156707,28891446547,24617889992,20784766381,17385209364,14403792068,11818190917,9600866687,7720678177,6144377205,4837938616,3767689885,2901238902,2208176194,1660584138,1233342091,904283393,654191349,466708827,328140903,227225607,154847273,103762436,68304209,44124151,27937171,17314229,10485940,6195344,3562774,1989794,1075644,561367,281361,134996,61541,26572,10706,4045,1384,436,123,29,6,1"
KpGa?C@?Q?G?,"0,0,0,1,3,22,65,259,740,2184,5729,14295,33493,74767,158576,322782,630964,1190147,2172284,3847782,6629095,11133778,18261030,29296609,46039687,70959001,107379861,159700685,233636191,336484912,477411095,667726516,921162680,1254106085,1685780385,2238341719,2936868643,3809208390,4885661819,6198476849,7781141299,9667460064,11890426645,14480900312,17466120806,20868103515,24701974828,28974320525,33681618881,38808867212,44328467366,50199478218,56367302040,62763874256,69308389647,75908609783,82462712390,88861671476,94992091555,100739398745,105991274428,110641189457,114591889571,117758675183,120072334032,121481576667,121954871284,121481576667,120072334032,117758675183,114591889571,110641189457,105991274428,100739398745,94992091555,88861671476,82462712390,75908609783,69308389647,62763874256,56367302040,50199478218,44328467366,38808867212,33681618881,28974320525,24701974828,20868103515,17466120806,14480900312,11890426645,9667460064,7781141299,6198476849,4885661819,3809208390,2936868643,2238341719,1685780385,1254106085,921162680,667726516,477411095,336484912,233636191,159700685,107379861,70959001,46039687,29296609,18261030,11133778,6629095,3847782,2172284,1190147,630964,322782,158576,74767,33493,14295,5729,2184,740,259,65,22,3,1"
KpGa?C@?_?_O,"0,0,0,0,0,1,12,70,318,1137,3553,9949,25321,59897,133043,279726,560914,1079299,2000948,3588857,6246321,10578840,17471020,28192399,44520637,68903848,104640076,156103908,228978806,330540830,469923554,658424054,909750766,1240292353,1669266384,2218858471,2914167651,3783106850,4856031668,6165297715,7744484597,9627544713,11847594677,14435671373,17419153202,20820242281,24654195899,28927764121,33637519063,38768568527,44293337040,50170911876,56346622977,62752328792,69307048689,75918360994,82484169331,88895176581,95037645289,100796679218,106059595344,110719541972,114678931952,117852800835,120171688740,121584146269,122058520236,121584146269,120171688740,117852800835,114678931952,110719541972,106059595344,100796679218,95037645289,88895176581,82484169331,75918360994,69307048689,62752328792,56346622977,50170911876,44293337040,38768568527,33637519063,28927764121,24654195899,20820242281,17419153202,14435671373,11847594677,9627544713,7744484597,6165297715,4856031668,3783106850,2914167651,2218858471,1669266384,1240292353,909750766,658424054,469923554,330540830,228978806,156103908,104640076,68903848,44520637,28192399,17471020,10578840,6246321,3588857,2000948,1079299,560914,279726,133043,59897,25321,9949,3553,1137,318,70,12,1"
KpGa?C@?_?g?,"0,0,0,0,1,4,28,96,394,1218,3692,9912,24999,58484,129678,271994,546007,1050966,1951514,3504578,6109721,10362044,17139512,27695106,43795595,67865768,103187992,154106194,226285436,326965736,465262460,652436616,902185375,1230868306,1657708302,2204878782,2897510596,3763532784,4833368762,6139425830,7715392972,9595312124,11812447954,14397958414,17379395980,20779097592,24612498336,28886470780,33597736809,38731481792,44260219246,50143038010,56325267904,62738671720,69302164110,75923124032,82499250578,88920959180,95074232012,100843832910,106116767979,110785842962,114753184388,117933538912,120257237600,121672644994,122148019788,121672644994,120257237600,117933538912,114753184388,110785842962,106116767979,100843832910,95074232012,88920959180,82499250578,75923124032,69302164110,62738671720,56325267904,50143038010,44260219246,38731481792,33597736809,28886470780,24612498336,20779097592,17379395980,14397958414,11812447954,9595312124,7715392972,6139425830,4833368762,3763532784,2897510596,2204878782,1657708302,1230868306,902185375,652436616,465262460,326965736,226285436,154106194,103187992,67865768,43795595,27695106,17139512,10362044,6109721,3504578,1951514,1050966,546007,271994,129678,58484,24999,9912,3692,1218,394,96,28,4,1"
KpGa?C@?_C?O,"0,0,0,0,0,5,30,148,560,1801,5196,13645,33081,75273,162016,331872,651551,1231362,2248847,3981561,6853759,11495859,18826902,30155242,47309944,72793730,109974099,163294343,238521433,343006321,485969285,678772676,935195181,1271657106,1707403119,2264586984,2968260976,3846212460,4928649264,6247686123,7836639962,9729103763,11957825316,14553386870,17542730201,20947562382,24782703937,29054451280,33759030634,38881235036,44393330794,50254322056,56409648416,62791381404,69318959773,75900487054,82434580386,88812733616,94922139496,100648851733,105881201367,110513293897,114448477073,117602584122,119906850495,121310318116,121781665466,121310318116,119906850495,117602584122,114448477073,110513293897,105881201367,100648851733,94922139496,88812733616,82434580386,75900487054,69318959773,62791381404,56409648416,50254322056,44393330794,38881235036,33759030634,29054451280,24782703937,20947562382,17542730201,14553386870,11957825316,9729103763,7836639962,6247686123,4928649264,3846212460,2968260976,2264586984,1707403119,1271657106,935195181,678772676,485969285,343006321,238521433,163294343,109974099,72793730,47309944,30155242,18826902,11495859,6853759,3981561,2248847,1231362,651551,331872,162016,75273,33081,13645,5196,1801,560,148,30,5"
KpGa?C@?_CG?,"0,0,0,0,0,4,21,109,424,1400,4179,11253,27971,64960,142350,296053,588991,1125588,2075827,3706317,6427109,10850010,17871020,28769316,45339707,70044149,106203980,158211128,231778087,334199286,474639810,664411795,917252221,1249553778,1680551831,2232415761,2930242049,3801898081,4877707728,6189944239,7772121383,9658070912,11880811206,14471226767,17456576110,20858893635,24693315500,28966434686,33674727941,38803186767,44324197146,50196800604,56366370710,62764812917,69311285690,75913512800,82469629348,88870568717,95002892630,100751987837,106005497584,110656857922,114608784104,117776551168,120090926133,121500604237,121974045360,121500604237,120090926133,117776551168,114608784104,110656857922,106005497584,100751987837,95002892630,88870568717,82469629348,75913512800,69311285690,62764812917,56366370710,50196800604,44324197146,38803186767,33674727941,28966434686,24693315500,20858893635,17456576110,14471226767,11880811206,9658070912,7772121383,6189944239,4877707728,3801898081,2930242049,2232415761,1680551831,1249553778,917252221,664411795,474639810,334199286,231778087,158211128,106203980,70044149,45339707,28769316,17871020,10850010,6427109,3706317,2075827,1125588,588991,296053,142350,64960,27971,11253,4179,1400,424,109,21,4"
KpGa?C@?a??@,"0,0,0,0,0,1,13,69,310,1097,3417,9514,24276,57493,127992,269845,542632,1046682,1945350,3497076,6099378,10349927,17123566,27676934,43772785,67840537,103157359,154073611,226247184,326926459,465217911,652392463,902136732,1230822478,1657659330,2204835073,2897465417,3763495499,4833331548,6139398894,7715367117,9595298161,11812435894,14397959073,17379398321,20779112549,24612513931,28886498090,33597763401,38731518643,44260253922,50143080852,56325306888,62738717405,69302204605,75923169424,82499289924,88921002441,95074269266,100843873374,106116801981,110785880095,114753215881,117933573558,120257267246,121672678439,122148048666,121672678439,120257267246,117933573558,114753215881,110785880095,106116801981,100843873374,95074269266,88921002441,82499289924,75923169424,69302204605,62738717405,56325306888,50143080852,44260253922,38731518643,33597763401,28886498090,24612513931,20779112549,17379398321,14397959073,11812435894,9595298161,7715367117,6139398894,4833331548,3763495499,2897465417,2204835073,1657659330,1230822478,902136732,652392463,465217911,326926459,226247184,154073611,103157359,67840537,43772785,27676934,17123566,10349927,6099378,3497076,1945350,1046682,542632,269845,127992,57493,24276,9514,3417,1097,310,69,13,1"
KpGa?C@?a?G?,"0,0,0,0,1,7,36,144,518,1605,4606,12027,29394,67333,146216,302136,598308,1139276,2095699,3734269,6465684,10902005,17939914,28858630,45453833,70187062,106380377,158424985,232033713,334499745,474988103,664808804,917698712,1250047908,1681091073,2232994466,2930854068,3802534058,4878358152,6190596587,7772763476,9658688397,11881391212,14471754672,17457039955,20859280548,24693616201,28966640194,33674833205,38803187402,44324093080,50196591804,56366061808,62764408654,69310793915,75912940710,82468987048,88869864932,95002137800,100751189795,106004665346,110655998313,114607904765,117775656770,120090022481,121499694602,121973134254,121499694602,120090022481,117775656770,114607904765,110655998313,106004665346,100751189795,95002137800,88869864932,82468987048,75912940710,69310793915,62764408654,56366061808,50196591804,44324093080,38803187402,33674833205,28966640194,24693616201,20859280548,17457039955,14471754672,11881391212,9658688397,7772763476,6190596587,4878358152,3802534058,2930854068,2232994466,1681091073,1250047908,917698712,664808804,474988103,334499745,232033713,158424985,106380377,70187062,45453833,28858630,17939914,10902005,6465684,3734269,2095699,1139276,598308,302136,146216,67333,29394,12027,4606,1605,518,144,36,7,1"
KpGa?C@O??_@,"0,0,0,0,1,4,27,94,377,1176,3563,9562,24208,56736,126054,264979,533042,1027766,1911748,3438554,6003222,10194804,16883535,27312075,43234950,67061661,102056896,152544042,224165919,324138020,461551012,647641790,896085780,1223224847,1648271319,2193396281,2883740100,3747255424,4814404645,6117652000,7690761568,9567868771,11782348544,14365484491,17344964795,20743268689,24575973571,28850087907,33562453713,38698355582,44230374961,50117632209,56305446192,62725522152,69296667867,75926108250,82511342903,88942548496,95105436781,100884479840,106166382887,110843654332,114818140715,118004337798,120332368289,121750439508,122226713284,121750439508,120332368289,118004337798,114818140715,110843654332,106166382887,100884479840,95105436781,88942548496,82511342903,75926108250,69296667867,62725522152,56305446192,50117632209,44230374961,38698355582,33562453713,28850087907,24575973571,20743268689,17344964795,14365484491,11782348544,9567868771,7690761568,6117652000,4814404645,3747255424,2883740100,2193396281,1648271319,1223224847,896085780,647641790,461551012,324138020,224165919,152544042,102056896,67061661,43234950,27312075,16883535,10194804,6003222,3438554,1911748,1027766,533042,264979,126054,56736,24208,9562,3563,1176,377,94,27,4,1"
KpGa?C@O??_A,"0,0,0,0,0,3,16,90,352,1205,3663,9993,25235,59237,131081,274980,551210,1060013,1966112,3527987,6145083,10414916,17215560,27802811,43943875,68066754,103454100,154453362,226729424,327525324,465955174,653282112,903200632,1232070627,1659110480,2206491651,2899338193,3765575134,4835617102,6141865393,7717999211,9598053483,11815283217,14400839671,17382267152,20781897199,24615159853,28888926199,33599916107,38733317773,44261647434,50144000044,56325712951,62738559160,69301462951,75921816660,82497331299,88918436491,95071126757,100840179546,106112611722,110781241754,114748204558,117928256275,120251733322,121667006349,122142335288,121667006349,120251733322,117928256275,114748204558,110781241754,106112611722,100840179546,95071126757,88918436491,82497331299,75921816660,69301462951,62738559160,56325712951,50144000044,44261647434,38733317773,33599916107,28888926199,24615159853,20781897199,17382267152,14400839671,11815283217,9598053483,7717999211,6141865393,4835617102,3765575134,2899338193,2206491651,1659110480,1232070627,903200632,653282112,465955174,327525324,226729424,154453362,103454100,68066754,43943875,27802811,17215560,10414916,6145083,3527987,1966112,1060013,551210,274980,131081,59237,25235,9993,3663,1205,352,90,16,3"
KpGa?C@O??g?,"0,0,0,0,1,6,33,129,476,1480,4297,11294,27838,64097,140030,290625,577927,1104204,2037514,3640202,6317954,10675134,17599809,28359093,44735165,69172207,104973476,156507533,229464149,331110585,470587317,659179821,910604759,1241235977,1670300766,2219966786,2915344666,3784327607,4857285282,6166552069,7745724643,9628733725,11848716657,14436688826,17420052382,20820988231,24654780562,28928160059,33637726671,38768569061,44293140389,50170508491,56346031491,62751548811,69306105010,75917258733,82482937026,88893822725,95036197994,100795146161,106058001650,110717892903,114677249303,117851087039,120169961148,121582404226,122056778882,121582404226,120169961148,117851087039,114677249303,110717892903,106058001650,100795146161,95036197994,88893822725,82482937026,75917258733,69306105010,62751548811,56346031491,50170508491,44293140389,38768569061,33637726671,28928160059,24654780562,20820988231,17420052382,14436688826,11848716657,9628733725,7745724643,6166552069,4857285282,3784327607,2915344666,2219966786,1670300766,1241235977,910604759,659179821,470587317,331110585,229464149,156507533,104973476,69172207,44735165,28359093,17599809,10675134,6317954,3640202,2037514,1104204,577927,290625,140030,64097,27838,11294,4297,1480,476,129,33,6,1"
KpGa?C@OA?G?,"0,0,0,1,3,24,73,293,858,2506,6535,16179,37477,82781,173940,350774,680056,1273503,2309306,4066916,6970731,11653758,19035114,30425497,47653895,73224859,110504719,163937949,239289129,343909034,487013717,679963852,936532874,1273137983,1709017211,2266320009,2970091833,3848115856,4930593987,6249637639,7838559301,9730950736,11959558509,14554965914,17544116344,20948720061,24783602448,29055066949,33759345319,38881238492,44393019412,50253699408,56408724614,62790173592,69317487965,75898776345,82432657402,88810627690,94919877795,100646461897,105878706740,110510718201,114445839295,117599902987,119904139192,121307590511,121778931352,121307590511,119904139192,117599902987,114445839295,110510718201,105878706740,100646461897,94919877795,88810627690,82432657402,75898776345,69317487965,62790173592,56408724614,50253699408,44393019412,38881238492,33759345319,29055066949,24783602448,20948720061,17544116344,14554965914,11959558509,9730950736,7838559301,6249637639,4930593987,3848115856,2970091833,2266320009,1709017211,1273137983,936532874,679963852,487013717,343909034,239289129,163937949,110504719,73224859,47653895,30425497,19035114,11653758,6970731,4066916,2309306,1273503,680056,350774,173940,82781,37477,16179,6535,2506,858,293,73,24,3,1"
KpGa?CA?_C?O,"0,0,0,0,4,17,92,332,1078,3107,8225,20165,46267,100749,208833,414794,793218,1466295,2627034,4575317,7763351,12859204,20827320,33034127,51375619,78435536,117670584,173625552,252172462,360773296,508753482,707574344,971092296,1315781865,1760901532,2328574363,3043761189,3934093602,5029546986,6361927061,7964160195,9869374215,12109782101,14715377659,17712477552,21122151927,24958599135,29227540543,33924706715,39034508237,44528972730,50367037870,56494268703,62843070762,69333427433,75874195628,82364933667,88698243707,94762550663,100445226342,105635945486,110230137068,114132384436,117259625645,119544007966,120935262867,121402490232,120935262867,119544007966,117259625645,114132384436,110230137068,105635945486,100445226342,94762550663,88698243707,82364933667,75874195628,69333427433,62843070762,56494268703,50367037870,44528972730,39034508237,33924706715,29227540543,24958599135,21122151927,17712477552,14715377659,12109782101,9869374215,7964160195,6361927061,5029546986,3934093602,3043761189,2328574363,1760901532,1315781865,971092296,707574344,508753482,360773296,252172462,173625552,117670584,78435536,51375619,33034127,20827320,12859204,7763351,4575317,2627034,1466295,793218,414794,208833,100749,46267,20165,8225,3107,1078,332,92,17,4"
KpGa?CA?_CG?,"0,0,0,0,2,11,54,218,720,2198,6027,15352,36349,81425,172858,350753,683128,1283010,2330884,4109375,7047835,11785348,19249676,30762095,48165081,73979429,111590705,165465227,241391763,346746850,490773090,684856696,942793586,1281018842,1718781217,2278231282,2984403209,3865054063,4950342865,6272319842,7864217589,9759528973,11990884339,14588736225,17579886979,20985900509,24821456352,29092719663,33795800723,38915402166,44423730774,50279769631,56428980312,62803504283,69322896432,75895426296,82419918753,88788115732,94887485057,100604378717,105827429956,110451046408,114378855069,117526942518,119826749981,121227478663,121697901002,121227478663,119826749981,117526942518,114378855069,110451046408,105827429956,100604378717,94887485057,88788115732,82419918753,75895426296,69322896432,62803504283,56428980312,50279769631,44423730774,38915402166,33795800723,29092719663,24821456352,20985900509,17579886979,14588736225,11990884339,9759528973,7864217589,6272319842,4950342865,3865054063,2984403209,2278231282,1718781217,1281018842,942793586,684856696,490773090,346746850,241391763,165465227,111590705,73979429,48165081,30762095,19249676,11785348,7047835,4109375,2330884,1283010,683128,350753,172858,81425,36349,15352,6027,2198,720,218,54,11,2"
KpGa?CA?a??@,"0,0,0,0,0,5,23,127,464,1535,4474,11892,29240,67337,146469,303127,600459,1143679,2103559,3747798,6487422,10936042,17990926,28933291,45559784,70334345,106580158,158691032,232380721,334944716,475548374,665503133,918544961,1251063781,1682291687,2234392728,2932458174,3804347589,4880377940,6192812740,7775157934,9661234977,11884055069,14474492596,17459801154,20862007154,24696245053,28969103885,33677062644,38805113220,44325648792,50197714772,56366696795,62764508415,69310322459,75911873280,82467312747,88867585682,94999270509,100747764403,106000726004,110651600590,114603116176,117770553415,120084689047,121494220554,121967613216,121494220554,120084689047,117770553415,114603116176,110651600590,106000726004,100747764403,94999270509,88867585682,82467312747,75911873280,69310322459,62764508415,56366696795,50197714772,44325648792,38805113220,33677062644,28969103885,24696245053,20862007154,17459801154,14474492596,11884055069,9661234977,7775157934,6192812740,4880377940,3804347589,2932458174,2234392728,1682291687,1251063781,918544961,665503133,475548374,334944716,232380721,158691032,106580158,70334345,45559784,28933291,17990926,10936042,6487422,3747798,2103559,1143679,600459,303127,146469,67337,29240,11892,4474,1535,464,127,23,5"
KpGa?CA?a?G?,"0,0,0,0,2,10,48,196,636,1965,5438,13953,33388,75464,161461,330111,647148,1222315,2231868,3952336,6805026,11418910,18708814,29980152,47056630,72436955,109481657,162629601,237640427,341860954,484504850,676932380,932918682,1268885723,1704079369,2260660531,2963689658,3840968665,4922721251,6241083721,7829395736,9721277916,11949505744,14544691164,17533804723,20938580908,24773864887,29045974490,33751149388,38874191665,44387367680,50249673791,56406533699,62789996011,69319465207,75903006784,82439191320,88819463713,94930960914,100659683575,105893906056,110527685282,114464319261,117619602289,119924732853,121328730666,121800255298,121328730666,119924732853,117619602289,114464319261,110527685282,105893906056,100659683575,94930960914,88819463713,82439191320,75903006784,69319465207,62789996011,56406533699,50249673791,44387367680,38874191665,33751149388,29045974490,24773864887,20938580908,17533804723,14544691164,11949505744,9721277916,7829395736,6241083721,4922721251,3840968665,2963689658,2260660531,1704079369,1268885723,932918682,676932380,484504850,341860954,237640427,162629601,109481657,72436955,47056630,29980152,18708814,11418910,6805026,3952336,2231868,1222315,647148,330111,161461,75464,33388,13953,5438,1965,636,196,48,10,2"
KpGa?CAO??_A,"0,0,0,0,0,3,18,102,392,1355,4018,10861,27067,63011,138196,288128,574187,1099180,2030433,3631129,6305729,10659911,17580284,28335336,44705706,69137248,104931281,156458373,229406127,331043841,470509631,659091270,910502729,1241119974,1670167885,2219816124,2915172966,3784133668,4857065916,6166306109,7745449826,9628429883,11848383162,14436327460,17419665631,20820580886,24654358903,28927732970,33637304078,38768163658,44292766030,50170180062,56345764574,62751359142,69306007015,75917265970,82483060158,88894069388,95036572042,100795647621,106058625381,110718630223,114678086165,117852006174,120170941415,121583422740,122057809842,121583422740,120170941415,117852006174,114678086165,110718630223,106058625381,100795647621,95036572042,88894069388,82483060158,75917265970,69306007015,62751359142,56345764574,50170180062,44292766030,38768163658,33637304078,28927732970,24654358903,20820580886,17419665631,14436327460,11848383162,9628429883,7745449826,6166306109,4857065916,3784133668,2915172966,2219816124,1670167885,1241119974,910502729,659091270,470509631,331043841,229406127,156458373,104931281,69137248,44705706,28335336,17580284,10659911,6305729,3631129,2030433,1099180,574187,288128,138196,63011,27067,10861,4018,1355,392,102,18,3"
KpGa?CAO??g?,"0,0,0,0,0,4,22,112,434,1424,4224,11313,28064,65021,142302,295762,588153,1123644,2072037,3699479,6415434,10831006,17841261,28724273,45273595,69949618,106072060,158031101,231537534,333884147,474234469,663899532,916615909,1248776409,1679617329,2231309825,2928953289,3800419180,4876036496,6188084690,7770084380,9655875083,11878483479,14468802205,17454097702,20856411456,24690886128,28964119965,33672592821,38801297520,44322619097,50195595813,56365596199,62764518278,69311510842,75914286559,82470968220,88872475950,95005357222,100754984556,106008987495,110660789449,114613094337,117781167145,120095766539,121505581677,121979068794,121505581677,120095766539,117781167145,114613094337,110660789449,106008987495,100754984556,95005357222,88872475950,82470968220,75914286559,69311510842,62764518278,56365596199,50195595813,44322619097,38801297520,33672592821,28964119965,24690886128,20856411456,17454097702,14468802205,11878483479,9655875083,7770084380,6188084690,4876036496,3800419180,2928953289,2231309825,1679617329,1248776409,916615909,663899532,474234469,333884147,231537534,158031101,106072060,69949618,45273595,28724273,17841261,10831006,6415434,3699479,2072037,1123644,588153,295762,142302,65021,28064,11313,4224,1424,434,112,22,4"
KpGa?CAOA?G?,"0,0,0,0,3,13,64,238,766,2286,6170,15519,36536,81456,172467,349485,680125,1276803,2319446,4089588,7015230,11733783,19170925,30645445,47997036,73743171,111265974,165028117,240814954,345999780,489822382,683667090,941329405,1279245278,1716666051,2275746760,2981528349,3861776961,4946662909,6268249692,7859784596,9754776698,11985873401,14583544027,17574606950,20980640368,24816336496,29087870347,33791357860,38911503475,44420511179,50277356602,56427489936,62803036723,69323531464,75897220419,82422902746,88792292801,94892829288,100610835130,105834915549,110459452324,114388049129,117536772212,119837045925,121238059209,121708577110,121238059209,119837045925,117536772212,114388049129,110459452324,105834915549,100610835130,94892829288,88792292801,82422902746,75897220419,69323531464,62803036723,56427489936,50277356602,44420511179,38911503475,33791357860,29087870347,24816336496,20980640368,17574606950,14583544027,11985873401,9754776698,7859784596,6268249692,4946662909,3861776961,2981528349,2275746760,1716666051,1279245278,941329405,683667090,489822382,345999780,240814954,165028117,111265974,73743171,47997036,30645445,19170925,11733783,7015230,4089588,2319446,1276803,680125,349485,172467,81456,36536,15519,6170,2286,766,238,64,13,3"
KpGa?D??I??@,"0,0,0,0,0,1,17,75,350,1193,3669,10102,25542,60049,133026,279109,559192,1075242,1993070,3574504,6221988,10539121,17409146,28098856,44383799,68708535,104368399,155733871,228485726,329896141,469096401,657380935,908458098,1238716364,1667375958,2216625665,2911571181,3780133221,4852678214,6161573758,7740413583,9623165199,11842961634,14430855831,17414241339,20815334399,24649404501,28923211602,33633333365,38764879839,44290272662,50168592968,56345159544,62751816407,69307563281,75919957114,82486876648,88898999507,95042559902,100802634804,106066514105,110727322579,114687450471,117861914962,120181239528,121593963803,122068427142,121593963803,120181239528,117861914962,114687450471,110727322579,106066514105,100802634804,95042559902,88898999507,82486876648,75919957114,69307563281,62751816407,56345159544,50168592968,44290272662,38764879839,33633333365,28923211602,24649404501,20815334399,17414241339,14430855831,11842961634,9623165199,7740413583,6161573758,4852678214,3780133221,2911571181,2216625665,1667375958,1238716364,908458098,657380935,469096401,329896141,228485726,155733871,104368399,68708535,44383799,28098856,17409146,10539121,6221988,3574504,1993070,1075242,559192,279109,133026,60049,25542,10102,3669,1193,350,75,17,1"
KpGa?D??I?G?,"0,0,0,0,1,9,44,178,636,1927,5412,13911,33378,75347,161580,330128,647400,1222632,2232721,3953403,6807320,11421985,18713998,29987518,47068041,72452920,109505235,162662249,237686651,341923867,484590725,677046140,933068906,1269079806,1704327899,2260972756,2964077258,3841441524,4923290320,6241757377,7830181478,9722179069,11950523076,14545820274,17535035493,20939897094,24775243821,29047386618,33752559643,38875558682,44388645126,50250812994,56407484382,62790707990,69319892233,75903107272,82438932060,88818821146,94929924040,100658252947,105892097658,110525527057,114461854489,117616884574,119921827641,121325708446,121797194322,121325708446,119921827641,117616884574,114461854489,110525527057,105892097658,100658252947,94929924040,88818821146,82438932060,75903107272,69319892233,62790707990,56407484382,50250812994,44388645126,38875558682,33752559643,29047386618,24775243821,20939897094,17535035493,14545820274,11950523076,9722179069,7830181478,6241757377,4923290320,3841441524,2964077258,2260972756,1704327899,1269079806,933068906,677046140,484590725,341923867,237686651,162662249,109505235,72452920,47068041,29987518,18713998,11421985,6807320,3953403,2232721,1222632,647400,330128,161580,75347,33378,13911,5412,1927,636,178,44,9,1"
KpGa?D?OA?G?,"0,0,0,1,5,30,107,389,1178,3297,8477,20505,46523,100658,207777,411783,786365,1452736,2602429,4533387,7694883,12751764,20664299,32794000,51031126,77953058,117009542,172738285,251004498,359263851,506836126,705179234,968148871,1312221387,1756660381,2323597913,3038008482,3927541815,5022195676,6353802134,7955316805,9859899591,12099797440,14705037335,17701967339,21111686229,24948417441,29217901710,33915880934,39026768991,44522587661,50362260186,56491328900,62842167433,69334718974,75877793958,82370899862,88706583969,94773213297,100458101548,105650868187,110246890534,114150705917,117279211697,119564521810,120956342788,121423760316,120956342788,119564521810,117279211697,114150705917,110246890534,105650868187,100458101548,94773213297,88706583969,82370899862,75877793958,69334718974,62842167433,56491328900,50362260186,44522587661,39026768991,33915880934,29217901710,24948417441,21111686229,17701967339,14705037335,12099797440,9859899591,7955316805,6353802134,5022195676,3927541815,3038008482,2323597913,1756660381,1312221387,968148871,705179234,506836126,359263851,251004498,172738285,117009542,77953058,51031126,32794000,20664299,12751764,7694883,4533387,2602429,1452736,786365,411783,207777,100658,46523,20505,8477,3297,1178,389,107,30,5,1"
KpI?GI?O??_@,"0,0,0,0,0,1,7,45,213,843,2767,8095,21360,51958,117899,252429,513597,999939,1872188,3385889,5934464,10111020,16784802,27206288,43131448,66982171,102028460,152613037,224387919,324595539,462340226,648890107,897936448,1225854462,1651866550,2198171623,2889908873,3755041267,4824009512,6129263386,7704512931,9583847372,11800556343,14385840523,17367275262,20767232824,24601159879,28875952014,33588330979,38723481692,44253904197,50138667459,56323069233,62738834661,69304835872,75928393085,82507159315,88931484078,95087297458,100859296297,106134443924,110805477995,114774497612,117956193858,120280879802,121696882239,122172463860,121696882239,120280879802,117956193858,114774497612,110805477995,106134443924,100859296297,95087297458,88931484078,82507159315,75928393085,69304835872,62738834661,56323069233,50138667459,44253904197,38723481692,33588330979,28875952014,24601159879,20767232824,17367275262,14385840523,11800556343,9583847372,7704512931,6129263386,4824009512,3755041267,2889908873,2198171623,1651866550,1225854462,897936448,648890107,462340226,324595539,224387919,152613037,102028460,66982171,43131448,27206288,16784802,10111020,5934464,3385889,1872188,999939,513597,252429,117899,51958,21360,8095,2767,843,213,45,7,1"
KpI?GH??G?_A,"0,0,0,0,1,4,24,84,325,1052,3224,8853,22709,53961,120921,256238,518348,1004311,1874938,3382839,5920401,10075261,16713766,27076684,42913938,66632452,101491883,151813572,223234943,322970886,460108413,645885218,893975999,1220727420,1645353738,2190035774,2879921120,3742975134,4809672872,6112496214,7685223226,9562010359,11776249263,14359241510,17338692229,20737096931,24570041904,28844547322,33557458655,38694059489,44226927787,50115175217,56304102885,62725400298,69297851553,75928652927,82515276765,88947869203,95112106414,100892432185,106175520228,110853847414,114829236759,118016162156,120344724194,121763120832,122239504882,121763120832,120344724194,118016162156,114829236759,110853847414,106175520228,100892432185,95112106414,88947869203,82515276765,75928652927,69297851553,62725400298,56304102885,50115175217,44226927787,38694059489,33557458655,28844547322,24570041904,20737096931,17338692229,14359241510,11776249263,9562010359,7685223226,6112496214,4809672872,3742975134,2879921120,2190035774,1645353738,1220727420,893975999,645885218,460108413,322970886,223234943,151813572,101491883,66632452,42913938,27076684,16713766,10075261,5920401,3382839,1874938,1004311,518348,256238,120921,53961,22709,8853,3224,1052,325,84,24,4,1"
KpI?GH??G?_C,"0,0,0,0,0,1,9,51,237,889,2872,8240,21540,52025,117552,250911,509703,991208,1854812,3353516,5877500,10014841,16628939,26961288,42757626,66426485,101222229,151468487,222797144,322426631,459437674,645074273,893004746,1219584156,1644022118,2188510109,2878191675,3741047039,4807547864,6110192002,7682757334,9559415979,11773558841,14356505017,17335957129,20734423869,24567491509,28842187030,33555352349,38692275735,44225527694,50114215580,56303636573,62725466777,69298483470,75929868864,82517086910,88950262297,95115071025,100895929484,106179511942,110858273417,114834038786,118021257460,120350043360,121768568535,122245000616,121768568535,120350043360,118021257460,114834038786,110858273417,106179511942,100895929484,95115071025,88950262297,82517086910,75929868864,69298483470,62725466777,56303636573,50114215580,44225527694,38692275735,33555352349,28842187030,24567491509,20734423869,17335957129,14356505017,11773558841,9559415979,7682757334,6110192002,4807547864,3741047039,2878191675,2188510109,1644022118,1219584156,893004746,645074273,459437674,322426631,222797144,151468487,101222229,66426485,42757626,26961288,16628939,10014841,5877500,3353516,1854812,991208,509703,250911,117552,52025,21540,8240,2872,889,237,51,9,1"
KpI?GH??G?g?,"0,0,0,0,1,4,26,88,341,1058,3232,8779,22463,53277,119453,253198,512764,994365,1858198,3355585,5877785,10010213,16617580,26937610,42717742,66361412,101125161,151326248,222599503,322156250,459081557,644611292,892420447,1218856618,1643137748,2187449154,2876946064,3739603152,4805907198,6108353340,7680734672,9557223393,11771227621,14354065382,17333456539,20731910583,24565024782,28839827876,33553169633,38690334387,44223895695,50112957591,56302808209,62725121244,69298660401,75930599279,82518384741,88952136961,95117503862,100898902681,106182980736,110862190940,114838334581,118025867454,120354874290,121773542386,122250017682,121773542386,120354874290,118025867454,114838334581,110862190940,106182980736,100898902681,95117503862,88952136961,82518384741,75930599279,69298660401,62725121244,56302808209,50112957591,44223895695,38690334387,33553169633,28839827876,24565024782,20731910583,17333456539,14354065382,11771227621,9557223393,7680734672,6108353340,4805907198,3739603152,2876946064,2187449154,1643137748,1218856618,892420447,644611292,459081557,322156250,222599503,151326248,101125161,66361412,42717742,26937610,16617580,10010213,5877785,3355585,1858198,994365,512764,253198,119453,53277,22463,8779,3232,1058,341,88,26,4,1"
KpI?K?@O??_@,"0,0,0,0,0,1,5,38,168,705,2373,7193,19280,47815,109743,237619,487160,955371,1798184,3268083,5750078,9831392,16367814,26600468,42264823,65770005,100357932,150355062,221379535,320656874,457253933,642427656,889834335,1215850374,1639676001,2183533280,2872560327,3734777214,4800653865,6102735331,7674799268,9551069080,11764934670,14347765874,17327259051,20725967720,24559464058,28834809002,33548820265,38686805653,44221299885,50111415335,56302404150,62725932852,69300727529,75933949666,82523010358,88958007257,95124566499,100907074580,106192163177,110872260162,114849157898,118037284217,120366732013,121785659877,122262227066,121785659877,120366732013,118037284217,114849157898,110872260162,106192163177,100907074580,95124566499,88958007257,82523010358,75933949666,69300727529,62725932852,56302404150,50111415335,44221299885,38686805653,33548820265,28834809002,24559464058,20725967720,17327259051,14347765874,11764934670,9551069080,7674799268,6102735331,4800653865,3734777214,2872560327,2183533280,1639676001,1215850374,889834335,642427656,457253933,320656874,221379535,150355062,100357932,65770005,42264823,26600468,16367814,9831392,5750078,3268083,1798184,955371,487160,237619,109743,47815,19280,7193,2373,705,168,38,5,1"
KpI?KA?O??_@,"0,0,0,0,0,0,7,53,261,998,3255,9321,24185,57942,129881,274987,554373,1070661,1990790,3578631,6239343,10580633,17491745,28246863,44632131,69104341,104975019,156632065,229779110,331709991,471583146,660715843,912843968,1244373665,1674546248,2225553704,2922506394,3793304309,4868292550,6179783559,7761316765,9646765420,11869174258,14459466322,17444920213,20847598208,24682647174,28956672833,33666148546,38796059232,44318772248,50193303032,56364994764,62765709359,69314565251,75919230304,82477797457,88881138620,95015776262,100767034056,106022524602,110675626799,114629037658,117797983273,120113225834,121523422816,121997044776,121523422816,120113225834,117797983273,114629037658,110675626799,106022524602,100767034056,95015776262,88881138620,82477797457,75919230304,69314565251,62765709359,56364994764,50193303032,44318772248,38796059232,33666148546,28956672833,24682647174,20847598208,17444920213,14459466322,11869174258,9646765420,7761316765,6179783559,4868292550,3793304309,2922506394,2225553704,1674546248,1244373665,912843968,660715843,471583146,331709991,229779110,156632065,104975019,69104341,44632131,28246863,17491745,10580633,6239343,3578631,1990790,1070661,554373,274987,129881,57942,24185,9321,3255,998,261,53,7"
KpI?K@??G?_A,"0,0,0,0,0,1,7,49,233,891,2922,8462,22148,53551,120958,257869,523005,1015562,1897260,3424904,5993634,10198373,16911069,27384646,43378334,67317475,102475651,153198869,225143060,325552871,463535160,650359401,899716258,1227978658,1654366234,2201071123,2893224601,3758779901,4828164526,6133813574,7709422878,9589063401,11806007469,14391440283,17372920085,20772805163,24606532431,28880987142,33592886643,38727417969,44257083352,50140960866,56324363641,62739032115,69303859580,75926193724,82503711058,88926789473,95081390935,100852238708,106126323406,110796411875,114764622510,117945666756,120269876784,121685588541,122161071276,121685588541,120269876784,117945666756,114764622510,110796411875,106126323406,100852238708,95081390935,88926789473,82503711058,75926193724,69303859580,62739032115,56324363641,50140960866,44257083352,38727417969,33592886643,28880987142,24606532431,20772805163,17372920085,14391440283,11806007469,9589063401,7709422878,6133813574,4828164526,3758779901,2893224601,2201071123,1654366234,1227978658,899716258,650359401,463535160,325552871,225143060,153198869,102475651,67317475,43378334,27384646,16911069,10198373,5993634,3424904,1897260,1015562,523005,257869,120958,53551,22148,8462,2922,891,233,49,7,1"
KpI?K@??G?_C,"0,0,0,0,0,0,5,43,217,854,2836,8266,21759,52789,119536,255383,518725,1008528,1885992,3407438,5967139,10159322,16854490,27304813,43267511,67166959,102274402,152935079,224802223,325120465,462994220,649693787,898908436,1227013851,1653229104,2199751358,2891713388,3757075319,4826268280,6131736397,7707180208,9586680945,11803516726,14388882406,17370341698,20770260835,24604080676,28878691109,33590811156,38725627239,44255640369,50139922903,56323783614,62738952239,69304315633,75927205935,82505292580,88928935011,95084088111,100855455231,106130022176,110800536185,114769114104,117950449669,120274877116,121690717482,122166246792,121690717482,120274877116,117950449669,114769114104,110800536185,106130022176,100855455231,95084088111,88928935011,82505292580,75927205935,69304315633,62738952239,56323783614,50139922903,44255640369,38725627239,33590811156,28878691109,24604080676,20770260835,17370341698,14388882406,11803516726,9586680945,7707180208,6131736397,4826268280,3757075319,2891713388,2199751358,1653229104,1227013851,898908436,649693787,462994220,325120465,224802223,152935079,102274402,67166959,43267511,27304813,16854490,10159322,5967139,3407438,1885992,1008528,518725,255383,119536,52789,21759,8266,2836,854,217,43,5"
KpI?K@??G?g?,"0,0,0,0,0,1,7,43,205,805,2668,7868,20850,50959,116028,249117,507925,990740,1857462,3363326,5900526,10061459,16713753,27107058,42994816,66798631,101785259,152297065,223983310,324086735,461708648,648119785,897008688,1224754752,1650580116,2196689657,2888223221,3753153799,4821923648,6126993580,7702078606,9581278745,11797887595,14383119151,17364550449,20764563465,24598608235,28873584190,33586212101,38721679951,44252481318,50137680824,56322571473,62738866501,69305429156,75929568556,82508925326,88933832223,95090213537,100862745210,106138384132,110809853529,114779246050,117961237202,120286144104,121702277269,122177904516,121702277269,120286144104,117961237202,114779246050,110809853529,106138384132,100862745210,95090213537,88933832223,82508925326,75929568556,69305429156,62738866501,56322571473,50137680824,44252481318,38721679951,33586212101,28873584190,24598608235,20764563465,17364550449,14383119151,11797887595,9581278745,7702078606,6126993580,4821923648,3753153799,2888223221,2196689657,1650580116,1224754752,897008688,648119785,461708648,324086735,223983310,152297065,101785259,66798631,42994816,27107058,16713753,10061459,5900526,3363326,1857462,990740,507925,249117,116028,50959,20850,7868,2668,805,205,43,7,1"
KpI?I?@?G@?G,"0,0,0,0,0,1,6,46,212,827,2725,7947,20967,51011,115829,248104,505244,984487,1844866,3339125,5857281,9987152,16591616,26912155,42694113,66345842,101121650,151345302,222648344,322250042,459231536,644837114,892736116,1219284887,1643693180,2188154671,2877813943,3740651644,4807141316,6109782087,7682351303,9559022987,11773188041,14356164271,17335655272,20734169559,24567290305,28842044883,33555274097,38692262479,44225581154,50114336152,56303820487,62725711368,69298785485,75930221258,82517484883,88950700469,95115541529,100896427458,106180033464,110858811322,114834589844,118021818833,120350610006,121769138713,122245573312,121769138713,120350610006,118021818833,114834589844,110858811322,106180033464,100896427458,95115541529,88950700469,82517484883,75930221258,69298785485,62725711368,56303820487,50114336152,44225581154,38692262479,33555274097,28842044883,24567290305,20734169559,17335655272,14356164271,11773188041,9559022987,7682351303,6109782087,4807141316,3740651644,2877813943,2188154671,1643693180,1219284887,892736116,644837114,459231536,322250042,222648344,151345302,101121650,66345842,42694113,26912155,16591616,9987152,5857281,3339125,1844866,984487,505244,248104,115829,51011,20967,7947,2725,827,212,46,6,1"
KpI?I?@?G@G?,"0,0,0,0,1,4,25,85,338,1054,3238,8823,22604,53610,120217,254677,515515,999213,1866402,3368807,5898572,10041811,16664462,27005315,42813489,66493691,101304559,151564775,222911176,322556181,459586705,645238767,893188155,1219781163,1644234978,2188731796,2878424134,3741281059,4807784610,6110422227,7682980676,9559622974,11773750077,14356670404,17336097467,20734532384,24567567886,28842226625,33555357453,38692242500,44225458746,50114112424,56303499471,62725299725,69298289030,75929650656,82516846143,88950007120,95114797959,100895647768,106179219642,110857976773,114833733921,118020954285,120349733110,121768261144,122244690130,121768261144,120349733110,118020954285,114833733921,110857976773,106179219642,100895647768,95114797959,88950007120,82516846143,75929650656,69298289030,62725299725,56303499471,50114112424,44225458746,38692242500,33555357453,28842226625,24567567886,20734532384,17336097467,14356670404,11773750077,9559622974,7682980676,6110422227,4807784610,3741281059,2878424134,2188731796,1644234978,1219781163,893188155,645238767,459586705,322556181,222911176,151564775,101304559,66493691,42813489,27005315,16664462,10041811,5898572,3368807,1866402,999213,515515,254677,120217,53610,22604,8823,3238,1054,338,85,25,4,1"
KpI?I?@?GA?@,"0,0,0,0,0,1,5,36,166,695,2332,7066,18948,46984,107884,233711,479470,940988,1772506,3223826,5676460,9712617,16181521,26315596,41839515,65149031,99470123,149110562,219667474,318343450,454181473,638414708,884676833,1209325404,1631547067,2173558718,2860502991,3720417736,4783805039,6083259693,7652626201,9526213499,11737512934,14318012374,17295537098,20692778037,24525444994,28800732230,33515577659,38655390052,44192776328,50086886596,56282969226,62712642762,69294537911,75935673493,82533273245,88977207530,95152844738,100944291135,106237888759,110925776836,114909476054,118103170143,120436749907,121858220247,122335646098,121858220247,120436749907,118103170143,114909476054,110925776836,106237888759,100944291135,95152844738,88977207530,82533273245,75935673493,69294537911,62712642762,56282969226,50086886596,44192776328,38655390052,33515577659,28800732230,24525444994,20692778037,17295537098,14318012374,11737512934,9526213499,7652626201,6083259693,4783805039,3720417736,2860502991,2173558718,1631547067,1209325404,884676833,638414708,454181473,318343450,219667474,149110562,99470123,65149031,41839515,26315596,16181521,9712617,5676460,3223826,1772506,940988,479470,233711,107884,46984,18948,7066,2332,695,166,36,5,1"
KpI?I?@?GA?G,"0,0,0,0,0,0,8,52,260,970,3131,8913,23116,55363,124273,263546,532464,1030637,1920798,3460335,6045988,10273587,17017153,27530880,43576514,67580784,102820107,153641490,225703437,326250910,464392532,651396520,900953870,1229434258,1656055430,2203003870,2895406732,3761208766,4830831306,6136699168,7712500527,9592295041,11809347032,14394830934,17376298361,20776099073,24609666350,28883880204,33595458692,38729588447,44258777195,50142107413,56324902426,62738911746,69303043072,75924656529,82501445405,88923801539,95077704647,100847891935,106121370804,110790920250,114758672460,117939347972,120263289314,121678836708,122154264844,121678836708,120263289314,117939347972,114758672460,110790920250,106121370804,100847891935,95077704647,88923801539,82501445405,75924656529,69303043072,62738911746,56324902426,50142107413,44258777195,38729588447,33595458692,28883880204,24609666350,20776099073,17376298361,14394830934,11809347032,9592295041,7712500527,6136699168,4830831306,3761208766,2895406732,2203003870,1656055430,1229434258,900953870,651396520,464392532,326250910,225703437,153641490,102820107,67580784,43576514,27530880,17017153,10273587,6045988,3460335,1920798,1030637,532464,263546,124273,55363,23116,8913,3131,970,260,52,8"
KpI?I?@?GAG?,"0,0,0,0,0,1,8,46,208,799,2618,7688,20321,49700,113210,243400,496844,970592,1822018,3303652,5802719,9906511,16473961,26746035,42462277,66031212,100699649,150792396,221932867,321343260,458095642,643441420,891041194,1217262773,1641309502,2185391787,2874649241,3737087294,4803175830,6105443517,7677667258,9554053610,11767991589,14350835743,17330283049,20728875576,24562188115,28837275251,33550959863,38688550070,44222588113,50112193041,56302625563,62725564942,69299745957,75932347513,82520787144,88955182600,95121163242,100903137561,106187736182,110867408786,114843941816,118031784375,120361019258,121779824605,122256345304,121779824605,120361019258,118031784375,114843941816,110867408786,106187736182,100903137561,95121163242,88955182600,82520787144,75932347513,69299745957,62725564942,56302625563,50112193041,44222588113,38688550070,33550959863,28837275251,24562188115,20728875576,17330283049,14350835743,11767991589,9554053610,7677667258,6105443517,4803175830,3737087294,2874649241,2185391787,1641309502,1217262773,891041194,643441420,458095642,321343260,221932867,150792396,100699649,66031212,42462277,26746035,16473961,9906511,5802719,3303652,1822018,970592,496844,243400,113210,49700,20321,7688,2618,799,208,46,8,1"
KpI?I?@?I??@,"0,0,0,0,0,1,7,42,190,739,2439,7219,19212,47299,108287,233983,479558,940241,1770492,3219135,5667782,9697130,16156384,26275752,41779951,65061531,99346602,148939210,219436643,318037618,453786195,637911104,884049041,1208554312,1630617511,2172454064,2859213587,3718933222,4782125229,6081386625,7650571972,9523995160,11735160040,14315557618,17293026221,20690261048,24522979516,28798380608,33513407515,38653466691,44191167115,50085655605,56282172310,62712331868,69294753475,75936444374,82534615210,88979127143,95155326107,100947312718,106241409059,110929744828,114913825438,118107832097,120441635701,121863246771,122340718242,121863246771,120441635701,118107832097,114913825438,110929744828,106241409059,100947312718,95155326107,88979127143,82534615210,75936444374,69294753475,62712331868,56282172310,50085655605,44191167115,38653466691,33513407515,28798380608,24522979516,20690261048,17293026221,14315557618,11735160040,9523995160,7650571972,6081386625,4782125229,3718933222,2859213587,2172454064,1630617511,1208554312,884049041,637911104,453786195,318037618,219436643,148939210,99346602,65061531,41779951,26275752,16156384,9697130,5667782,3219135,1770492,940241,479558,233983,108287,47299,19212,7219,2439,739,190,42,7,1"
KpI?I?@?I?G?,"0,0,0,0,1,4,27,93,368,1146,3474,9379,23830,56124,125119,263833,531897,1027511,1913770,3445827,6020582,10230333,16949158,27426171,43423201,67360195,102513817,153223021,225147378,325523337,463462463,650224287,899506411,1227671963,1653948638,2200519630,2892527592,3757917023,4827130438,6132597261,7708028612,9587492924,11804280535,14389573576,17370948963,20770764518,24604470622,28878953885,33590942485,38725619644,44255494096,50139640754,56323367467,62738412685,69303659500,75926447152,82504438191,88928005664,95083085939,100854402182,106128920202,110799403727,114767949299,117949273427,120273680730,121689520564,122165042042,121689520564,120273680730,117949273427,114767949299,110799403727,106128920202,100854402182,95083085939,88928005664,82504438191,75926447152,69303659500,62738412685,56323367467,50139640754,44255494096,38725619644,33590942485,28878953885,24604470622,20770764518,17370948963,14389573576,11804280535,9587492924,7708028612,6132597261,4827130438,3757917023,2892527592,2200519630,1653948638,1227671963,899506411,650224287,463462463,325523337,225147378,153223021,102513817,67360195,43423201,27426171,16949158,10230333,6020582,3445827,1913770,1027511,531897,263833,125119,56124,23830,9379,3474,1146,368,93,27,4,1"
KpI?I?@?OA?G,"0,0,0,0,0,6,28,148,536,1748,5004,13133,31878,72647,156558,321452,632409,1197598,2191607,3887697,6704090,11263708,18475533,29635513,46557471,71726184,108487950,161262615,235791452,339398711,481277367,672764840,927617669,1262240501,1695869735,2250662461,2951686827,3826763188,4906148806,6222028562,7807807574,9697187911,11923041967,14516093445,17503432752,20906922670,24741535100,29013710811,33719798581,38844692210,44360720291,50226912135,56388682723,62778032784,69314273242,75905334795,82449609412,88838330114,94958391628,100695533864,105937760375,110578860853,114521879995,117682386963,119991391983,121397772929,121870101854,121397772929,119991391983,117682386963,114521879995,110578860853,105937760375,100695533864,94958391628,88838330114,82449609412,75905334795,69314273242,62778032784,56388682723,50226912135,44360720291,38844692210,33719798581,29013710811,24741535100,20906922670,17503432752,14516093445,11923041967,9697187911,7807807574,6222028562,4906148806,3826763188,2951686827,2250662461,1695869735,1262240501,927617669,672764840,481277367,339398711,235791452,161262615,108487950,71726184,46557471,29635513,18475533,11263708,6704090,3887697,2191607,1197598,632409,321452,156558,72647,31878,13133,5004,1748,536,148,28,6"
KpI?I?@?OAG?,"0,0,0,0,0,2,15,77,330,1133,3520,9731,24813,58633,130466,274596,551875,1063256,1974591,3546196,6180465,10478527,17324075,27979954,44222707,68491972,104084712,155364933,228017149,329305618,468367562,656489049,907387353,1237441733,1665886158,2214899786,2909606351,3777917584,4850222555,6158879588,7737509876,9620070743,11839725458,14427515789,17410866988,20811981144,24646158975,28920142384,33630536817,38762429763,44288266319,50167098830,56344264071,62751572418,69308035461,75921172349,82488868571,88901761183,95046087781,100806885037,106071445182,110732854568,114693507467,117868387349,120188025398,121600933915,122075465530,121600933915,120188025398,117868387349,114693507467,110732854568,106071445182,100806885037,95046087781,88901761183,82488868571,75921172349,69308035461,62751572418,56344264071,50167098830,44288266319,38762429763,33630536817,28920142384,24646158975,20811981144,17410866988,14427515789,11839725458,9620070743,7737509876,6158879588,4850222555,3777917584,2909606351,2214899786,1665886158,1237441733,907387353,656489049,468367562,329305618,228017149,155364933,104084712,68491972,44222707,27979954,17324075,10478527,6180465,3546196,1974591,1063256,551875,274596,130466,58633,24813,9731,3520,1133,330,77,15,2"
KpI?I?@?Q??@,"0,0,0,0,0,0,8,44,226,836,2748,7916,20856,50572,114844,245910,501090,976770,1831618,3317046,5822192,9932664,16510004,26792592,42523720,66107936,100796936,150910088,222076654,321511786,458294984,643667780,891300252,1217548460,1641626096,2185729916,2875012490,3737462186,4803564790,6105831072,7678054090,9554422096,11768343806,14351151874,17330566352,20729108252,24562373940,28837398370,33551028974,38688549924,44222530598,50112068050,56302445346,62725322278,69299457742,75932005746,82520409590,88954765358,95120720638,100902665606,106187251270,110866902942,114843430006,118031261230,120360494808,121779292540,122255818316,121779292540,120360494808,118031261230,114843430006,110866902942,106187251270,100902665606,95120720638,88954765358,82520409590,75932005746,69299457742,62725322278,56302445346,50112068050,44222530598,38688549924,33551028974,28837398370,24562373940,20729108252,17330566352,14351151874,11768343806,9554422096,7678054090,6105831072,4803564790,3737462186,2875012490,2185729916,1641626096,1217548460,891300252,643667780,458294984,321511786,222076654,150910088,100796936,66107936,42523720,26792592,16510004,9932664,5822192,3317046,1831618,976770,501090,245910,114844,50572,20856,7916,2748,836,226,44,8"
KpICCA?O??_@,"0,0,0,0,0,4,32,146,558,1836,5315,13992,34034,77514,166839,341814,670693,1266341,2310355,4086112,7025466,11769857,19252464,30800243,48265267,74178716,111941289,166035495,242271853,348048917,492635211,687441944,946292505,1285645139,1724769385,2285827811,2993859067,3876611854,4964222818,6288702332,7883224785,9781205954,12015180775,14615489725,17608806553,21016558297,24853282422,29125006377,33827710419,38945987525,44451958120,50304556262,56449232837,62818165682,69330991084,75896111836,82412530569,88772211671,94862875745,100571153173,105785966345,110402013647,114323196191,117465847789,119761614817,121159854191,121629435314,121159854191,119761614817,117465847789,114323196191,110402013647,105785966345,100571153173,94862875745,88772211671,82412530569,75896111836,69330991084,62818165682,56449232837,50304556262,44451958120,38945987525,33827710419,29125006377,24853282422,21016558297,17608806553,14615489725,12015180775,9781205954,7883224785,6288702332,4964222818,3876611854,2993859067,2285827811,1724769385,1285645139,946292505,687441944,492635211,348048917,242271853,166035495,111941289,74178716,48265267,30800243,19252464,11769857,7025466,4086112,2310355,1266341,670693,341814,166839,77514,34034,13992,5315,1836,558,146,32,4"
KpICC@??G?_A,"0,0,0,0,0,1,18,96,398,1387,4196,11423,28539,66471,145676,303038,602391,1150110,2118513,3778235,6543899,11034529,18154322,29194128,45961940,70936848,107458819,159942553,234124173,337324663,478734565,669692028,923955791,1257936916,1690880635,2244957238,2945250678,3819602084,4898291050,6213528539,7798746460,9687675619,11913216176,14506119076,17493498635,20897238200,24732325161,29005210412,33712245892,38838321442,44355754778,50223556668,56387117408,62778405654,69316695793,75909876230,82456295310,88847138948,94969255784,100708338673,105952348149,110595032001,114539400299,117700989582,120010786303,121417649008,121890140230,121417649008,120010786303,117700989582,114539400299,110595032001,105952348149,100708338673,94969255784,88847138948,82456295310,75909876230,69316695793,62778405654,56387117408,50223556668,44355754778,38838321442,33712245892,29005210412,24732325161,20897238200,17493498635,14506119076,11913216176,9687675619,7798746460,6213528539,4898291050,3819602084,2945250678,2244957238,1690880635,1257936916,923955791,669692028,478734565,337324663,234124173,159942553,107458819,70936848,45961940,29194128,18154322,11034529,6543899,3778235,2118513,1150110,602391,303038,145676,66471,28539,11423,4196,1387,398,96,18,1"
KpICC@??G?_C,"0,0,0,0,0,3,23,111,428,1446,4297,11560,28738,66654,145799,302872,601673,1148183,2114649,3770965,6531520,11014141,18122559,29146063,45891786,70836798,107320076,159753977,233873607,336997828,478316490,669166087,923305887,1257146620,1689935120,2243843195,2943958512,3818125664,4896630033,6211688319,7796739401,9685521462,11910942601,14503761424,17491099430,20894846999,24729996816,29003004719,33710224808,38836547910,44354289873,50222458742,56386438426,62778191216,69316981418,75910687407,82457645084,88849028836,94971672802,100711257973,105955731420,110598830184,114543553081,117705428804,120015435048,121422426034,121894960130,121422426034,120015435048,117705428804,114543553081,110598830184,105955731420,100711257973,94971672802,88849028836,82457645084,75910687407,69316981418,62778191216,56386438426,50222458742,44354289873,38836547910,33710224808,29003004719,24729996816,20894846999,17491099430,14503761424,11910942601,9685521462,7796739401,6211688319,4896630033,3818125664,2943958512,2243843195,1689935120,1257146620,923305887,669166087,478316490,336997828,233873607,159753977,107320076,70836798,45891786,29146063,18122559,11014141,6531520,3770965,2114649,1148183,601673,302872,145799,66654,28738,11560,4297,1446,428,111,23,3"
KpICC@??G?g?,"0,0,0,0,0,1,12,74,326,1171,3674,10257,26161,61859,137304,288400,577887,1110306,2055937,3682459,6401167,10826431,17857798,28779968,45394744,70174154,106451175,158633049,232450045,335217463,476122217,666500804,920113707,1253376716,1685543943,2238798354,2938241348,3811736024,4889587800,6204037319,7788548358,9676885733,11901983816,14494627498,17481961093,20885895568,24721439621,28995059804,33703114924,38830493858,44349503254,50219135108,56384751272,62778284750,69318966213,75914634780,82463585190,88856947220,94981511210,100722912777,105969058009,110613643665,114559634965,117722529378,120033281699,121440726852,121913413994,121440726852,120033281699,117722529378,114559634965,110613643665,105969058009,100722912777,94981511210,88856947220,82463585190,75914634780,69318966213,62778284750,56384751272,50219135108,44349503254,38830493858,33703114924,28995059804,24721439621,20885895568,17481961093,14494627498,11901983816,9676885733,7788548358,6204037319,4889587800,3811736024,2938241348,2238798354,1685543943,1253376716,920113707,666500804,476122217,335217463,232450045,158633049,106451175,70174154,45394744,28779968,17857798,10826431,6401167,3682459,2055937,1110306,577887,288400,137304,61859,26161,10257,3674,1171,326,74,12,1"
KpICA?@?G@?G,"0,0,0,0,0,0,11,67,290,1079,3393,9526,24463,58198,129785,273890,551089,1062857,1974871,3548167,6185147,10488262,17341052,28008334,44266973,68558730,104181305,155501507,228203962,329556188,468695764,656910739,907918031,1238098561,1666683508,2215852788,2910726241,3779212406,4851695383,6160529256,7739326319,9622039306,11841822422,14429709557,17413118945,20814246967,24648385133,28922273258,33632512509,38764188030,44289746814,50168244997,56345020351,62751893830,69307884571,75920520540,82487700090,88900073840,95043888432,100804198178,106068306464,110729309832,114689614475,117864214881,120183645056,121596428029,122070918034,121596428029,120183645056,117864214881,114689614475,110729309832,106068306464,100804198178,95043888432,88900073840,82487700090,75920520540,69307884571,62751893830,56345020351,50168244997,44289746814,38764188030,33632512509,28922273258,24648385133,20814246967,17413118945,14429709557,11841822422,9622039306,7739326319,6160529256,4851695383,3779212406,2910726241,2215852788,1666683508,1238098561,907918031,656910739,468695764,329556188,228203962,155501507,104181305,68558730,44266973,28008334,17341052,10488262,6185147,3548167,1974871,1062857,551089,273890,129785,58198,24463,9526,3393,1079,290,67,11"
KpICA?@?G@G?,"0,0,0,0,0,2,12,72,302,1084,3381,9472,24270,57712,128781,271926,547507,1056641,1964549,3531676,6159566,10449747,17284550,27927415,44153663,68403302,103972145,155225275,227845495,329098857,468121591,656201156,907054443,1237063263,1665460443,2214428779,2909091897,3777363736,4849634352,6158265264,7736876397,9619429270,11839086845,14426891807,17410270361,20811426299,24645657050,28919707335,33630180567,38762162437,44288097688,50167038456,56344315929,62751742390,69308325966,75921582380,82489396273,88902404061,95046837125,100807734891,106072386199,110733874333,114694593609,117869527997,120189202899,121602135161,122076675230,121602135161,120189202899,117869527997,114694593609,110733874333,106072386199,100807734891,95046837125,88902404061,82489396273,75921582380,69308325966,62751742390,56344315929,50167038456,44288097688,38762162437,33630180567,28919707335,24645657050,20811426299,17410270361,14426891807,11839086845,9619429270,7736876397,6158265264,4849634352,3777363736,2909091897,2214428779,1665460443,1237063263,907054443,656201156,468121591,329098857,227845495,155225275,103972145,68403302,44153663,27927415,17284550,10449747,6159566,3531676,1964549,1056641,547507,271926,128781,57712,24270,9472,3381,1084,302,72,12,2"
KpICA?@?GA?@,"0,0,0,0,0,0,5,47,231,886,2938,8482,22227,53701,121262,258361,523905,1016942,1899476,3428134,5998509,10205150,16920672,27397545,43395669,67340017,102504922,153235561,225188963,325608781,463602906,650439623,899810608,1228087325,1654490524,2201210540,2893379746,3758949289,4828347844,6134008329,7709627888,9589275065,11806223344,14391655850,17373132058,20773008341,24606723184,28881159743,33593037320,38727541267,44257175925,50141017875,56324382348,62739008825,69303793211,75926082177,82503554844,88926588227,95081146793,100851953259,106126000896,110796055569,114764237988,117945258961,120269452698,121685153968,122160633844,121685153968,120269452698,117945258961,114764237988,110796055569,106126000896,100851953259,95081146793,88926588227,82503554844,75926082177,69303793211,62739008825,56324382348,50141017875,44257175925,38727541267,33593037320,28881159743,24606723184,20773008341,17373132058,14391655850,11806223344,9589275065,7709627888,6134008329,4828347844,3758949289,2893379746,2201210540,1654490524,1228087325,899810608,650439623,463602906,325608781,225188963,153235561,102504922,67340017,43395669,27397545,16920672,10205150,5998509,3428134,1899476,1016942,523905,258361,121262,53701,22227,8482,2938,886,231,47,5"
KpICA?@?GA?G,"0,0,0,0,0,3,21,105,404,1362,4075,11004,27474,64008,140537,292906,583667,1116875,2061973,3685021,6395134,10803161,17803841,28675057,45209882,69868922,105971462,157907801,231388819,333707738,474028376,663662767,916347769,1248477448,1679289096,2230955207,2928576100,3800024732,4875630899,6187675197,7769679195,9655482810,11878112621,14468461726,17453795864,20856156157,24690684310,28963976901,33672512540,38801282722,44322670927,50195713740,56365778292,62764761108,69311810330,75914637667,82471365316,88872912666,95005827812,100755483173,106009509136,110661329138,114613647641,117781730030,120096336140,121506155044,121979643634,121506155044,120096336140,117781730030,114613647641,110661329138,106009509136,100755483173,95005827812,88872912666,82471365316,75914637667,69311810330,62764761108,56365778292,50195713740,44322670927,38801282722,33672512540,28963976901,24690684310,20856156157,17453795864,14468461726,11878112621,9655482810,7769679195,6187675197,4875630899,3800024732,2928576100,2230955207,1679289096,1248477448,916347769,663662767,474028376,333707738,231388819,157907801,105971462,69868922,45209882,28675057,17803841,10803161,6395134,3685021,2061973,1116875,583667,292906,140537,64008,27474,11004,4075,1362,404,105,21,3"
KpICA?@?GAG?,"0,0,0,0,0,0,5,45,228,891,2964,8605,22577,54609,123312,262696,532333,1032672,1927391,3475978,6077515,10331981,17118351,27698342,43842385,67989242,103428882,154525605,226956601,327988742,466752766,654540689,905065395,1234716893,1662727586,2211292738,2905538431,3773397440,4845264907,6153524080,7731804514,9614090085,11833553146,14421260319,17404644072,20805926146,24640410341,28914849742,33625846973,38758489827,44285213837,50165060198,56343350199,62751871990,69309617507,75924074683,82493108179,88907317861,95052922557,100814919033,106080585504,110742969834,114704459291,117880002665,120200133040,121613334209,122087970074,121613334209,120200133040,117880002665,114704459291,110742969834,106080585504,100814919033,95052922557,88907317861,82493108179,75924074683,69309617507,62751871990,56343350199,50165060198,44285213837,38758489827,33625846973,28914849742,24640410341,20805926146,17404644072,14421260319,11833553146,9614090085,7731804514,6153524080,4845264907,3773397440,2905538431,2211292738,1662727586,1234716893,905065395,654540689,466752766,327988742,226956601,154525605,103428882,67989242,43842385,27698342,17118351,10331981,6077515,3475978,1927391,1032672,532333,262696,123312,54609,22577,8605,2964,891,228,45,5"
KpICA?@?I??@,"0,0,0,0,0,0,5,43,213,836,2787,8121,21443,52106,118229,252933,514513,1001343,1874448,3389157,5939389,10117843,16794469,27219241,43148851,67004761,102057771,152649737,224433822,324651405,462407892,648970187,898030616,1225962897,1651990562,2198310710,2890063628,3755210265,4824192436,6129457781,7704717597,9584058760,11800772036,14386056042,17367487305,20767436244,24601351012,28876125165,33588482368,38723605866,44253997682,50138725462,56323088968,62738812387,69304770427,75928282336,82507003701,88931283216,95087053462,100859010724,106134121020,110805121001,114774112190,117955784971,120280454476,121696446300,122172025016,121696446300,120280454476,117955784971,114774112190,110805121001,106134121020,100859010724,95087053462,88931283216,82507003701,75928282336,69304770427,62738812387,56323088968,50138725462,44253997682,38723605866,33588482368,28876125165,24601351012,20767436244,17367487305,14386056042,11800772036,9584058760,7704717597,6129457781,4824192436,3755210265,2890063628,2198310710,1651990562,1225962897,898030616,648970187,462407892,324651405,224433822,152649737,102057771,67004761,43148851,27219241,16794469,10117843,5939389,3389157,1874448,1001343,514513,252933,118229,52106,21443,8121,2787,836,213,43,5"
KpICA?@?I?G?,"0,0,0,0,0,2,12,72,304,1098,3433,9628,24692,58718,130989,276456,556241,1072709,1992891,3579938,6239080,10576889,17482430,28227923,44599513,69050740,104893299,156510757,229606787,331470113,471260281,660288100,912292281,1243672921,1673675317,2224486851,2921225529,3791786958,4866528200,6177761152,7759038611,9644237250,11866418873,14456509849,17441808535,20844383963,24679397982,28953464727,33663069933,38793201235,44316233220,50191182324,56363384577,62764701156,69314235588,75919645182,82479000229,88883161331,95018614389,100770674659,106026916917,110680707973,114634709889,117804146481,120119742503,121530165041,122003857890,121530165041,120119742503,117804146481,114634709889,110680707973,106026916917,100770674659,95018614389,88883161331,82479000229,75919645182,69314235588,62764701156,56363384577,50191182324,44316233220,38793201235,33663069933,28953464727,24679397982,20844383963,17441808535,14456509849,11866418873,9644237250,7759038611,6177761152,4866528200,3791786958,2921225529,2224486851,1673675317,1243672921,912292281,660288100,471260281,331470113,229606787,156510757,104893299,69050740,44599513,28227923,17482430,10576889,6239080,3579938,1992891,1072709,556241,276456,130989,58718,24692,9628,3433,1098,304,72,12,2"
KpICA?@?OA?G,"0,0,0,0,3,12,65,245,790,2372,6397,16034,37630,83641,176502,356601,692185,1296560,2350722,4137682,7087358,11839306,19321897,30856947,48287429,74134629,111784426,165703087,241679499,347089721,491175717,685322729,943325451,1281617423,1719445710,2278958656,2985188246,3865889187,4951218274,6273223509,7865135729,9760445877,11991782989,14589598858,17580695230,20986635953,24822101504,29093257951,33796217191,38915684077,44423867503,50279752851,56428804565,62803166947,69322397518,75894768869,82419108202,88787159859,94886393870,100603163879,105826104702,110449625731,114377354649,117525379375,119825141720,121225843232,121696256386,121225843232,119825141720,117525379375,114377354649,110449625731,105826104702,100603163879,94886393870,88787159859,82419108202,75894768869,69322397518,62803166947,56428804565,50279752851,44423867503,38915684077,33796217191,29093257951,24822101504,20986635953,17580695230,14589598858,11991782989,9760445877,7865135729,6273223509,4951218274,3865889187,2985188246,2278958656,1719445710,1281617423,943325451,685322729,491175717,347089721,241679499,165703087,111784426,74134629,48287429,30856947,19321897,11839306,7087358,4137682,2350722,1296560,692185,356601,176502,83641,37630,16034,6397,2372,790,245,65,12,3"
KpICA?@?OAG?,"0,0,0,0,0,3,20,102,404,1371,4124,11188,27947,65144,143006,297938,593250,1134402,2092616,3736864,6479843,10937903,18012263,28990037,45674929,70541372,106924153,159232598,233197595,336135288,477231920,667822956,921665794,1255172491,1687591396,2241099275,2940789517,3814516328,4892575530,6207197997,7791837782,9680250522,11905362305,14497950767,17485155897,20888885832,24724149387,28997415049,33705046635,38831939980,44350411399,50219463367,56384469999,62777376898,69317428091,75912475633,82460825884,88853618920,94977654500,100718576177,105964296116,110608516314,114554204818,117716862051,120027444176,121434787429,121907440348,121434787429,120027444176,117716862051,114554204818,110608516314,105964296116,100718576177,94977654500,88853618920,82460825884,75912475633,69317428091,62777376898,56384469999,50219463367,44350411399,38831939980,33705046635,28997415049,24724149387,20888885832,17485155897,14497950767,11905362305,9680250522,7791837782,6207197997,4892575530,3814516328,2940789517,2241099275,1687591396,1255172491,921665794,667822956,477231920,336135288,233197595,159232598,106924153,70541372,45674929,28990037,18012263,10937903,6479843,3736864,2092616,1134402,593250,297938,143006,65144,27947,11188,4124,1371,404,102,20,3"
KpICA?@?Q??@,"0,0,0,0,0,3,15,79,312,1082,3350,9321,23890,56795,126924,268310,541037,1045404,1946027,3502006,6113768,10380614,17183234,27782085,43950018,68123534,103595513,154726991,227198258,328271906,467082324,654915163,905487855,1235183162,1663237568,2211838421,2906117020,3773996426,4845878393,6154137541,7732408588,9614668639,11834096925,14421752298,17405075395,20806283764,24640685666,28915034323,33625937254,38758480939,44285105628,50164855899,56343050128,62751485000,69309148344,75923533574,82492500097,88906658657,95052212643,100814174974,106079808402,110742172594,114703640229,117879177352,120199293710,121612495340,122087125910,121612495340,120199293710,117879177352,114703640229,110742172594,106079808402,100814174974,95052212643,88906658657,82492500097,75923533574,69309148344,62751485000,56343050128,50164855899,44285105628,38758480939,33625937254,28915034323,24640685666,20806283764,17405075395,14421752298,11834096925,9614668639,7732408588,6154137541,4845878393,3773996426,2906117020,2211838421,1663237568,1235183162,905487855,654915163,467082324,328271906,227198258,154726991,103595513,68123534,43950018,27782085,17183234,10380614,6113768,3502006,1946027,1045404,541037,268310,126924,56795,23890,9321,3350,1082,312,79,15,3"
KpICA?@?Q?G?,"0,0,0,0,0,0,10,64,292,1102,3494,9866,25358,60340,134462,283452,569406,1096452,2033856,3648272,6349370,10750146,17747354,28623822,45177870,69878618,106055150,158111786,231774030,334354994,475037998,665157872,918473894,1251403262,1683200682,2236054928,2935073290,3808127224,4885533862,6199547944,7783647120,9671614998,11896404134,14488816640,17476017152,20879934306,24715591142,28989468798,33697935970,38825884086,44345622818,50216138492,56382780706,62777468386,69319411954,75916421308,82466764614,88861537364,94987492384,100730230950,105977624162,110623330648,114570287932,117733965386,120045292696,121453090294,121925897408,121453090294,120045292696,117733965386,114570287932,110623330648,105977624162,100730230950,94987492384,88861537364,82466764614,75916421308,69319411954,62777468386,56382780706,50216138492,44345622818,38825884086,33697935970,28989468798,24715591142,20879934306,17476017152,14488816640,11896404134,9671614998,7783647120,6199547944,4885533862,3808127224,2935073290,2236054928,1683200682,1251403262,918473894,665157872,475037998,334354994,231774030,158111786,106055150,69878618,45177870,28623822,17747354,10750146,6349370,3648272,2033856,1096452,569406,283452,134462,60340,25358,9866,3494,1102,292,64,10"
KpIA?C@?OCG?,"0,0,0,0,0,1,7,49,232,886,2900,8387,21970,53157,120140,256330,520207,1010742,1889271,3412102,5973698,10168258,16866596,27320607,43288012,67192744,102306599,152973989,224848918,325174638,463056466,649763049,898984429,1227093946,1653311984,2199832887,2891790892,3757143282,4826322925,6131771215,7707191264,9586661973,11803464253,14388791722,17370211497,20770089660,24603870592,28878444967,33590534540,38725328105,44255328110,50139609511,56323480772,62738674526,69304074650,75927016676,82505163771,88928878201,95084106541,100855555376,106130199766,110800791220,114769434345,117950828376,120275295944,121691165254,122166701078,121691165254,120275295944,117950828376,114769434345,110800791220,106130199766,100855555376,95084106541,88928878201,82505163771,75927016676,69304074650,62738674526,56323480772,50139609511,44255328110,38725328105,33590534540,28878444967,24603870592,20770089660,17370211497,14388791722,11803464253,9586661973,7707191264,6131771215,4826322925,3757143282,2891790892,2199832887,1653311984,1227093946,898984429,649763049,463056466,325174638,224848918,152973989,102306599,67192744,43288012,27320607,16866596,10168258,5973698,3412102,1889271,1010742,520207,256330,120140,53157,21970,8387,2900,886,232,49,7,1"
KpIA?C@?Q??@,"0,0,0,0,0,1,8,52,238,885,2875,8243,21541,52021,117567,250914,509712,991219,1854838,3353535,5877531,10014868,16628980,26961321,42757673,66426520,101222266,151468498,222797160,322426614,459437640,645074200,893004650,1219584023,1644021958,2188509913,2878191435,3741046794,4807547612,6110191767,7682757101,9559415789,11773558703,14356504957,17335957140,20734423993,24567491717,28842187349,33555352773,38692276271,44225528250,50114216202,56303637215,62725467424,69298484057,75929869382,82517087307,88950262557,95115071133,100895929422,106179511710,110858272998,114834038230,118021256785,120350042582,121768567679,122244999736,121768567679,120350042582,118021256785,114834038230,110858272998,106179511710,100895929422,95115071133,88950262557,82517087307,75929869382,69298484057,62725467424,56303637215,50114216202,44225528250,38692276271,33555352773,28842187349,24567491717,20734423993,17335957140,14356504957,11773558703,9559415789,7682757101,6110191767,4807547612,3741046794,2878191435,2188509913,1644021958,1219584023,893004650,645074200,459437640,322426614,222797160,151468498,101222266,66426520,42757673,26961321,16628980,10014868,5877531,3353535,1854838,991219,509712,250914,117567,52021,21541,8243,2875,885,238,52,8,1"
KpIA?C@?Q?G?,"0,0,0,0,1,5,29,113,420,1345,3956,10574,26347,61347,134957,281985,563496,1081127,2001311,3585458,6236567,10557532,17432858,28127425,44418985,68749273,104416328,155786442,228544587,329956682,469159576,657439865,908512906,1238756873,1667401905,2216624100,2911541310,3780060165,4852562074,6161398672,7740182238,9622863017,11842595377,14430414448,17413738230,20814763946,24648787449,28922549635,33632654255,38764191876,44289610344,50167968924,56344610959,62751357813,69307229879,75919760098,82486844767,88899135760,95042881719,100803134073,106067194301,110728162252,114688439130,117863018881,120182436597,121595212094,122069698016,121595212094,120182436597,117863018881,114688439130,110728162252,106067194301,100803134073,95042881719,88899135760,82486844767,75919760098,69307229879,62751357813,56344610959,50167968924,44289610344,38764191876,33632654255,28922549635,24648787449,20814763946,17413738230,14430414448,11842595377,9622863017,7740182238,6161398672,4852562074,3780060165,2911541310,2216624100,1667401905,1238756873,908512906,657439865,469159576,329956682,228544587,155786442,104416328,68749273,44418985,28127425,17432858,10557532,6236567,3585458,2001311,1081127,563496,281985,134957,61347,26347,10574,3956,1345,420,113,29,5,1"
KpIA?C@?_?_O,"0,0,0,0,0,0,4,44,222,866,2889,8401,22060,53437,120823,257718,522834,1015487,1897308,3425227,5994404,10199957,16913659,27388992,43384734,67327078,102489075,153217672,225168007,325586088,463577656,650413694,899783346,1228061444,1654465434,2201189582,2893362694,3758939784,4828345656,6134017206,7709647251,9589308263,11806269358,14391716928,17373206297,20773096595,24606822586,28881269250,33593153232,38727660803,44257294703,50141131751,56324487150,62739099372,69303866198,75926132495,82503580993,88926585625,95081116661,100851892389,106125913138,110795939696,114764100566,117945100182,120269281548,121684971814,122160450680,121684971814,120269281548,117945100182,114764100566,110795939696,106125913138,100851892389,95081116661,88926585625,82503580993,75926132495,69303866198,62739099372,56324487150,50141131751,44257294703,38727660803,33593153232,28881269250,24606822586,20773096595,17373206297,14391716928,11806269358,9589308263,7709647251,6134017206,4828345656,3758939784,2893362694,2201189582,1654465434,1228061444,899783346,650413694,463577656,325586088,225168007,153217672,102489075,67327078,43384734,27388992,16913659,10199957,5994404,3425227,1897308,1015487,522834,257718,120823,53437,22060,8401,2889,866,222,44,4"
KpIA?C@?_?g?,"0,0,0,0,0,1,6,40,190,757,2524,7504,19989,49100,112232,241814,494392,966874,1816656,3295866,5791973,9891763,16454385,26720193,42429323,65989244,100647929,150728848,221856995,321252922,457991272,643320956,890906184,1217111703,1641145326,2185213523,2874461933,3736890206,4802975888,6105240349,7677469298,9553860240,11767812675,14350669455,17330140099,20728752694,24562096153,28837208425,33550929055,38688546710,44222622719,50112254545,56302723993,62725686622,69299901191,75932520487,82520988630,88955395398,95121398926,100903378343,106187994952,110867667472,114844214398,118032052885,120361298726,121780097257,122256626916,121780097257,120361298726,118032052885,114844214398,110867667472,106187994952,100903378343,95121398926,88955395398,82520988630,75932520487,69299901191,62725686622,56302723993,50112254545,44222622719,38688546710,33550929055,28837208425,24562096153,20728752694,17330140099,14350669455,11767812675,9553860240,7677469298,6105240349,4802975888,3736890206,2874461933,2185213523,1641145326,1217111703,890906184,643320956,457991272,321252922,221856995,150728848,100647929,65989244,42429323,26720193,16454385,9891763,5791973,3295866,1816656,966874,494392,241814,112232,49100,19989,7504,2524,757,190,40,6,1"
KpIA?C@?_C?O,"0,0,0,0,0,3,23,119,460,1530,4529,12094,29848,68844,149885,310024,613779,1168007,2146017,3819145,6603758,11119775,18273665,29357677,46182298,71228344,107838590,160428945,234738103,338087630,479669604,670821395,925301505,1259518224,1692714136,2247054367,2947617594,3822237076,4901184569,6216661389,7802089865,9691190136,11916851889,14509816228,17497187934,20900843185,24735762742,29008393565,33715085688,38840730374,44357648171,50224857120,56387755228,62778323528,69315849370,75908237489,82453851768,88843896654,94965237622,100703586385,105946919704,110589002138,114532856691,117694033622,120003528200,121410207184,121882636470,121410207184,120003528200,117694033622,114532856691,110589002138,105946919704,100703586385,94965237622,88843896654,82453851768,75908237489,69315849370,62778323528,56387755228,50224857120,44357648171,38840730374,33715085688,29008393565,24735762742,20900843185,17497187934,14509816228,11916851889,9691190136,7802089865,6216661389,4901184569,3822237076,2947617594,2247054367,1692714136,1259518224,925301505,670821395,479669604,338087630,234738103,160428945,107838590,71228344,46182298,29357677,18273665,11119775,6603758,3819145,2146017,1168007,613779,310024,149885,68844,29848,12094,4529,1530,460,119,23,3"
KpIA?C@?_CG?,"0,0,0,0,0,0,7,51,250,953,3106,8931,23239,55869,125608,266700,538981,1043462,1944319,3501792,6115893,10387849,17197725,27809018,43993633,68192272,103696608,154873061,227399959,328546060,467442604,655382339,906077219,1235916615,1664129678,2212909264,2907376037,3775457784,4847542047,6156005496,7734468022,9616906199,11836482072,14424254873,17407647814,20808877346,24643239841,28917486294,33628215861,38760518351,44286830337,50166200034,56343953801,62751891342,69309013897,75922824131,82491198641,88904753967,95049721745,100811115849,106076226548,110738116956,114699183917,117874388603,120194270032,121607320339,122081904850,121607320339,120194270032,117874388603,114699183917,110738116956,106076226548,100811115849,95049721745,88904753967,82491198641,75922824131,69309013897,62751891342,56343953801,50166200034,44286830337,38760518351,33628215861,28917486294,24643239841,20808877346,17407647814,14424254873,11836482072,9616906199,7734468022,6156005496,4847542047,3775457784,2907376037,2212909264,1664129678,1235916615,906077219,655382339,467442604,328546060,227399959,154873061,103696608,68192272,43993633,27809018,17197725,10387849,6115893,3501792,1944319,1043462,538981,266700,125608,55869,23239,8931,3106,953,250,51,7"
KpIA?C@?a??@,"0,0,0,0,0,0,4,36,186,752,2543,7541,20110,49339,112705,242630,495812,969069,1820114,3301001,5799476,9902255,16468933,26739652,42455098,66022338,100689961,150780924,221920819,321329344,458081700,643425654,891026088,1217246240,1641294532,2185375624,2874635860,3737072980,4803165376,6105432418,7677660897,9554046435,11767990184,14350833130,17330286779,20728877461,24562196554,28837280860,33550972390,38688558577,44222603515,50112203323,56302642720,62725575880,69299763918,75932358091,82520804889,88955192355,95121180455,100903146197,106187752532,110867416160,114843957334,118031790946,120361034290,121779830628,122256360104,121779830628,120361034290,118031790946,114843957334,110867416160,106187752532,100903146197,95121180455,88955192355,82520804889,75932358091,69299763918,62725575880,56302642720,50112203323,44222603515,38688558577,33550972390,28837280860,24562196554,20728877461,17330286779,14350833130,11767990184,9554046435,7677660897,6105432418,4803165376,3737072980,2874635860,2185375624,1641294532,1217246240,891026088,643425654,458081700,321329344,221920819,150780924,100689961,66022338,42455098,26739652,16468933,9902255,5799476,3301001,1820114,969069,495812,242630,112705,49339,20110,7541,2543,752,186,36,4"
KpIA?C@?a?G?,"0,0,0,0,0,1,9,55,254,960,3089,8858,23030,55378,124553,264700,535353,1037179,1933905,3485215,6090202,10349223,17141089,27727987,43880204,68036756,103487386,154596831,227041541,328088868,466868652,654673087,905214059,1234881858,1662907256,2211485979,2905742508,3773609928,4845481845,6153742251,7732018769,9614296668,11833746795,14421437150,17404799006,20806056077,24640510840,28914919129,33625882370,38758490896,44285179237,50164991364,56343247206,62751737814,69309453394,75923884339,82492893596,88907083428,95052670200,100814652899,106080307152,110742682910,114704164961,117879704064,120199830518,121613030344,122087664982,121613030344,120199830518,117879704064,114704164961,110742682910,106080307152,100814652899,95052670200,88907083428,82492893596,75923884339,69309453394,62751737814,56343247206,50164991364,44285179237,38758490896,33625882370,28914919129,24640510840,20806056077,17404799006,14421437150,11833746795,9614296668,7732018769,6153742251,4845481845,3773609928,2905742508,2211485979,1662907256,1234881858,905214059,654673087,466868652,328088868,227041541,154596831,103487386,68036756,43880204,27727987,17141089,10349223,6090202,3485215,1933905,1037179,535353,264700,124553,55378,23030,8858,3089,960,254,55,9,1"
KpIA?C@O??_@,"0,0,0,0,0,1,6,39,183,733,2439,7245,19355,47624,109063,235498,482477,945253,1779156,3232971,5689719,9730212,16205732,26346479,41880314,65199266,99533672,149186505,219759940,318450297,454307263,638555083,884836279,1209497845,1631735969,2173755372,2860710929,3720625059,4784014949,6083459212,7652817470,9526382331,11737663894,14318129800,17295627297,20692827777,24525461252,28800704221,33515517247,38655286738,44192644704,50086720744,56282783476,62712433257,69294322096,75935445349,82533049782,88976985422,95152636056,100944090701,106237708727,110925606695,114909325324,118103029448,120436622537,121858095019,122335528326,121858095019,120436622537,118103029448,114909325324,110925606695,106237708727,100944090701,95152636056,88976985422,82533049782,75935445349,69294322096,62712433257,56282783476,50086720744,44192644704,38655286738,33515517247,28800704221,24525461252,20692827777,17295627297,14318129800,11737663894,9526382331,7652817470,6083459212,4784014949,3720625059,2860710929,2173755372,1631735969,1209497845,884836279,638555083,454307263,318450297,219759940,149186505,99533672,65199266,41880314,26346479,16205732,9730212,5689719,3232971,1779156,945253,482477,235498,109063,47624,19355,7245,2439,733,183,39,6,1"
KpIA?C@O??_A,"0,0,0,0,0,0,6,44,214,830,2737,7949,20962,50919,115563,247474,503932,981879,1840180,3331097,5844052,9966141,16559349,26863994,42624216,66246732,100984297,151158896,222400437,321926474,458816658,644314158,892088000,1218494584,1642744696,2187033698,2876509236,3739156016,4805452800,6107904824,7680296407,9556809291,11770842854,14353722920,17333161125,20731672923,24564848166,28839719386,33553130600,38690367449,44224000195,50113131465,56303049402,62725423498,69299020852,75931008535,82518840609,88952627701,95118029201,100899449961,106183551624,110862773164,114838932288,118026468426,120355485114,121774151372,122250632188,121774151372,120355485114,118026468426,114838932288,110862773164,106183551624,100899449961,95118029201,88952627701,82518840609,75931008535,69299020852,62725423498,56303049402,50113131465,44224000195,38690367449,33553130600,28839719386,24564848166,20731672923,17333161125,14353722920,11770842854,9556809291,7680296407,6107904824,4805452800,3739156016,2876509236,2187033698,1642744696,1218494584,892088000,644314158,458816658,321926474,222400437,151158896,100984297,66246732,42624216,26863994,16559349,9966141,5844052,3331097,1840180,981879,503932,247474,115563,50919,20962,7949,2737,830,214,44,6"
KpIA?C@O??g?,"0,0,0,0,0,1,8,50,232,881,2865,8293,21725,52615,119029,254272,516474,1004401,1878750,3395487,5947981,10129828,16810208,27240341,43175633,67039358,102100468,152702960,224497858,324728906,462498398,649076788,898152166,1226101847,1652145322,2198483223,2890250531,3755413526,4824407450,6129684629,7704951503,9584298841,11801011385,14386294179,17367716662,20767653923,24601551045,28876304153,33588632909,38723726451,44254081848,50138769616,56323090743,62738768716,69304678335,75928142376,82506815415,88931045361,95086771259,100858684088,106133754322,110804718804,114773681118,117955327175,120279981578,121695961107,122171536500,121695961107,120279981578,117955327175,114773681118,110804718804,106133754322,100858684088,95086771259,88931045361,82506815415,75928142376,69304678335,62738768716,56323090743,50138769616,44254081848,38723726451,33588632909,28876304153,24601551045,20767653923,17367716662,14386294179,11801011385,9584298841,7704951503,6129684629,4824407450,3755413526,2890250531,2198483223,1652145322,1226101847,898152166,649076788,462498398,324728906,224497858,152702960,102100468,67039358,43175633,27240341,16810208,10129828,5947981,3395487,1878750,1004401,516474,254272,119029,52615,21725,8293,2865,881,232,50,8,1"
KpIA?C@OA?G?,"0,0,0,0,1,5,31,127,478,1527,4462,11820,29143,67189,146513,303633,602342,1148327,2113697,3767844,6524705,11001288,18100562,29110553,45837251,70756133,107204610,159593068,233655163,336707830,477939494,668685437,922704480,1256407307,1689041819,2242781332,2942716436,3816695731,4895009592,6209880752,7794755122,9683378323,11908666673,14501386992,17488668474,20892408638,24727606813,29000723691,33708116769,38834678326,44352723120,50221256172,56385656543,62777878999,69317178541,75911422722,82458935175,88850877018,94974068793,100714177053,105959135587,110602668892,114547764460,117709940957,120020168261,121427294114,121899873512,121427294114,120020168261,117709940957,114547764460,110602668892,105959135587,100714177053,94974068793,88850877018,82458935175,75911422722,69317178541,62777878999,56385656543,50221256172,44352723120,38834678326,33708116769,29000723691,24727606813,20892408638,17488668474,14501386992,11908666673,9683378323,7794755122,6209880752,4895009592,3816695731,2942716436,2242781332,1689041819,1256407307,922704480,668685437,477939494,336707830,233655163,159593068,107204610,70756133,45837251,29110553,18100562,11001288,6524705,3767844,2113697,1148327,602342,303633,146513,67189,29143,11820,4462,1527,478,127,31,5,1"
KpIA?CA?_C?O,"0,0,0,0,3,13,74,286,924,2766,7398,18377,42638,93744,195791,391735,753669,1400575,2521062,4408938,7508358,12477201,20267123,32228819,50239748,76861997,115527842,170755083,248387820,355859134,502466870,699647542,961238399,1303702008,1746295603,2311153302,3023263273,3910301737,5002308893,6331174986,7929932110,9831832262,12069230421,14672275169,17667445958,21075977170,24912227166,29182062991,33881339042,38994559637,44493807663,50338030926,56472755610,62830294541,69330483844,75881981247,82384097938,88729147673,94805235760,100499393834,105700950497,110304996294,114215797493,117350010788,119639549943,121033971025,121502265866,121033971025,119639549943,117350010788,114215797493,110304996294,105700950497,100499393834,94805235760,88729147673,82384097938,75881981247,69330483844,62830294541,56472755610,50338030926,44493807663,38994559637,33881339042,29182062991,24912227166,21075977170,17667445958,14672275169,12069230421,9831832262,7929932110,6331174986,5002308893,3910301737,3023263273,2311153302,1746295603,1303702008,961238399,699647542,502466870,355859134,248387820,170755083,115527842,76861997,50239748,32228819,20267123,12477201,7508358,4408938,2521062,1400575,753669,391735,195791,93744,42638,18377,7398,2766,924,286,74,13,3"
KpIA?CA?_CG?,"0,0,0,0,0,5,28,136,512,1663,4850,12818,31371,71868,155638,320560,632288,1199544,2198174,3903088,6735343,11321461,18575835,29801355,46821013,72130874,109091279,162138562,237032983,341119866,483614622,675877528,931687214,1267467761,1702470256,2258859975,2961704213,3838810908,4920411592,6238649829,7826872668,9718707490,11946935715,14542174749,17531397427,20936340980,24771849311,29044238869,33749744651,38873163668,44386753531,50249503823,56406827241,62790763550,69320706739,75904713765,82441345350,88822039664,94933926324,100663001155,105897534064,110531579110,114468431984,117623886333,119929139574,121333210879,121804760080,121333210879,119929139574,117623886333,114468431984,110531579110,105897534064,100663001155,94933926324,88822039664,82441345350,75904713765,69320706739,62790763550,56406827241,50249503823,44386753531,38873163668,33749744651,29044238869,24771849311,20936340980,17531397427,14542174749,11946935715,9718707490,7826872668,6238649829,4920411592,3838810908,2961704213,2258859975,1702470256,1267467761,931687214,675877528,483614622,341119866,237032983,162138562,109091279,72130874,46821013,29801355,18575835,11321461,6735343,3903088,2198174,1199544,632288,320560,155638,71868,31371,12818,4850,1663,512,136,28,5"
KpIA?CA?a??@,"0,0,0,0,0,3,17,89,354,1194,3649,9978,25252,59396,131697,276570,554885,1067729,1981071,3555393,6193128,10495701,17346787,28009547,44260498,68539446,104143240,155436125,228102163,329405786,468483572,656621553,907536233,1237606860,1666066128,2215093263,2909810752,3778130322,4850439833,6159097969,7737724389,9620277446,11839919209,14427692564,17411021832,20812110801,24646259118,28920211273,33630571650,38762430152,44288230979,50167029250,56344160270,62751437536,69307870666,75920981473,82488653516,88901526576,95045835292,100806619105,106071167112,110732568238,114693213733,117868089710,120187723734,121600631148,122075161422,121600631148,120187723734,117868089710,114693213733,110732568238,106071167112,100806619105,95045835292,88901526576,82488653516,75920981473,69307870666,62751437536,56344160270,50167029250,44288230979,38762430152,33630571650,28920211273,24646259118,20812110801,17411021832,14427692564,11839919209,9620277446,7737724389,6159097969,4850439833,3778130322,2909810752,2215093263,1666066128,1237606860,907536233,656621553,468483572,329405786,228102163,155436125,104143240,68539446,44260498,28009547,17346787,10495701,6193128,3555393,1981071,1067729,554885,276570,131697,59396,25252,9978,3649,1194,354,89,17,3"
KpIA?CA?a?G?,"0,0,0,0,0,2,18,90,368,1280,3909,10727,27046,63445,139975,292786,584772,1120861,2071662,3705261,6433296,10870895,17917793,28859454,45497846,70305342,106614861,158833860,232691517,335502678,476452758,666876900,920533336,1253835644,1686034802,2239311388,2938763964,3812252772,4890081196,6204488172,7788936571,9677191379,11902188294,14494713686,17481916201,20885710915,24721112462,28994593368,33702519246,38829784971,44348704201,50218273659,56383859792,62777398114,69318120642,75913865343,82462924245,88856421641,94981141225,100722710715,105969027228,110613778406,114559920164,117722941772,120033790538,121441296274,121914003876,121441296274,120033790538,117722941772,114559920164,110613778406,105969027228,100722710715,94981141225,88856421641,82462924245,75913865343,69318120642,62777398114,56383859792,50218273659,44348704201,38829784971,33702519246,28994593368,24721112462,20885710915,17481916201,14494713686,11902188294,9677191379,7788936571,6204488172,4890081196,3812252772,2938763964,2239311388,1686034802,1253835644,920533336,666876900,476452758,335502678,232691517,158833860,106614861,70305342,45497846,28859454,17917793,10870895,6433296,3705261,2071662,1120861,584772,292786,139975,63445,27046,10727,3909,1280,368,90,18,2"
KpIA?CAO??_A,"0,0,0,0,0,3,15,79,312,1072,3305,9140,23404,55582,124225,262760,530331,1025669,1911365,3443265,6017454,10227383,16946027,27423809,43421420,67360130,102515262,153227451,225154399,325534224,463476452,650242221,899526793,1227694752,1653971172,2200540671,2892543408,3757925042,4827125899,6132576745,7707986937,9587426722,11804185541,14389447376,17370789500,20770572045,24604246318,28878701983,33590668156,38725331084,44255200697,50139353990,56323099428,62738176794,69303468214,75926313171,82504371948,88928015954,95083178156,100854579171,106129180244,110799742668,114768358219,117949741124,120274192178,121690059756,122165590102,121690059756,120274192178,117949741124,114768358219,110799742668,106129180244,100854579171,95083178156,88928015954,82504371948,75926313171,69303468214,62738176794,56323099428,50139353990,44255200697,38725331084,33590668156,28878701983,24604246318,20770572045,17370789500,14389447376,11804185541,9587426722,7707986937,6132576745,4827125899,3757925042,2892543408,2200540671,1653971172,1227694752,899526793,650242221,463476452,325534224,225154399,153227451,102515262,67360130,43421420,27423809,16946027,10227383,6017454,3443265,1911365,1025669,530331,262760,124225,55582,23404,9140,3305,1072,312,79,15,3"
KpIA?CAO??g?,"0,0,0,0,0,0,7,47,234,899,2957,8570,22451,54278,122573,261250,529601,1027869,1919247,3462815,6056783,10300478,17071536,27630722,43746713,67857038,103249497,154287123,226644870,327588752,466247460,653913035,904297375,1233792053,1661629896,2210009664,2904059797,3771719038,4843386903,6151454748,7729558019,9611690194,11831030450,14418655293,17402003245,20803304743,24637867801,28912451810,33623660141,38756582930,44283652082,50163906733,56342660387,62751694862,69309990147,75925024356,82494647646,88909448136,95055628700,100818173682,106084346084,110747182988,114709058799,117884914197,120205272584,121618613497,122093295762,121618613497,120205272584,117884914197,114709058799,110747182988,106084346084,100818173682,95055628700,88909448136,82494647646,75925024356,69309990147,62751694862,56342660387,50163906733,44283652082,38756582930,33623660141,28912451810,24637867801,20803304743,17402003245,14418655293,11831030450,9611690194,7729558019,6151454748,4843386903,3771719038,2904059797,2210009664,1661629896,1233792053,904297375,653913035,466247460,327588752,226644870,154287123,103249497,67857038,43746713,27630722,17071536,10300478,6056783,3462815,1919247,1027869,529601,261250,122573,54278,22451,8570,2957,899,234,47,7"
KpIA?CAOA?G?,"0,0,0,0,0,3,20,102,408,1395,4209,11429,28573,66575,146063,304064,604844,1155341,2129000,3797957,6579239,11095060,18254368,29354171,46210491,71312674,108013134,160741414,235251052,338882404,480846538,672503182,927632120,1262663409,1696857022,2252392243,2954353945,3830573836,4911309592,6228735971,7816232697,9707462459,11935241771,14530223079,17519410128,20924567921,24760562577,29033726097,33740300439,38865081175,44380314750,50244970384,56404432347,62790702484,69323130057,75909720512,82448979783,88832287133,94946713095,100678193222,105914941732,110550959310,114489495922,117646303621,119952548114,121357223209,121828975600,121357223209,119952548114,117646303621,114489495922,110550959310,105914941732,100678193222,94946713095,88832287133,82448979783,75909720512,69323130057,62790702484,56404432347,50244970384,44380314750,38865081175,33740300439,29033726097,24760562577,20924567921,17519410128,14530223079,11935241771,9707462459,7816232697,6228735971,4911309592,3830573836,2954353945,2252392243,1696857022,1262663409,927632120,672503182,480846538,338882404,235251052,160741414,108013134,71312674,46210491,29354171,18254368,11095060,6579239,3797957,2129000,1155341,604844,304064,146063,66575,28573,11429,4209,1395,408,102,20,3"
KpIA?D??I??@,"0,0,0,0,0,0,4,34,180,748,2533,7591,20294,49933,114167,245988,502574,982251,1844026,3342953,5869926,10017215,16650161,27018672,42873058,66635176,101568163,152015386,223621517,323631636,461142458,647428242,896173604,1223764064,1649417896,2195348934,2886694956,3751439712,4820025214,6124925280,7699855299,9578929487,11795442866,14380622352,17362046301,20762107391,24596255882,28871397664,33584252526,38720008757,44251157113,50136756737,56322096248,62738877172,69305958196,75930631085,82510532997,88935975159,95092880581,100865900863,106141995144,110813861966,114783600222,117965861336,120290973286,121707224056,122182896868,121707224056,120290973286,117965861336,114783600222,110813861966,106141995144,100865900863,95092880581,88935975159,82510532997,75930631085,69305958196,62738877172,56322096248,50136756737,44251157113,38720008757,33584252526,28871397664,24596255882,20762107391,17362046301,14380622352,11795442866,9578929487,7699855299,6124925280,4820025214,3751439712,2886694956,2195348934,1649417896,1223764064,896173604,647428242,461142458,323631636,223621517,152015386,101568163,66635176,42873058,27018672,16650161,10017215,5869926,3342953,1844026,982251,502574,245988,114167,49933,20294,7591,2533,748,180,34,4"
KpIA?D??I?G?,"0,0,0,0,0,1,11,69,312,1142,3595,10104,25826,61220,136109,286348,574199,1104379,2046291,3667601,6378340,10792979,17808793,28711115,45298470,70043616,106275668,158403457,232152117,334840016,475648570,665918659,919405633,1252532292,1684547170,2237643211,2936917634,3810245494,4887929363,6202224331,7786591653,9674811974,11899818091,14492409694,17479729250,20883700769,24719330204,28993093185,33701344884,38828977346,44348292013,50218278612,56384292790,62778259000,69319402056,75915546963,82464984004,88858824686,94983857274,100725695879,105972248438,110617189550,114563490291,117726626140,120037562182,121445112364,121917840478,121445112364,120037562182,117726626140,114563490291,110617189550,105972248438,100725695879,94983857274,88858824686,82464984004,75915546963,69319402056,62778259000,56384292790,50218278612,44348292013,38828977346,33701344884,28993093185,24719330204,20883700769,17479729250,14492409694,11899818091,9674811974,7786591653,6202224331,4887929363,3810245494,2936917634,2237643211,1684547170,1252532292,919405633,665918659,475648570,334840016,232152117,158403457,106275668,70043616,45298470,28711115,17808793,10792979,6378340,3667601,2046291,1104379,574199,286348,136109,61220,25826,10104,3595,1142,312,69,11,1"
KpIA?D?OA?G?,"0,0,0,0,1,7,42,182,664,2078,5878,15177,36416,82034,175163,356407,695575,1307551,2376854,4190614,7186182,12011531,19608759,31315561,48997130,75200205,113343664,167929967,244791732,351350484,496897862,692866932,953100295,1294070362,1735053693,2298210944,3008567421,3893844337,4984135893,6311393014,7908713120,9809418004,12045932939,14648474903,17643584860,21052552724,24889779724,29161164873,33862575502,38978513345,44481037925,50329058538,56468042492,62830229529,69335364948,75892005809,82399352682,88749604703,94830746606,100529692808,105735658849,110343631304,114257783307,117394691300,119686203009,121081826573,121550525358,121081826573,119686203009,117394691300,114257783307,110343631304,105735658849,100529692808,94830746606,88749604703,82399352682,75892005809,69335364948,62830229529,56468042492,50329058538,44481037925,38978513345,33862575502,29161164873,24889779724,21052552724,17643584860,14648474903,12045932939,9809418004,7908713120,6311393014,4984135893,3893844337,3008567421,2298210944,1735053693,1294070362,953100295,692866932,496897862,351350484,244791732,167929967,113343664,75200205,48997130,31315561,19608759,12011531,7186182,4190614,2376854,1307551,695575,356407,175163,82034,36416,15177,5878,2078,664,182,42,7,1"
KpH?GCAO??_@,"0,0,0,0,1,4,25,86,335,1048,3211,8703,22299,52822,118399,250846,507966,984908,1840819,3324643,5824950,9922813,16477697,26719436,42386582,65870086,100412861,150314646,221191618,320232922,456501812,641210272,888012169,1213234715,1636082259,2178731377,2866339966,3726895025,4790911359,6090925931,7660792804,9534760466,11746331882,14326932901,17304405848,20701388080,24533609606,28808225930,33522204913,38660928765,44197045519,50089698101,56284178412,62712118052,69292196329,75931454111,82527166127,88969238474,95143077868,100932834756,106224883418,110911401048,114893932073,118086697290,120419590142,121840649583,122317933114,121840649583,120419590142,118086697290,114893932073,110911401048,106224883418,100932834756,95143077868,88969238474,82527166127,75931454111,69292196329,62712118052,56284178412,50089698101,44197045519,38660928765,33522204913,28808225930,24533609606,20701388080,17304405848,14326932901,11746331882,9534760466,7660792804,6090925931,4790911359,3726895025,2866339966,2178731377,1636082259,1213234715,888012169,641210272,456501812,320232922,221191618,150314646,100412861,65870086,42386582,26719436,16477697,9922813,5824950,3324643,1840819,984908,507966,250846,118399,52822,22299,8703,3211,1048,335,86,25,4,1"
KpH?GCAO??_A,"0,0,0,0,0,3,13,79,301,1061,3273,9065,23214,55128,123105,260369,525405,1016069,1893650,3411915,5963860,10139006,16804568,27203554,43087220,66864913,101797658,152209279,223738083,323600871,460884576,646827417,895102696,1222055802,1646897370,2191804559,2881919271,3745200811,4812116564,6115140412,7688041523,9564967690,11779301777,14362336741,17341770704,20740092530,24572884315,28847163398,33559774831,38696003712,44228432311,50116177613,56304549761,62725248033,69297068164,75927218979,82513187055,88945132304,95108745256,100888482821,106171031916,110848881439,114823864980,118010465020,120338789532,121757041603,122233377036,121757041603,120338789532,118010465020,114823864980,110848881439,106171031916,100888482821,95108745256,88945132304,82513187055,75927218979,69297068164,62725248033,56304549761,50116177613,44228432311,38696003712,33559774831,28847163398,24572884315,20740092530,17341770704,14362336741,11779301777,9564967690,7688041523,6115140412,4812116564,3745200811,2881919271,2191804559,1646897370,1222055802,895102696,646827417,460884576,323600871,223738083,152209279,101797658,66864913,43087220,27203554,16804568,10139006,5963860,3411915,1893650,1016069,525405,260369,123105,55128,23214,9065,3273,1061,301,79,13,3"
KpH?GCAO??g?,"0,0,0,0,1,6,30,118,427,1330,3909,10356,25793,59942,131968,275822,551854,1059800,1964298,3523034,6135135,10396846,17185661,27755520,43872754,67963078,103307902,154252020,226459308,327170248,465498373,652704876,902484923,1231197790,1658064348,2205257112,2897904864,3763936272,4833772938,6139821640,7715770591,9595661664,11812759889,14398223602,17379606756,20779246800,24612581410,28886484794,33597681187,38731357860,44260031028,50142789952,56324967803,62738327574,69301785077,75922718768,82498828678,88920528836,95073801197,100843406872,106116351128,110785437594,114752791943,117933158004,120256866348,121672279710,122147656610,121672279710,120256866348,117933158004,114752791943,110785437594,106116351128,100843406872,95073801197,88920528836,82498828678,75922718768,69301785077,62738327574,56324967803,50142789952,44260031028,38731357860,33597681187,28886484794,24612581410,20779246800,17379606756,14398223602,11812759889,9595661664,7715770591,6139821640,4833772938,3763936272,2897904864,2205257112,1658064348,1231197790,902484923,652704876,465498373,327170248,226459308,154252020,103307902,67963078,43872754,27755520,17185661,10396846,6135135,3523034,1964298,1059800,551854,275822,131968,59942,25793,10356,3909,1330,427,118,30,6,1"
KpH?GCAOA?G?,"0,0,0,1,3,22,67,269,780,2298,6034,15024,35079,78012,164889,334450,651696,1225686,2231256,3942929,6778609,11363021,18604665,29800933,46765183,71983189,108799878,161635891,236230386,339907496,481857179,673415840,928336572,1263022299,1696705643,2251541279,2952593897,3827681988,4907060345,6222912293,7808641966,9697951385,11923714291,14516655234,17503868307,20907217940,24741681220,29013702705,33719636309,38844379443,44360266355,50226328297,56387985562,62777240196,69313404937,75904409830,82448647847,88837349633,94957408320,100694559790,105936804532,110577928489,114520973503,117681504369,119990528644,121396921965,121869255032,121396921965,119990528644,117681504369,114520973503,110577928489,105936804532,100694559790,94957408320,88837349633,82448647847,75904409830,69313404937,62777240196,56387985562,50226328297,44360266355,38844379443,33719636309,29013702705,24741681220,20907217940,17503868307,14516655234,11923714291,9697951385,7808641966,6222912293,4907060345,3827681988,2952593897,2251541279,1696705643,1263022299,928336572,673415840,481857179,339907496,236230386,161635891,108799878,71983189,46765183,29800933,18604665,11363021,6778609,3942929,2231256,1225686,651696,334450,164889,78012,35079,15024,6034,2298,780,269,67,22,3,1"
KpH?GCC?GG?@,"0,0,0,0,0,1,5,38,178,749,2481,7498,19975,49231,112526,242710,495966,970191,1822197,3305642,5807314,9916471,16491072,26775281,42507581,66100456,100799551,150935088,222128154,321607568,458442341,643890554,891608190,1217970054,1642172011,2186430988,2875876619,3738518605,4804814179,6107294386,7679720412,9556299441,11770403470,14353385476,17332925822,20731564473,24564861361,28839869303,33553401503,38690765644,44224500845,50113728725,56303714440,62726142162,69299759703,75931752915,82519559894,88953306183,95118647824,100899999812,106184022326,110863168422,114839254086,118026726437,120355695614,121774331252,122250800540,121774331252,120355695614,118026726437,114839254086,110863168422,106184022326,100899999812,95118647824,88953306183,82519559894,75931752915,69299759703,62726142162,56303714440,50113728725,44224500845,38690765644,33553401503,28839869303,24564861361,20731564473,17332925822,14353385476,11770403470,9556299441,7679720412,6107294386,4804814179,3738518605,2875876619,2186430988,1642172011,1217970054,891608190,643890554,458442341,321607568,222128154,150935088,100799551,66100456,42507581,26775281,16491072,9916471,5807314,3305642,1822197,970191,495966,242710,112526,49231,19975,7498,2481,749,178,38,5,1"
KpH?GCC?GG?_,"0,0,0,0,0,0,9,63,307,1128,3582,10090,25797,61077,135740,285287,571769,1099164,2035974,3648058,6343481,10733098,17709938,28552679,45052415,69671077,105725984,157610423,231032853,333291419,473547810,663120369,915744208,1247821943,1678588256,2230225820,2927831846,3799289507,4874924262,6187026123,7769109698,9655022471,11877782296,14468286180,17453788788,20856331635,24691043794,28964518839,33673224058,38802144769,44323655763,50196787231,56366902894,62765892371,69312907657,75915654651,82472267592,88873662089,95006405817,100755867213,106009701874,110661328197,114613478772,117781410347,120095910366,121505654522,121979124452,121505654522,120095910366,117781410347,114613478772,110661328197,106009701874,100755867213,95006405817,88873662089,82472267592,75915654651,69312907657,62765892371,56366902894,50196787231,44323655763,38802144769,33673224058,28964518839,24691043794,20856331635,17453788788,14468286180,11877782296,9655022471,7769109698,6187026123,4874924262,3799289507,2927831846,2230225820,1678588256,1247821943,915744208,663120369,473547810,333291419,231032853,157610423,105725984,69671077,45052415,28552679,17709938,10733098,6343481,3648058,2035974,1099164,571769,285287,135740,61077,25797,10090,3582,1128,307,63,9"
KpH?GCC?GGG?,"0,0,0,0,0,1,10,52,242,905,2910,8422,21985,53152,120066,256186,519776,1010096,1887956,3410148,5970437,10163673,16859585,27311281,43274765,67175908,102284103,152946596,224814213,325134322,463008004,649709374,898923230,1227030089,1653243614,2199767089,2891726205,3757089138,4826278142,6131747051,7707186078,9586687810,11803517891,14388885015,17370338069,20770259348,24604072801,28878686317,33590799617,38725619948,44255626263,50139913989,56323767907,62738942654,69304298941,75927196407,82505275704,88928925690,95084071138,100855446331,106130005312,110800527798,114769097434,117950441461,120274860448,121690709505,122166230128,121690709505,120274860448,117950441461,114769097434,110800527798,106130005312,100855446331,95084071138,88928925690,82505275704,75927196407,69304298941,62738942654,56323767907,50139913989,44255626263,38725619948,33590799617,28878686317,24604072801,20770259348,17370338069,14388885015,11803517891,9586687810,7707186078,6131747051,4826278142,3757089138,2891726205,2199767089,1653243614,1227030089,898923230,649709374,463008004,325134322,224814213,152946596,102284103,67175908,43274765,27311281,16859585,10163673,5970437,3410148,1887956,1010096,519776,256186,120066,53152,21985,8422,2910,905,242,52,10,1"
KpH?GCC?I??@,"0,0,0,0,0,1,7,42,196,761,2501,7386,19591,48067,109782,236696,484264,948087,1783129,3238884,5697758,9741461,16220484,26366363,41905377,65231858,99573615,149236492,219819588,318522772,454391115,638654264,884948264,1209626328,1631877553,2173913880,2860880625,3720810531,4784208629,6083664756,7653026508,9526598537,11737875952,14318342882,17295828546,20693021379,24525634857,28800862595,33515645633,38655392758,44192713345,50086758885,56282778608,62712393666,69294233773,75935320877,82532876212,88976774585,95152379074,100943801300,106237376778,110925250502,114908936096,118102623933,120436196040,121857665228,122335088020,121857665228,120436196040,118102623933,114908936096,110925250502,106237376778,100943801300,95152379074,88976774585,82532876212,75935320877,69294233773,62712393666,56282778608,50086758885,44192713345,38655392758,33515645633,28800862595,24525634857,20693021379,17295828546,14318342882,11737875952,9526598537,7653026508,6083664756,4784208629,3720810531,2860880625,2173913880,1631877553,1209626328,884948264,638654264,454391115,318522772,219819588,149236492,99573615,65231858,41905377,26366363,16220484,9741461,5697758,3238884,1783129,948087,484264,236696,109782,48067,19591,7386,2501,761,196,42,7,1"
KpH?GCC?I?G?,"0,0,0,0,1,4,28,96,383,1182,3576,9611,24317,57069,126891,266938,537196,1036175,1927526,3467053,6052487,10277051,17016256,27520350,43552864,67535380,102746335,153526260,225536735,326015046,464073961,650973674,900411311,1228748566,1655211992,2201980906,2894194014,3759791192,4829208076,6134866640,7710471516,9590081635,11806979029,14392338814,17373729187,20773501097,24607101264,28881410872,33593156073,38727522357,44257018917,50140725313,56323958339,62738463006,69303132643,75925321231,82502701521,88925660445,95080150866,100850907435,106124908722,110794934096,114763087735,117944095812,120268273280,121683972534,122159445570,121683972534,120268273280,117944095812,114763087735,110794934096,106124908722,100850907435,95080150866,88925660445,82502701521,75925321231,69303132643,62738463006,56323958339,50140725313,44257018917,38727522357,33593156073,28881410872,24607101264,20773501097,17373729187,14392338814,11806979029,9590081635,7710471516,6134866640,4829208076,3759791192,2894194014,2201980906,1655211992,1228748566,900411311,650973674,464073961,326015046,225536735,153526260,102746335,67535380,43552864,27520350,17016256,10277051,6052487,3467053,1927526,1036175,537196,266938,126891,57069,24317,9611,3576,1182,383,96,28,4,1"
KpH?GCC@?G?_,"0,0,0,0,0,6,36,176,650,2068,5878,15257,36574,82387,175744,357234,696471,1308180,2376047,4186393,7174936,11987452,19562393,31232773,48857321,74974426,112992374,167400947,244017250,350245463,495358319,690768548,950298083,1290400213,1730335571,2292253679,3001175261,3884826258,4973316486,6298625770,7893895104,9792504979,12026954003,14627547349,17620926252,21028489472,24864750406,29135719693,33837369379,38954292700,44458620125,50309305509,56451827573,62818401640,69328709818,75891206503,82404950752,88761966784,94850036860,100555853042,105768396729,110382420505,114301874619,117443135307,119737883433,121135501483,121604874046,121135501483,119737883433,117443135307,114301874619,110382420505,105768396729,100555853042,94850036860,88761966784,82404950752,75891206503,69328709818,62818401640,56451827573,50309305509,44458620125,38954292700,33837369379,29135719693,24864750406,21028489472,17620926252,14627547349,12026954003,9792504979,7893895104,6298625770,4973316486,3884826258,3001175261,2292253679,1730335571,1290400213,950298083,690768548,495358319,350245463,244017250,167400947,112992374,74974426,48857321,31232773,19562393,11987452,7174936,4186393,2376047,1308180,696471,357234,175744,82387,36574,15257,5878,2068,650,176,36,6"
KpH?GCC@?GG?,"0,0,0,0,0,3,20,100,412,1383,4173,11332,28315,65896,144619,300934,598709,1143777,2108261,3761854,6518967,10997078,18099981,29116582,45854114,70789412,107261610,159682783,233788544,336897521,478200259,669033252,923156579,1256980952,1689754507,2243648994,2943753296,3817912112,4896411926,6211469191,7796524219,9685314254,11910748550,14503584622,17490944810,20894717943,24729897591,29002937072,33710191524,38836549383,44354327187,50222530451,56386544400,62778328186,69317148111,75910879915,82457861367,88849264203,94971925529,100711523568,105956008621,110599115061,114543844905,117705724098,120015734069,121422725928,121895261302,121422725928,120015734069,117705724098,114543844905,110599115061,105956008621,100711523568,94971925529,88849264203,82457861367,75910879915,69317148111,62778328186,56386544400,50222530451,44354327187,38836549383,33710191524,29002937072,24729897591,20894717943,17490944810,14503584622,11910748550,9685314254,7796524219,6211469191,4896411926,3817912112,2943753296,2243648994,1689754507,1256980952,923156579,669033252,478200259,336897521,233788544,159682783,107261610,70789412,45854114,29116582,18099981,10997078,6518967,3761854,2108261,1143777,598709,300934,144619,65896,28315,11332,4173,1383,412,100,20,3"
KpH?GCC@A??@,"0,0,0,0,0,0,8,52,256,954,3081,8781,22816,54711,123001,261214,528364,1023689,1909508,3442565,6018754,10232979,16958025,27446734,43459338,67420700,102605471,153358908,225337669,325785270,463809062,650676540,900078864,1228386532,1654818940,2201565450,2893757186,3759344056,4828753678,6134418124,7710033251,9589667533,11806594262,14391996352,17373433773,20773263437,24606924648,28881302382,33593117040,38727555419,44257123417,50140899187,56324199532,62738765260,69303493094,75925730487,82503157389,88926151185,95080676205,100851454715,106125479610,110795516320,114763685442,117944696784,120268884104,121684581520,122160060076,121684581520,120268884104,117944696784,114763685442,110795516320,106125479610,100851454715,95080676205,88926151185,82503157389,75925730487,69303493094,62738765260,56324199532,50140899187,44257123417,38727555419,33593117040,28881302382,24606924648,20773263437,17373433773,14391996352,11806594262,9589667533,7710033251,6134418124,4828753678,3759344056,2893757186,2201565450,1654818940,1228386532,900078864,650676540,463809062,325785270,225337669,153358908,102605471,67420700,43459338,27446734,16958025,10232979,6018754,3442565,1909508,1023689,528364,261214,123001,54711,22816,8781,3081,954,256,52,8"
KpH?GCC@A?G?,"0,0,0,0,0,4,20,98,380,1276,3848,10489,26380,61823,136502,285790,571607,1097118,2030697,3636927,6323006,10697638,17652869,28463555,44919489,69477464,105453010,157232831,230524274,332617797,472675041,662007128,914351723,1246105303,1676509437,2227743311,2924916203,3795912506,4871075534,6182701380,7764328062,9649813631,11872203033,14462406895,17447707584,20850160572,24684919302,28958589297,33667653209,38797102120,44319314603,50193317491,56364463663,62764630884,69312944276,75917089217,82475159860,88878045608,95012263230,100763154424,106018319983,110671155731,114624342121,117793122867,120108240345,121518371021,121991964358,121518371021,120108240345,117793122867,114624342121,110671155731,106018319983,100763154424,95012263230,88878045608,82475159860,75917089217,69312944276,62764630884,56364463663,50193317491,44319314603,38797102120,33667653209,28958589297,24684919302,20850160572,17447707584,14462406895,11872203033,9649813631,7764328062,6182701380,4871075534,3795912506,2924916203,2227743311,1676509437,1246105303,914351723,662007128,472675041,332617797,230524274,157232831,105453010,69477464,44919489,28463555,17652869,10697638,6323006,3636927,2030697,1097118,571607,285790,136502,61823,26380,10489,3848,1276,380,98,20,4"
KpH?GCCO??_@,"0,0,0,0,0,1,8,45,207,795,2597,7594,20062,48992,111532,239791,489627,956807,1797151,3260488,5730417,9789275,16289402,26462910,42038658,65411541,99812415,149547327,220218743,319025797,455016601,639418757,885870556,1210721003,1633160303,2175393560,2862565389,3722699586,4786298453,6085940627,7655470050,9529179178,11740558820,14321081366,17298572502,20695710912,24528208477,28803252852,33517785881,38657215865,44194156066,50087762198,56283290944,62712373031,69293646888,75934148612,82531109048,88974419942,95149453333,100940338539,106233417750,110920853933,114904163754,118097553142,120430903758,121852241290,122329617036,121852241290,120430903758,118097553142,114904163754,110920853933,106233417750,100940338539,95149453333,88974419942,82531109048,75934148612,69293646888,62712373031,56283290944,50087762198,44194156066,38657215865,33517785881,28803252852,24528208477,20695710912,17298572502,14321081366,11740558820,9529179178,7655470050,6085940627,4786298453,3722699586,2862565389,2175393560,1633160303,1210721003,885870556,639418757,455016601,319025797,220218743,149547327,99812415,65411541,42038658,26462910,16289402,9789275,5730417,3260488,1797151,956807,489627,239791,111532,48992,20062,7594,2597,795,207,45,8,1"
KpH?GCCO??_A,"0,0,0,0,0,0,7,47,235,884,2891,8281,21669,52264,118035,251745,511127,993425,1858308,3358673,5885015,10025393,16643525,26980789,42783419,66459621,101264281,151520603,222860912,322503029,459528038,645178911,893124468,1219718569,1644171098,2188672020,2878365302,3741229593,4807737064,6110383867,7682948637,9559602050,11773736254,14356668690,17336103781,20734548838,24567592224,28842259869,33555396092,38692288178,44225509168,50114165032,56303555964,62725356675,69298346857,75929706972,82516903585,88950059440,95114852750,100895697174,106179269244,110858021611,114833781268,118020994669,120349778100,121768300928,122244733016,121768300928,120349778100,118020994669,114833781268,110858021611,106179269244,100895697174,95114852750,88950059440,82516903585,75929706972,69298346857,62725356675,56303555964,50114165032,44225509168,38692288178,33555396092,28842259869,24567592224,20734548838,17336103781,14356668690,11773736254,9559602050,7682948637,6110383867,4807737064,3741229593,2878365302,2188672020,1644171098,1219718569,893124468,645178911,459528038,322503029,222860912,151520603,101264281,66459621,42783419,26980789,16643525,10025393,5885015,3358673,1858308,993425,511127,251745,118035,52264,21669,8281,2891,884,235,47,7"
KpH?GCCO??g?,"0,0,0,0,0,1,11,59,263,965,3055,8707,22552,54158,121765,258991,524201,1016775,1897906,3424483,5990584,10191372,16896842,27360342,43338302,67256483,102384646,153069893,224962979,325310905,463214412,649946589,899191928,1227329762,1653572724,2200122673,2892104473,3757484675,4826684872,6132157532,7707592127,9587080774,11803889193,14389225523,17370639554,20770513850,24604273451,28878827726,33590877769,38725632244,44255571841,50139793239,56323582855,62738697023,69303996946,75926843121,82504876927,88928487966,95083600266,100854948151,106129484776,110799990081,114768546738,117949881706,120274294302,121690139987,122165659300,121690139987,120274294302,117949881706,114768546738,110799990081,106129484776,100854948151,95083600266,88928487966,82504876927,75926843121,69303996946,62738697023,56323582855,50139793239,44255571841,38725632244,33590877769,28878827726,24604273451,20770513850,17370639554,14389225523,11803889193,9587080774,7707592127,6132157532,4826684872,3757484675,2892104473,2200122673,1653572724,1227329762,899191928,649946589,463214412,325310905,224962979,153069893,102384646,67256483,43338302,27360342,16896842,10191372,5990584,3424483,1897906,1016775,524201,258991,121765,54158,22552,8707,3055,965,263,59,11,1"
KpH?GCCOA?G?,"0,0,0,0,1,7,37,147,530,1649,4729,12353,30177,69032,149716,308991,611036,1161938,2134613,3799003,6570205,11066247,18191587,29235489,46006031,70979799,107496535,159967832,234129184,337298148,478664562,669562765,923751950,1257640209,1690473719,2244421176,2944569716,3818760827,4897279628,6212339920,7797380825,9686138442,11911522307,14504289302,17491563499,20895234513,24730298435,29003211469,33710331621,38836550407,44354187781,50222252071,56386131697,62777789041,69316491541,75910116949,82457004012,88848325811,94970918210,100710459594,105954898313,110597969122,114542671832,117704532061,120014528753,121421513526,121894046088,121421513526,120014528753,117704532061,114542671832,110597969122,105954898313,100710459594,94970918210,88848325811,82457004012,75910116949,69316491541,62777789041,56386131697,50222252071,44354187781,38836550407,33710331621,29003211469,24730298435,20895234513,17491563499,14504289302,11911522307,9686138442,7797380825,6212339920,4897279628,3818760827,2944569716,2244421176,1690473719,1257640209,923751950,669562765,478664562,337298148,234129184,159967832,107496535,70979799,46006031,29235489,18191587,11066247,6570205,3799003,2134613,1161938,611036,308991,149716,69032,30177,12353,4729,1649,530,147,37,7,1"
KpH?GD??G?g?,"0,0,0,0,1,4,27,94,369,1140,3451,9269,23517,55302,123245,259822,524032,1012680,1887281,3400193,5944758,10108039,16757735,27133828,42987612,66725202,101607575,151954722,223405738,323173766,460347098,646161460,894292813,1221085417,1645754769,2190478771,2880405882,3743498895,4810233387,6113088469,7685842648,9562649502,11776901056,14359896445,17339340508,20737726468,24570640724,28845101540,33557954807,38694482467,44227263181,50115408037,56304219812,62725388284,69297700271,75928353143,82514823229,88947259372,95111341906,100891517666,106174465492,110852665008,114827944615,118014780458,120343276728,121761632377,122238003118,121761632377,120343276728,118014780458,114827944615,110852665008,106174465492,100891517666,95111341906,88947259372,82514823229,75928353143,69297700271,62725388284,56304219812,50115408037,44227263181,38694482467,33557954807,28845101540,24570640724,20737726468,17339340508,14359896445,11776901056,9562649502,7685842648,6113088469,4810233387,3743498895,2880405882,2190478771,1645754769,1221085417,894292813,646161460,460347098,323173766,223405738,151954722,101607575,66725202,42987612,27133828,16757735,10108039,5944758,3400193,1887281,1012680,524032,259822,123245,55302,23517,9269,3451,1140,369,94,27,4,1"
KpH?GD??G@?C,"0,0,0,0,0,2,14,78,322,1126,3485,9606,24487,57821,128558,270655,544078,1048559,1948309,3500972,6105126,10357080,17133669,27689011,43788832,67859143,103180926,154099576,226278646,326959566,465255814,652429786,902176933,1230858024,1657694352,2204860102,2897484634,3763498087,4833322638,6139366335,7715317731,9595219544,11812336900,14397828340,17379247578,20778931630,24612317627,28886278893,33597538816,38731283438,44260028073,50142860369,56325112730,62738546518,69302076860,75923080684,82499257677,88921020365,95074350716,100844008409,106116998957,110786124890,114753512260,117933903880,120257631003,121673055351,122148436150,121673055351,120257631003,117933903880,114753512260,110786124890,106116998957,100844008409,95074350716,88921020365,82499257677,75923080684,69302076860,62738546518,56325112730,50142860369,44260028073,38731283438,33597538816,28886278893,24612317627,20778931630,17379247578,14397828340,11812336900,9595219544,7715317731,6139366335,4833322638,3763498087,2897484634,2204860102,1657694352,1230858024,902176933,652429786,465255814,326959566,226278646,154099576,103180926,67859143,43788832,27689011,17133669,10357080,6105126,3500972,1948309,1048559,544078,270655,128558,57821,24487,9606,3485,1126,322,78,14,2"
KpH?GD??G@G?,"0,0,0,0,0,3,15,79,313,1077,3327,9215,23582,55976,125043,264299,533129,1030489,1919354,3456067,6037390,10257498,16990500,27487848,43511742,67484861,102684314,153452331,225448541,325912457,463955146,650838573,900258622,1228579464,1655025422,2201778907,2893977117,3759561661,4828967500,6134619104,7710218551,9589828150,11806728757,14392095937,17373498088,20773287548,24606908157,28881244158,33593020259,38727420948,44256955939,50140705345,56323982297,62738534383,69303253144,75925490219,82502919235,88925927226,95080462550,100851262503,106125303884,110795363323,114763546384,117944579504,120268773018,121684483043,122159960300,121684483043,120268773018,117944579504,114763546384,110795363323,106125303884,100851262503,95080462550,88925927226,82502919235,75925490219,69303253144,62738534383,56323982297,50140705345,44256955939,38727420948,33593020259,28881244158,24606908157,20773287548,17373498088,14392095937,11806728757,9589828150,7710218551,6134619104,4828967500,3759561661,2893977117,2201778907,1655025422,1228579464,900258622,650838573,463955146,325912457,225448541,153452331,102684314,67484861,43511742,27487848,16990500,10257498,6037390,3456067,1919354,1030489,533129,264299,125043,55976,23582,9215,3327,1077,313,79,15,3"
KpH?GD??I??@,"0,0,0,0,0,1,10,53,241,887,2837,8160,21280,51472,116378,248767,505693,984579,1843613,3336038,5850225,9974501,16569440,26877302,42639688,66266657,101007129,151187403,222432863,321966641,458861887,644369945,892151200,1218571705,1642832813,2187140954,2876631305,3739303456,4805620481,6108103165,7680519894,9557068214,11771127994,14354044910,17333507162,20732049300,24565239595,28840128462,33553535775,38690769567,44224373728,50113472134,56303332344,62725643263,69299150830,75931047644,82518766150,88952440840,95117717371,100899021449,106182999824,110862117893,114838176296,118025636310,120354590344,121773224084,122249687040,121773224084,120354590344,118025636310,114838176296,110862117893,106182999824,100899021449,95117717371,88952440840,82518766150,75931047644,69299150830,62725643263,56303332344,50113472134,44224373728,38690769567,33553535775,28840128462,24565239595,20732049300,17333507162,14354044910,11771127994,9557068214,7680519894,6108103165,4805620481,3739303456,2876631305,2187140954,1642832813,1218571705,892151200,644369945,458861887,321966641,222432863,151187403,101007129,66266657,42639688,26877302,16569440,9974501,5850225,3336038,1843613,984579,505693,248767,116378,51472,21280,8160,2837,887,241,53,10,1"
KpH?GD??I?G?,"0,0,0,0,1,6,34,132,487,1518,4401,11582,28525,65638,143232,296956,589814,1125592,2074444,3702054,6418357,10833648,17843755,28725756,45274122,69948310,106069072,158025520,231530244,333875090,474225515,663891902,916613307,1248782100,1679637608,2231350298,2929022242,3800524578,4876188330,6188291576,7770356105,9656218658,11878905681,14469306246,17454684238,20857075700,24691620018,28964909168,33673419139,38802136796,44323443710,50196373564,56366294251,62765101452,69311946017,75914541812,82471017542,88872298478,95004941309,100754325520,106008091830,110659671754,114611780605,117779689980,120094167742,121503906456,121977368298,121503906456,120094167742,117779689980,114611780605,110659671754,106008091830,100754325520,95004941309,88872298478,82471017542,75914541812,69311946017,62765101452,56366294251,50196373564,44323443710,38802136796,33673419139,28964909168,24691620018,20857075700,17454684238,14469306246,11878905681,9656218658,7770356105,6188291576,4876188330,3800524578,2929022242,2231350298,1679637608,1248782100,916613307,663891902,474225515,333875090,231530244,158025520,106069072,69948310,45274122,28725756,17843755,10833648,6418357,3702054,2074444,1125592,589814,296956,143232,65638,28525,11582,4401,1518,487,132,34,6,1"
KpH?GD?OA?G?,"0,0,0,1,3,24,77,309,924,2712,7088,17544,40531,89132,186437,374162,721966,1345848,2430026,4262551,7279245,12128177,19747893,31473435,49163481,75358081,113464466,167973361,244699932,351048008,496286741,691827220,951486896,1291715963,1731769693,2293793227,3002801717,3886516916,4975043931,6300358905,7895599930,9794145249,12028493445,14628949618,17622157551,21029517494,24865548774,29136266473,33837649231,38954295767,44458344083,50308752441,56451007572,62817328710,69327402805,75889686670,82403242823,88760095465,94848027648,100553729138,105766180172,110380131139,114299530575,117440751811,119735473794,121133076645,121602444040,121133076645,119735473794,117440751811,114299530575,110380131139,105766180172,100553729138,94848027648,88760095465,82403242823,75889686670,69327402805,62817328710,56451007572,50308752441,44458344083,38954295767,33837649231,29136266473,24865548774,21029517494,17622157551,14628949618,12028493445,9794145249,7895599930,6300358905,4975043931,3886516916,3002801717,2293793227,1731769693,1291715963,951486896,691827220,496286741,351048008,244699932,167973361,113464466,75358081,49163481,31473435,19747893,12128177,7279245,4262551,2430026,1345848,721966,374162,186437,89132,40531,17544,7088,2712,924,309,77,24,3,1"
KpH?GGC@?G?_,"0,0,0,0,5,20,113,401,1294,3688,9648,23376,53033,114156,234214,460822,873569,1601885,2849087,4929236,8313354,13694100,22067298,34838362,53950589,82043498,122638000,180350717,261131579,372523581,523932449,726894533,995330746,1345761881,1797467324,2372557344,3095939294,3995142788,5099987194,6442063212,8054022552,9968660053,12217803947,14831018520,17834160666,21247826633,25085749227,29353214120,34045571641,39146931555,44629125592,50451021016,56558256103,62883462707,69347009448,75858294157,82317561895,88618226786,94649623174,100300096394,105460320773,110026708995,113904768917,117012261769,119282018873,120664285495,121128480536,120664285495,119282018873,117012261769,113904768917,110026708995,105460320773,100300096394,94649623174,88618226786,82317561895,75858294157,69347009448,62883462707,56558256103,50451021016,44629125592,39146931555,34045571641,29353214120,25085749227,21247826633,17834160666,14831018520,12217803947,9968660053,8054022552,6442063212,5099987194,3995142788,3095939294,2372557344,1797467324,1345761881,995330746,726894533,523932449,372523581,261131579,180350717,122638000,82043498,53950589,34838362,22067298,13694100,8313354,4929236,2849087,1601885,873569,460822,234214,114156,53033,23376,9648,3688,1294,401,113,20,5"
KpH?GGC@?GG?,"0,0,0,0,2,13,60,242,810,2453,6683,16916,39750,88363,186330,375679,727374,1358815,2456609,4312054,7366045,12272811,19979600,31832142,49702571,76147201,114592377,169550506,246860657,353952106,500120014,696800518,957832851,1299684527,1741620682,2305787033,3017186649,3903514771,4994833134,6323056848,7921244085,9822674908,12059732301,14662592001,17657758017,21066486314,24903152138,29173634620,33873792955,38988129804,44488718534,50334490814,56470949437,62830377164,69332573769,75886156213,82390391371,88737546643,94815679308,100511773774,105715113219,110320746240,114232901790,117368203873,119658539975,121053446830,121521904746,121053446830,119658539975,117368203873,114232901790,110320746240,105715113219,100511773774,94815679308,88737546643,82390391371,75886156213,69332573769,62830377164,56470949437,50334490814,44488718534,38988129804,33873792955,29173634620,24903152138,21066486314,17657758017,14662592001,12059732301,9822674908,7921244085,6323056848,4994833134,3903514771,3017186649,2305787033,1741620682,1299684527,957832851,696800518,500120014,353952106,246860657,169550506,114592377,76147201,49702571,31832142,19979600,12272811,7366045,4312054,2456609,1358815,727374,375679,186330,88363,39750,16916,6683,2453,810,242,60,13,2"
KpH?GGC@A??@,"0,0,0,0,0,6,26,142,506,1658,4775,12605,30771,70452,152492,314307,620319,1177795,2160276,3839547,6631900,11158120,18324490,29423950,46267025,71334693,107969490,160587665,234926970,338308877,479924193,671109420,925621898,1259868685,1693090461,2247450987,2948027381,3822651405,4901593880,6217055131,7802456763,9691518961,11917132481,14510038557,17497344272,20900926688,24735769513,29008322466,33714938351,38840510560,44357362854,50224514714,56387366905,62777901444,69315406176,75907785495,82453403333,88843462687,94964826960,100703205339,105946571736,110588688263,114532575541,117693781101,120003297638,121409990476,121882424188,121409990476,120003297638,117693781101,114532575541,110588688263,105946571736,100703205339,94964826960,88843462687,82453403333,75907785495,69315406176,62777901444,56387366905,50224514714,44357362854,38840510560,33714938351,29008322466,24735769513,20900926688,17497344272,14510038557,11917132481,9691518961,7802456763,6217055131,4901593880,3822651405,2948027381,2247450987,1693090461,1259868685,925621898,671109420,479924193,338308877,234926970,160587665,107969490,71334693,46267025,29423950,18324490,11158120,6631900,3839547,2160276,1177795,620319,314307,152492,70452,30771,12605,4775,1658,506,142,26,6"
KpH?GGC@A?G?,"0,0,0,0,2,10,48,190,634,1964,5465,14099,33828,76551,163979,335364,657382,1241213,2265260,4009139,6898436,11567843,18939833,30329626,47573116,73183770,110539661,164099792,239646321,344550190,488049860,681529868,938787720,1276263424,1713214580,2271804922,2977086520,3856839108,4941248620,6262395932,7853546815,9748229609,11979110960,14576678552,17567767393,20973969783,24809988972,29082007158,33786142816,38907098187,44417070063,50275021859,56426386996,62803269670,69325178982,75900332695,82427499373,88798361181,94900324057,100619678581,105844999050,110470638586,114400175358,117549653482,119850479564,121251829452,121722460404,121251829452,119850479564,117549653482,114400175358,110470638586,105844999050,100619678581,94900324057,88798361181,82427499373,75900332695,69325178982,62803269670,56426386996,50275021859,44417070063,38907098187,33786142816,29082007158,24809988972,20973969783,17567767393,14576678552,11979110960,9748229609,7853546815,6262395932,4941248620,3856839108,2977086520,2271804922,1713214580,1276263424,938787720,681529868,488049860,344550190,239646321,164099792,110539661,73183770,47573116,30329626,18939833,11567843,6898436,4009139,2265260,1241213,657382,335364,163979,76551,33828,14099,5465,1964,634,190,48,10,2"
KpH?GGCO??_A,"0,0,0,0,0,4,18,108,396,1354,4005,10786,26852,62514,137141,286116,570553,1092885,2020023,3614534,6280026,10621277,17523660,28254295,44592267,68981734,104722103,156182149,229047727,330586667,469935739,658382064,909639603,1240085255,1668945537,2218392885,2913539461,3782285842,4855005766,6164042870,7743000535,9625820348,11845647891,14433509679,17416816705,20817759545,24651629860,28925165711,33634970431,38766136099,44291114868,50168971320,56345057835,62751205548,69306446490,75918326150,82484755057,88896398861,95039520561,100799184709,106062705989,110723196277,114683067351,117857321745,120176501935,121589132865,122063570170,121589132865,120176501935,117857321745,114683067351,110723196277,106062705989,100799184709,95039520561,88896398861,82484755057,75918326150,69306446490,62751205548,56345057835,50168971320,44291114868,38766136099,33634970431,28925165711,24651629860,20817759545,17416816705,14433509679,11845647891,9625820348,7743000535,6164042870,4855005766,3782285842,2913539461,2218392885,1668945537,1240085255,909639603,658382064,469935739,330586667,229047727,156182149,104722103,68981734,44592267,28254295,17523660,10621277,6280026,3614534,2020023,1092885,570553,286116,137141,62514,26852,10786,4005,1354,396,108,18,4"
KpH?GGCO??g?,"0,0,0,0,0,3,18,94,378,1271,3867,10530,26509,62062,136985,286624,573031,1099335,2034193,3642084,6330521,10708190,17667455,28483056,44945282,69510600,105495062,157284947,230588042,332694195,472765405,662111766,914471445,1246239716,1676658417,2227905222,2925089830,3796095060,4871264734,6182893245,7764519365,9649999702,11872380446,14462570568,17447854236,20850285541,24685020017,28958662136,33667696952,38797114563,44319296077,50193266943,56364383054,62764520782,69312807663,75916927325,82474976535,88877842751,95012044955,100762922114,106018077285,110670903925,114624084603,117792860076,120107975085,121518103414,121991696758,121518103414,120107975085,117792860076,114624084603,110670903925,106018077285,100762922114,95012044955,88877842751,82474976535,75916927325,69312807663,62764520782,56364383054,50193266943,44319296077,38797114563,33667696952,28958662136,24685020017,20850285541,17447854236,14462570568,11872380446,9649999702,7764519365,6182893245,4871264734,3796095060,2925089830,2227905222,1676658417,1246239716,914471445,662111766,472765405,332694195,230588042,157284947,105495062,69510600,44945282,28483056,17667455,10708190,6330521,3642084,2034193,1099335,573031,286624,136985,62062,26509,10530,3867,1271,378,94,18,3"
KpH?GGCOA?G?,"0,0,0,0,2,11,48,196,638,1963,5452,14024,33613,76054,162924,333352,653748,1234918,2254850,3992544,6872733,11529209,18883209,30248585,47459677,73028256,110330483,163823568,239287921,344093016,487475968,680820662,937924594,1275228705,1711992232,2270381683,2975453015,3854991282,4939188470,6260132693,7851097524,9745620074,11976375689,14573860771,17564918467,20971148442,24807259929,29079439899,33783809169,38905070628,44415418901,50273813117,56425680257,62803116076,69325618457,75901392875,82429194272,88800690654,94903272576,100623215669,105849079658,110475204640,114405156544,117554969053,119856040084,121257539577,121728220732,121257539577,119856040084,117554969053,114405156544,110475204640,105849079658,100623215669,94903272576,88800690654,82429194272,75901392875,69325618457,62803116076,56425680257,50273813117,44415418901,38905070628,33783809169,29079439899,24807259929,20971148442,17564918467,14573860771,11976375689,9745620074,7851097524,6260132693,4939188470,3854991282,2975453015,2270381683,1711992232,1275228705,937924594,680820662,487475968,344093016,239287921,163823568,110330483,73028256,47459677,30248585,18883209,11529209,6872733,3992544,2254850,1234918,653748,333352,162924,76054,33613,14024,5452,1963,638,196,48,11,2"
KpH?GH??G@G?,"0,0,0,0,0,1,12,70,304,1087,3393,9474,24265,57620,128515,271296,546195,1054033,1959863,3523648,6146337,10428736,17252283,27879254,44083766,68304192,103834792,155038869,227597588,328775289,467706713,655678200,906406327,1236272960,1664511959,2213307806,2907787190,3775868108,4847945836,6156388001,7734821501,9617215574,11836741658,14424450456,17407776214,20808929663,24643214911,28917381838,33628037070,38760267407,44286516729,50165833769,56343544844,62751454520,69308561333,75922369657,82490751999,88904331293,95049324797,100810757394,106075904359,110737836175,114698936053,117874177590,120194078007,121607147820,122081734106,121607147820,120194078007,117874177590,114698936053,110737836175,106075904359,100810757394,95049324797,88904331293,82490751999,75922369657,69308561333,62751454520,56343544844,50165833769,44286516729,38760267407,33628037070,28917381838,24643214911,20808929663,17407776214,14424450456,11836741658,9617215574,7734821501,6156388001,4847945836,3775868108,2907787190,2213307806,1664511959,1236272960,906406327,655678200,467706713,328775289,227597588,155038869,103834792,68304192,44083766,27879254,17252283,10428736,6146337,3523648,1959863,1054033,546195,271296,128515,57620,24265,9474,3393,1087,304,70,12,1"
KpH?GH??I??@,"0,0,0,0,0,0,9,47,247,900,2945,8431,22037,53112,119973,255675,518851,1007845,1884012,3402825,5958545,10143885,16829457,27265083,43207941,67079569,102150937,152763655,224571370,324814615,462598608,649190067,898280394,1226242231,1652299150,2198646368,2890423148,3755590443,4824588000,6129862559,7705125665,9584462510,11801163234,14386427886,17367831165,20767743856,24601616066,28876340629,33588641520,38723705414,44254032796,50138692764,56322988500,62738643025,69304531837,75927978212,82506635765,88930854362,95086570044,100858476856,106133541212,110804503495,114773462672,117955109153,120279761586,121695742368,122171316280,121695742368,120279761586,117955109153,114773462672,110804503495,106133541212,100858476856,95086570044,88930854362,82506635765,75927978212,69304531837,62738643025,56322988500,50138692764,44254032796,38723705414,33588641520,28876340629,24601616066,20767743856,17367831165,14386427886,11801163234,9584462510,7705125665,6129862559,4824588000,3755590443,2890423148,2198646368,1652299150,1226242231,898280394,649190067,462598608,324814615,224571370,152763655,102150937,67079569,43207941,27265083,16829457,10143885,5958545,3402825,1884012,1007845,518851,255675,119973,53112,22037,8431,2945,900,247,47,9"
KpH?GH??I?G?,"0,0,0,0,0,4,22,108,420,1390,4153,11218,27966,65068,142815,297458,592339,1132657,2089669,3732074,6472520,10926881,17996504,28967879,45644985,70501652,106873027,159168037,233118469,336040381,477121125,667696452,921525615,1255021517,1687434695,2240942871,2940641457,3814386104,4892474060,6207136824,7791828729,9680304952,11905490679,14498161817,17485455085,20889274997,24724625694,28997971477,33705670637,38832614351,44351113592,50220167570,56385147185,62777996824,69317959566,75912889264,82461095317,88853723765,94977579995,100718315469,105963850087,110607894763,114553426053,117715952053,120026434957,121433716319,121906348106,121433716319,120026434957,117715952053,114553426053,110607894763,105963850087,100718315469,94977579995,88853723765,82461095317,75912889264,69317959566,62777996824,56385147185,50220167570,44351113592,38832614351,33705670637,28997971477,24724625694,20889274997,17485455085,14498161817,11905490679,9680304952,7791828729,6207136824,4892474060,3814386104,2940641457,2240942871,1687434695,1255021517,921525615,667696452,477121125,336040381,233118469,159168037,106873027,70501652,45644985,28967879,17996504,10926881,6472520,3732074,2089669,1132657,592339,297458,142815,65068,27966,11218,4153,1390,420,108,22,4"
KpH?GH?OA?G?,"0,0,0,0,3,14,67,251,822,2446,6614,16629,39032,86698,182927,369259,715907,1339089,2424234,4260697,7286930,12154259,19806426,31584957,49357471,75674957,113958389,168714649,245777780,352572413,498390065,694664779,955236101,1296573939,1737948750,2301514420,3012285942,3897973869,4988658596,6316276597,7913909664,9814863324,12051547187,14654162708,17649238357,21058051370,24894995630,29165964005,33866823137,38982076708,44483792370,50330888694,56468849563,62829931519,69333901928,75889340596,82395474155,88744526638,94824510393,100522364666,105727329616,110334413811,114247810625,117384112509,119675181486,121070535330,121539143398,121070535330,119675181486,117384112509,114247810625,110334413811,105727329616,100522364666,94824510393,88744526638,82395474155,75889340596,69333901928,62829931519,56468849563,50330888694,44483792370,38982076708,33866823137,29165964005,24894995630,21058051370,17649238357,14654162708,12051547187,9814863324,7913909664,6316276597,4988658596,3897973869,3012285942,2301514420,1737948750,1296573939,955236101,694664779,498390065,352572413,245777780,168714649,113958389,75674957,49357471,31584957,19806426,12154259,7286930,4260697,2424234,1339089,715907,369259,182927,86698,39032,16629,6614,2446,822,251,67,14,3"
KpH?I?@O??g?,"0,0,0,0,0,1,15,73,323,1153,3547,9933,25284,59854,133029,280125,562161,1082567,2008052,3603503,6273806,10628174,17554936,28330578,44739670,69241715,105145816,156843393,230033915,332015747,471941554,661133615,913320312,1244914072,1675145984,2226215859,2923221851,3794072981,4869100264,6180627468,7762177641,9647637768,11870034985,14460308167,17445717036,20848342750,24683312059,28957252100,33666615721,38796411180,44318984523,50193376851,56364909303,62765470901,69314157886,75918666165,82477065791,88880257608,95014740378,100765866799,106021225478,110674224241,114627535400,117796413682,120111595696,121521766733,121995370988,121521766733,120111595696,117796413682,114627535400,110674224241,106021225478,100765866799,95014740378,88880257608,82477065791,75918666165,69314157886,62765470901,56364909303,50193376851,44318984523,38796411180,33666615721,28957252100,24683312059,20848342750,17445717036,14460308167,11870034985,9647637768,7762177641,6180627468,4869100264,3794072981,2923221851,2226215859,1675145984,1244914072,913320312,661133615,471941554,332015747,230033915,156843393,105145816,69241715,44739670,28330578,17554936,10628174,6273806,3603503,2008052,1082567,562161,280125,133029,59854,25284,9933,3547,1153,323,73,15,1"
KpH?I?@OA?G?,"0,0,0,0,1,9,47,187,674,2063,5783,14873,35629,80152,171264,348703,681306,1282100,2333383,4118625,7070841,11831403,19334815,30907991,48404329,74354691,112161123,166305302,242598730,348438660,493094124,687974145,946902274,1286333873,1725537769,2286673124,2994777536,3877595755,4965263214,6289786532,7884338789,9782332306,12016301461,14616583686,17609852743,21017534067,24854165989,29125775237,33828344543,38946466731,44452265509,50304676215,56449153707,62817877555,69330489409,75895393789,82411598988,88771071643,94861537538,100569628942,105784273953,110400171772,114321228904,117463779503,119759473903,121157668206,121627235096,121157668206,119759473903,117463779503,114321228904,110400171772,105784273953,100569628942,94861537538,88771071643,82411598988,75895393789,69330489409,62817877555,56449153707,50304676215,44452265509,38946466731,33828344543,29125775237,24854165989,21017534067,17609852743,14616583686,12016301461,9782332306,7884338789,6289786532,4965263214,3877595755,2994777536,2286673124,1725537769,1286333873,946902274,687974145,493094124,348438660,242598730,166305302,112161123,74354691,48404329,30907991,19334815,11831403,7070841,4118625,2333383,1282100,681306,348703,171264,80152,35629,14873,5783,2063,674,187,47,9,1"
KpH?I@?OA?G?,"0,0,0,1,5,31,115,421,1296,3651,9407,22750,51486,110856,227682,448842,852437,1566255,2791233,4838427,8174602,13487707,21767608,34412951,53359231,81237605,121559902,178933872,259301050,370197169,521021812,723308334,990978205,1340556573,1791331468,2365427147,3087770605,3985916948,5089716177,6430794626,8041842809,9955697649,12204231021,14817049816,17820050527,21233865153,25072256661,29340533397,34034057771,39136941426,44621005976,50445097680,56554822858,62882770410,69349255380,75863614503,82326025926,88629832502,94664293723,100317680572,105480596171,110049387068,113929501852,117038650149,119309620789,120692627705,121157071370,120692627705,119309620789,117038650149,113929501852,110049387068,105480596171,100317680572,94664293723,88629832502,82326025926,75863614503,69349255380,62882770410,56554822858,50445097680,44621005976,39136941426,34034057771,29340533397,25072256661,21233865153,17820050527,14817049816,12204231021,9955697649,8041842809,6430794626,5089716177,3985916948,3087770605,2365427147,1791331468,1340556573,990978205,723308334,521021812,370197169,259301050,178933872,121559902,81237605,53359231,34412951,21767608,13487707,8174602,4838427,2791233,1566255,852437,448842,227682,110856,51486,22750,9407,3651,1296,421,115,31,5,1"
Kp_K?E?O??_@,"0,0,0,0,0,0,2,33,189,796,2737,8158,21729,53038,120656,258329,525415,1021969,1911541,3452682,6044890,10286446,17057283,27616793,43737809,67855097,103263684,154321965,226715818,327703447,466429861,654173161,904668376,1234285350,1662287389,2210839989,2905111910,3772992354,4844933119,6153256228,7731663104,9614054618,11833694135,14421538965,17405133831,20806561646,24641263782,28915823173,33627010256,38759709949,44286559069,50166365391,56344688625,62753053429,69310728989,75924911705,82493782598,88907625348,95053010311,100814593470,106080034146,110742017527,114703333598,117878548085,120198608830,121611599539,122086302608,121611599539,120198608830,117878548085,114703333598,110742017527,106080034146,100814593470,95053010311,88907625348,82493782598,75924911705,69310728989,62753053429,56344688625,50166365391,44286559069,38759709949,33627010256,28915823173,24641263782,20806561646,17405133831,14421538965,11833694135,9614054618,7731663104,6153256228,4844933119,3772992354,2905111910,2210839989,1662287389,1234285350,904668376,654173161,466429861,327703447,226715818,154321965,103263684,67855097,43737809,27616793,17057283,10286446,6044890,3452682,1911541,1021969,525415,258329,120656,53038,21729,8158,2737,796,189,33,2"
Kp_K?D??G?_C,"0,0,0,0,0,0,2,27,162,688,2403,7267,19591,48397,111165,240063,491840,962932,1811227,3287861,5781452,9876947,16435601,26694841,42398534,65949099,100601075,150670039,221791271,321173317,457906666,643222063,890807172,1217000732,1641043225,2185104511,2874375194,3736804296,4802929251,6105203680,7677490586,9553899189,11767927218,14350805079,17330364102,20728992801,24562428960,28837541479,33551348734,38688939162,44223084836,50112651748,56303166282,62726020959,69300252998,75932722220,82521184237,88955407841,95121393089,100903172099,106187773785,110867248409,114843802035,118031465021,120360754584,121779415913,122256035418,121779415913,120360754584,118031465021,114843802035,110867248409,106187773785,100903172099,95121393089,88955407841,82521184237,75932722220,69300252998,62726020959,56303166282,50112651748,44223084836,38688939162,33551348734,28837541479,24562428960,20728992801,17330364102,14350805079,11767927218,9553899189,7677490586,6105203680,4802929251,3736804296,2874375194,2185104511,1641043225,1217000732,890807172,643222063,457906666,321173317,221791271,150670039,100601075,65949099,42398534,26694841,16435601,9876947,5781452,3287861,1811227,962932,491840,240063,111165,48397,19591,7267,2403,688,162,27,2"
Kp_K?D??G?g?,"0,0,0,0,0,1,5,38,158,685,2277,6984,18805,46875,107912,234464,481606,946391,1783747,3245914,5716522,9782559,16297382,26502155,42129231,65587686,100115873,150040772,220976268,320149716,456623977,641658912,888907660,1214752182,1638390059,2182051722,2870874645,3732889041,4798566305,6100463954,7672361768,9548496849,11762261918,14345039538,17324528550,20723293103,24556906051,28832434821,33546695823,38684997848,44219871451,50110424553,56301902324,62725961438,69301319783,75935123965,82524776790,88960357539,95127485456,100910526990,106196109488,110876641118,114853913194,118042335465,120372004314,121791062478,122267677136,121791062478,120372004314,118042335465,114853913194,110876641118,106196109488,100910526990,95127485456,88960357539,82524776790,75935123965,69301319783,62725961438,56301902324,50110424553,44219871451,38684997848,33546695823,28832434821,24556906051,20723293103,17324528550,14345039538,11762261918,9548496849,7672361768,6100463954,4798566305,3732889041,2870874645,2182051722,1638390059,1214752182,888907660,641658912,456623977,320149716,220976268,150040772,100115873,65587686,42129231,26502155,16297382,9782559,5716522,3245914,1783747,946391,481606,234464,107912,46875,18805,6984,2277,685,158,38,5,1"
Kp_KCA?O??_@,"0,0,0,0,0,1,17,103,433,1507,4569,12411,30836,71400,155669,322173,637183,1211171,2221618,3947357,6813152,11452598,18787120,30132062,47321736,72871335,110157706,163643663,239110731,343937151,487360732,680776547,937981690,1275430762,1712379310,2271008179,2976364293,3856245551,4940827506,6262207792,7853634117,9748648258,11979890393,14577857895,17569349280,20975962018,24812356547,29084717408,33789118723,38910266238,44420313971,50278236127,56429431807,62806024919,69327503136,75902115973,82428625227,88798758462,94899927740,100618476139,105842992416,110467884517,114396745798,117545670174,119846072364,121247165865,121717704180,121247165865,119846072364,117545670174,114396745798,110467884517,105842992416,100618476139,94899927740,88798758462,82428625227,75902115973,69327503136,62806024919,56429431807,50278236127,44420313971,38910266238,33789118723,29084717408,24812356547,20975962018,17569349280,14577857895,11979890393,9748648258,7853634117,6262207792,4940827506,3856245551,2976364293,2271008179,1712379310,1275430762,937981690,680776547,487360732,343937151,239110731,163643663,110157706,72871335,47321736,30132062,18787120,11452598,6813152,3947357,2221618,1211171,637183,322173,155669,71400,30836,12411,4569,1507,433,103,17,1"
Kp_KC@??G?_C,"0,0,0,0,0,1,12,76,329,1177,3668,10219,25937,61261,135781,285118,570943,1097279,2031946,3640929,6330961,10713004,17678099,28505197,44982298,69571988,105587484,157423248,230782748,332966538,473130335,662596842,915094904,1247034269,1677643054,2229114403,2926539321,3797815318,4873261882,6185187313,7767099846,9652868687,11875504252,14465927715,17451383638,20853938573,24688708211,28962310693,33671194905,38800368719,44322182816,50195687434,56366216610,62765677556,69313187402,75916467384,82473613507,88875555735,95008821152,100758792740,106013085531,110665134714,114617633801,117785859381,120100562510,121510442245,121983948054,121510442245,120100562510,117785859381,114617633801,110665134714,106013085531,100758792740,95008821152,88875555735,82473613507,75916467384,69313187402,62765677556,56366216610,50195687434,44322182816,38800368719,33671194905,28962310693,24688708211,20853938573,17451383638,14465927715,11875504252,9652868687,7767099846,6185187313,4873261882,3797815318,2926539321,2229114403,1677643054,1247034269,915094904,662596842,473130335,332966538,230782748,157423248,105587484,69571988,44982298,28505197,17678099,10713004,6330961,3640929,2031946,1097279,570943,285118,135781,61261,25937,10219,3668,1177,329,76,12,1"
Kp_KC@??G?g?,"0,0,0,0,0,0,7,47,243,950,3114,9024,23575,56761,127724,271295,548097,1060618,1974974,3554556,6203449,10528710,17417660,28144001,44491335,68915861,104726266,156310211,229368049,331194543,470945186,659939207,911910516,1243269597,1673256514,2224070212,2920821766,3791419917,4866212468,6177522905,7758894052,9644211333,11866523414,14456764780,17442217318,20844952971,24680119908,28954329589,33664054532,38794280323,44317370219,50192335405,56364511794,62765752085,69315166017,75920407651,82479560560,88883480031,95018679925,100770466041,106026444770,110679977539,114633758134,117802997229,120118457854,121528784448,122002452772,121528784448,120118457854,117802997229,114633758134,110679977539,106026444770,100770466041,95018679925,88883480031,82479560560,75920407651,69315166017,62765752085,56364511794,50192335405,44317370219,38794280323,33664054532,28954329589,24680119908,20844952971,17442217318,14456764780,11866523414,9644211333,7758894052,6177522905,4866212468,3791419917,2920821766,2224070212,1673256514,1243269597,911910516,659939207,470945186,331194543,229368049,156310211,104726266,68915861,44491335,28144001,17417660,10528710,6203449,3554556,1974974,1060618,548097,271295,127724,56761,23575,9024,3114,950,243,47,7"
Kp_KA?@?GA?@,"0,0,0,0,0,0,2,27,167,710,2464,7425,19967,49151,112635,242731,496493,970666,1823761,3307369,5811188,9920907,16499292,26784787,42523299,66118445,100827173,150966105,222172971,321656863,458510341,643963527,891705064,1218071340,1642302279,2186563269,2876042296,3738681412,4805013423,6107483086,7679947245,9556505001,11770647099,14353594051,17333171010,20731758417,24565089708,28840028751,33553592910,38690870292,44224635886,50113760112,56303776001,62726085391,69299735571,75931599482,82519444517,88953054881,95118442930,100899657123,106183737378,110862748905,114838905850,118026251271,120355306984,121773827183,122250398164,121773827183,120355306984,118026251271,114838905850,110862748905,106183737378,100899657123,95118442930,88953054881,82519444517,75931599482,69299735571,62726085391,56303776001,50113760112,44224635886,38690870292,33553592910,28840028751,24565089708,20731758417,17333171010,14353594051,11770647099,9556505001,7679947245,6107483086,4805013423,3738681412,2876042296,2186563269,1642302279,1218071340,891705064,643963527,458510341,321656863,222172971,150966105,100827173,66118445,42523299,26784787,16499292,9920907,5811188,3307369,1823761,970666,496493,242731,112635,49151,19967,7425,2464,710,167,27,2"
Kp_KA?@?GA?G,"0,0,0,0,0,1,12,72,314,1123,3497,9771,24883,58959,131089,276096,554364,1068093,1982378,3559381,6200613,10510200,17370092,28048009,44317861,68625656,104264880,155607954,228333662,329716924,468886950,657141620,908186986,1238415837,1667045932,2216271003,2911194145,3779740970,4852275184,6161169215,7740013713,9622780463,11842598833,14430525273,17413949678,20815090643,24649213949,28923080315,33633264341,38764875793,44290334240,50168719258,56345348629,62752064040,69307866175,75920308596,82487272819,88899432035,95043025373,100803124862,106067026774,110727849914,114687991712,117862462891,120181795170,121594520789,122068987324,121594520789,120181795170,117862462891,114687991712,110727849914,106067026774,100803124862,95043025373,88899432035,82487272819,75920308596,69307866175,62752064040,56345348629,50168719258,44290334240,38764875793,33633264341,28923080315,24649213949,20815090643,17413949678,14430525273,11842598833,9622780463,7740013713,6161169215,4852275184,3779740970,2911194145,2216271003,1667045932,1238415837,908186986,657141620,468886950,329716924,228333662,155607954,104264880,68625656,44317861,28048009,17370092,10510200,6200613,3559381,1982378,1068093,554364,276096,131089,58959,24883,9771,3497,1123,314,72,12,1"
Kp_KA?@?GAG?,"0,0,0,0,0,0,2,28,168,720,2508,7564,20346,50080,114726,247042,504922,986252,1851462,3354698,5889514,10046398,16695252,27082800,42966454,66762540,101744874,152247660,223930662,324024254,461646044,648047758,896941888,1224680732,1650519216,2196624568,2888181980,3753112070,4821917616,6126990308,7702123074,9581326638,11797993898,14383225422,17364721964,20764726086,24598838454,28873790102,33586482798,38721905170,44252763636,50137892460,56322830048,62739027608,69305627048,75929644734,82509031326,88933798054,95090208162,100862589972,106138264284,110809584694,114779027172,117960880100,120285858098,121701872168,122177594780,121701872168,120285858098,117960880100,114779027172,110809584694,106138264284,100862589972,95090208162,88933798054,82509031326,75929644734,69305627048,62739027608,56322830048,50137892460,44252763636,38721905170,33586482798,28873790102,24598838454,20764726086,17364721964,14383225422,11797993898,9581326638,7702123074,6126990308,4821917616,3753112070,2888181980,2196624568,1650519216,1224680732,896941888,648047758,461646044,324024254,223930662,152247660,101744874,66762540,42966454,27082800,16695252,10046398,5889514,3354698,1851462,986252,504922,247042,114726,50080,20346,7564,2508,720,168,28,2"
Kp_KA?@?I??@,"0,0,0,0,0,0,2,27,157,672,2351,7128,19279,47740,109862,237671,487689,955887,1799779,3269866,5753974,9835916,16376061,26610061,42280577,65788081,100385534,150386155,221424282,320706175,457321789,642500547,889930946,1215951502,1639805895,2183665295,2872725544,3734939702,4800852627,6102923746,7675025686,9551274432,11765178069,14347974461,17327504269,20726161956,24559692778,28834969043,33549012382,38686911183,44221435881,50111447697,56302466803,62725877051,69300704381,75933796967,82522895682,88957756220,95124361869,100906731640,106191877936,110871839819,114848808914,118036807761,120366342284,121785154279,122261823408,121785154279,120366342284,118036807761,114848808914,110871839819,106191877936,100906731640,95124361869,88957756220,82522895682,75933796967,69300704381,62725877051,56302466803,50111447697,44221435881,38686911183,33549012382,28834969043,24559692778,20726161956,17327504269,14347974461,11765178069,9551274432,7675025686,6102923746,4800852627,3734939702,2872725544,2183665295,1639805895,1215951502,889930946,642500547,457321789,320706175,221424282,150386155,100385534,65788081,42280577,26610061,16376061,9835916,5753974,3269866,1799779,955887,487689,237671,109862,47740,19279,7128,2351,672,157,27,2"
Kp_KA?@?I?G?,"0,0,0,0,0,1,10,54,244,921,2972,8586,22411,54170,122254,260674,528438,1025974,1915966,3457852,6049075,10289461,17055511,27608995,43716835,67818268,103198719,154223746,226565313,327493266,466132378,653779912,904142956,1233620169,1661438258,2209804889,2903840819,3771495550,4843159078,6151235157,7729347392,9611503006,11830866765,14418530383,17401914991,20803267156,24637875083,28912515163,33623769009,38756744972,44283851491,50164147635,56342922679,62751980166,69310275859,75925311479,82494913464,88909695862,95055838336,100818352563,106084478798,110747282228,114709114378,117884944207,120205271528,121618603291,122093273800,121618603291,120205271528,117884944207,114709114378,110747282228,106084478798,100818352563,95055838336,88909695862,82494913464,75925311479,69310275859,62751980166,56342922679,50164147635,44283851491,38756744972,33623769009,28912515163,24637875083,20803267156,17401914991,14418530383,11830866765,9611503006,7729347392,6151235157,4843159078,3771495550,2903840819,2209804889,1661438258,1233620169,904142956,653779912,466132378,327493266,226565313,154223746,103198719,67818268,43716835,27608995,17055511,10289461,6049075,3457852,1915966,1025974,528438,260674,122254,54170,22411,8586,2972,921,244,54,10,1"
Kp_KA?@?OA?G,"0,0,0,0,1,9,43,187,664,2013,5660,14458,34545,77645,165829,337589,660032,1243195,2265259,4003272,6881965,11530892,18869530,30204865,47365997,72853667,110035086,163350708,238567029,343031718,485964122,678723267,935087660,1271474887,1707129969,2264205076,2967754608,3845566329,4927852200,6246729830,7835522012,9727826873,11956399843,14551829818,17541066152,20945822880,24780927835,29052683705,33757321331,38879637204,44391898370,50253108984,56408705371,62790755611,69318690431,75900606316,82435109471,88813684390,94923509987,100650629255,105883359509,110515797076,114451277454,117605627107,119910071563,121313649014,121785032596,121313649014,119910071563,117605627107,114451277454,110515797076,105883359509,100650629255,94923509987,88813684390,82435109471,75900606316,69318690431,62790755611,56408705371,50253108984,44391898370,38879637204,33757321331,29052683705,24780927835,20945822880,17541066152,14551829818,11956399843,9727826873,7835522012,6246729830,4927852200,3845566329,2967754608,2264205076,1707129969,1271474887,935087660,678723267,485964122,343031718,238567029,163350708,110035086,72853667,47365997,30204865,18869530,11530892,6881965,4003272,2265259,1243195,660032,337589,165829,77645,34545,14458,5660,2013,664,187,43,9,1"
Kp_KA?@?OAG?,"0,0,0,0,0,1,13,71,320,1146,3562,9967,25396,60119,133598,281116,563935,1085468,2012793,3610690,6284600,10643578,17576738,28360153,44779292,69292898,105211225,156924219,230132448,332131890,472076376,661285021,913487147,1245090864,1675328314,2226394431,2923388900,3794215436,4869207347,6180683871,7762171876,9647555069,11869865775,14460041338,17445348705,20847870050,24682740354,28956589353,33665878056,38795618591,44318163678,50192557927,56364125554,62764757912,69313550188,75918198514,82476766201,88880151369,95014841335,100766185042,106021756372,110674959262,114628449773,117797481112,120112775186,121523019278,121996645706,121523019278,120112775186,117797481112,114628449773,110674959262,106021756372,100766185042,95014841335,88880151369,82476766201,75918198514,69313550188,62764757912,56364125554,50192557927,44318163678,38795618591,33665878056,28956589353,24682740354,20847870050,17445348705,14460041338,11869865775,9647555069,7762171876,6180683871,4869207347,3794215436,2923388900,2226394431,1675328314,1245090864,913487147,661285021,472076376,332131890,230132448,156924219,105211225,69292898,44779292,28360153,17576738,10643578,6284600,3610690,2012793,1085468,563935,281116,133598,60119,25396,9967,3562,1146,320,71,13,1"
Kp_KA?@?Q??@,"0,0,0,0,0,1,10,54,238,891,2854,8244,21547,52214,118112,252556,513226,998890,1869386,3380672,5924729,10095033,16758657,27166891,43071989,66897716,101908907,152450642,224169069,324310416,461971400,648426940,897359450,1225153573,1651023162,2197179621,2888752699,3753723258,4822521658,6127618551,7702715194,9581923560,11798522047,14383738915,17365134545,20765107710,24599090851,28874002511,33586544895,38721927214,44252623463,50137721371,56322493559,62738677902,69305116427,75929144009,82508379192,88933181144,95089451222,100861891975,106137436742,110808835740,114778157194,117960103517,120284966878,121701084025,122176697216,121701084025,120284966878,117960103517,114778157194,110808835740,106137436742,100861891975,95089451222,88933181144,82508379192,75929144009,69305116427,62738677902,56322493559,50137721371,44252623463,38721927214,33586544895,28874002511,24599090851,20765107710,17365134545,14383738915,11798522047,9581923560,7702715194,6127618551,4822521658,3753723258,2888752699,2197179621,1651023162,1225153573,897359450,648426940,461971400,324310416,224169069,152450642,101908907,66897716,43071989,27166891,16758657,10095033,5924729,3380672,1869386,998890,513226,252556,118112,52214,21547,8244,2854,891,238,54,10,1"
Kp_KA?@?Q?G?,"0,0,0,0,0,0,5,45,230,905,3016,8761,22999,55615,125520,267226,541067,1048740,1955733,3524240,6157029,10459123,17316231,27998850,44288235,68636680,104350036,155811087,228717893,330359998,469891456,658627633,910303233,1241326551,1670942460,2221350810,2917672063,3787820662,4862158755,6173019968,7753966728,9638898065,11860885174,14450878361,17436182246,20838883810,24674151273,28948607134,33658736339,38789528625,44313349369,50189204066,56362418847,62764830756,69315527129,75922137485,82482712135,88888075131,95024699821,100777858801,106035116222,110689803474,114644575571,117814621149,120130672644,121541364089,122015152734,121541364089,120130672644,117814621149,114644575571,110689803474,106035116222,100777858801,95024699821,88888075131,82482712135,75922137485,69315527129,62764830756,56362418847,50189204066,44313349369,38789528625,33658736339,28948607134,24674151273,20838883810,17436182246,14450878361,11860885174,9638898065,7753966728,6173019968,4862158755,3787820662,2917672063,2221350810,1670942460,1241326551,910303233,658627633,469891456,330359998,228717893,155811087,104350036,68636680,44288235,27998850,17316231,10459123,6157029,3524240,1955733,1048740,541067,267226,125520,55615,22999,8761,3016,905,230,45,5"
Kp_KA?@O??g?,"0,0,0,0,0,0,2,30,170,736,2570,7728,20772,51098,116914,251530,513584,1002130,1879472,3402402,5968152,10172186,16891178,27380514,43408524,67404900,102659490,153524810,225681762,326383198,464770418,652118296,902161614,1231270812,1658713860,2206662368,2900296594,3767518482,4838798552,6146478414,7724284388,9606141834,11825342772,14412870790,17396298886,20797733894,24632640736,28907618948,33619452190,38753030194,44280988864,50162126106,56341984820,62752065120,69311603966,75927759806,82498669086,88914568226,95061975360,100825496204,106092737770,110756339124,114719044116,117895382846,120216269178,121629765954,122104638452,121629765954,120216269178,117895382846,114719044116,110756339124,106092737770,100825496204,95061975360,88914568226,82498669086,75927759806,69311603966,62752065120,56341984820,50162126106,44280988864,38753030194,33619452190,28907618948,24632640736,20797733894,17396298886,14412870790,11825342772,9606141834,7724284388,6146478414,4838798552,3767518482,2900296594,2206662368,1658713860,1231270812,902161614,652118296,464770418,326383198,225681762,153524810,102659490,67404900,43408524,27380514,16891178,10172186,5968152,3402402,1879472,1002130,513584,251530,116914,51098,20772,7728,2570,736,170,30,2"
Kp_I?C@?_?g?,"0,0,0,0,0,1,5,36,151,653,2175,6699,18097,45290,104583,227888,469263,924274,1745535,3182149,5613168,9619824,16047398,26127337,41579158,64797366,99001966,148500206,218882507,317352746,452947842,636904500,882852266,1207156604,1629002071,2170618402,2857150207,3716652447,4779633307,6078708910,7647732042,9521035456,11732120301,14312497066,17289999689,20687337804,24520226239,28795870777,33511209041,38651651117,44189796844,50084787450,56281857681,62712606916,69295647592,75937970530,82536779397,88981910772,95158713854,100951258521,106245871477,110934657296,114919127535,118113435141,120447469808,121869211578,122346733422,121869211578,120447469808,118113435141,114919127535,110934657296,106245871477,100951258521,95158713854,88981910772,82536779397,75937970530,69295647592,62712606916,56281857681,50084787450,44189796844,38651651117,33511209041,28795870777,24520226239,20687337804,17289999689,14312497066,11732120301,9521035456,7647732042,6078708910,4779633307,3716652447,2857150207,2170618402,1629002071,1207156604,882852266,636904500,452947842,317352746,218882507,148500206,99001966,64797366,41579158,26127337,16047398,9619824,5613168,3182149,1745535,924274,469263,227888,104583,45290,18097,6699,2175,653,151,36,5,1"
Kp_I?C@?_C?O,"0,0,0,0,0,1,15,85,371,1295,3960,10862,27300,63831,140504,293285,584675,1119376,2066746,3693804,6409790,10827267,17840737,28731234,45291292,69985789,106133171,158129675,231683950,334096981,474528700,664299613,917140392,1249454774,1680469454,2232367013,2930232835,3801948883,4877825018,6190150234,7772420268,9658482863,11881334663,14471876233,17457340249,20859776777,24694293743,28967499588,33675842233,38804329601,44325319318,50197871662,56367335055,62765636689,69311914564,75913917692,82469766110,88870422189,95002437603,100751229452,106004434344,110655518999,114607192440,117774758094,120088975088,121498561915,121971966644,121498561915,120088975088,117774758094,114607192440,110655518999,106004434344,100751229452,95002437603,88870422189,82469766110,75913917692,69311914564,62765636689,56367335055,50197871662,44325319318,38804329601,33675842233,28967499588,24694293743,20859776777,17457340249,14471876233,11881334663,9658482863,7772420268,6190150234,4877825018,3801948883,2930232835,2232367013,1680469454,1249454774,917140392,664299613,474528700,334096981,231683950,158129675,106133171,69985789,45291292,28731234,17840737,10827267,6409790,3693804,2066746,1119376,584675,293285,140504,63831,27300,10862,3960,1295,371,85,15,1"
Kp_I?C@?_CG?,"0,0,0,0,0,0,5,37,200,804,2698,7973,21143,51612,117393,251687,512456,998497,1870182,3383385,5931265,10107401,16780430,27201981,43126724,66978503,102025667,152613209,224391174,324605019,462356207,648917113,897974930,1225909685,1651939296,2198267768,2890028590,3755190809,4824188088,6129475593,7704757392,9584126778,11800865777,14386180874,17367638855,20767615632,24601553552,28876348065,33588717350,38723848656,44254238664,50138955558,56323301011,62738995339,69304916676,75928383568,82507055905,88931276496,95086991859,100858887208,106133942159,110804886705,114773834297,117955463215,120280108756,121696078670,122171654250,121696078670,120280108756,117955463215,114773834297,110804886705,106133942159,100858887208,95086991859,88931276496,82507055905,75928383568,69304916676,62738995339,56323301011,50138955558,44254238664,38723848656,33588717350,28876348065,24601553552,20767615632,17367638855,14386180874,11800865777,9584126778,7704757392,6129475593,4824188088,3755190809,2890028590,2198267768,1651939296,1225909685,897974930,648917113,462356207,324605019,224391174,152613209,102025667,66978503,43126724,27201981,16780430,10107401,5931265,3383385,1870182,998497,512456,251687,117393,51612,21143,7973,2698,804,200,37,5"
Kp_I?C@?a??@,"0,0,0,0,0,0,2,25,144,620,2185,6681,18201,45397,105049,228431,470686,926024,1749027,3186571,5620864,9629219,16062361,26145267,41605730,64828391,99045511,148549539,218948809,317425657,453042032,637004709,882977714,1207285414,1629158927,2170773315,2857334174,3716826110,4779835567,6078889446,7647939404,9521207307,11732316676,14312643007,17290168448,20687441007,24520352076,28795917527,33511281216,38651632996,44189809900,50084701948,56281812074,62712457723,69295549340,75937765984,82536637787,88981662339,95158540341,100950978155,106245676517,110934355721,114918919723,118113121597,120447255758,121868892553,122346517486,121868892553,120447255758,118113121597,114918919723,110934355721,106245676517,100950978155,95158540341,88981662339,82536637787,75937765984,69295549340,62712457723,56281812074,50084701948,44189809900,38651632996,33511281216,28795917527,24520352076,20687441007,17290168448,14312643007,11732316676,9521207307,7647939404,6078889446,4779835567,3716826110,2857334174,2170773315,1629158927,1207285414,882977714,637004709,453042032,317425657,218948809,148549539,99045511,64828391,41605730,26145267,16062361,9629219,5620864,3186571,1749027,926024,470686,228431,105049,45397,18201,6681,2185,620,144,25,2"
Kp_I?C@?a?G?,"0,0,0,0,0,1,8,48,215,831,2724,7979,21039,51319,116601,250092,509369,993027,1860736,3368207,5907219,10070954,16726263,27124133,43016652,66827218,101820706,152342054,224037512,324153354,461786837,648213078,897115342,1224878787,1650718236,2196845943,2888392989,3753340908,4822121506,6127206093,7702296968,9581506755,11798114652,14383348909,17364770436,20764777713,24598802847,28873763817,33586362183,38721805905,44252568188,50137735682,56322579510,62738836562,69305347468,75929445898,82508749275,88933615953,95089945964,100862441616,106138035129,110809476414,114778832913,117960807093,120285690150,121701819413,122177436546,121701819413,120285690150,117960807093,114778832913,110809476414,106138035129,100862441616,95089945964,88933615953,82508749275,75929445898,69305347468,62738836562,56322579510,50137735682,44252568188,38721805905,33586362183,28873763817,24598802847,20764777713,17364770436,14383348909,11798114652,9581506755,7702296968,6127206093,4822121506,3753340908,2888392989,2196845943,1650718236,1224878787,897115342,648213078,461786837,324153354,224037512,152342054,101820706,66827218,43016652,27124133,16726263,10070954,5907219,3368207,1860736,993027,509369,250092,116601,51319,21039,7979,2724,831,215,48,8,1"
Kp_I?C@O??_@,"0,0,0,0,0,1,5,35,147,627,2104,6468,17502,43913,101580,221837,457785,903376,1709018,3120810,5513046,9461229,15802725,25758984,41036792,64016081,97898207,146970623,216800410,314567663,449283056,632160317,876805140,1199566388,1619616052,2159182741,2843418245,3700403023,4760681822,6056929810,7623073122,9493540327,11701941481,14279915555,17255431455,20651344231,24483510801,28759275640,33475696905,38618286047,44159711552,50059147358,56261817861,62699264501,69289993674,75940839958,82548807908,89003491771,95189970323,100992017114,106295658416,110992695361,114984360926,118184551138,120522949218,121947372829,122425801264,121947372829,120522949218,118184551138,114984360926,110992695361,106295658416,100992017114,95189970323,89003491771,82548807908,75940839958,69289993674,62699264501,56261817861,50059147358,44159711552,38618286047,33475696905,28759275640,24483510801,20651344231,17255431455,14279915555,11701941481,9493540327,7623073122,6056929810,4760681822,3700403023,2843418245,2159182741,1619616052,1199566388,876805140,632160317,449283056,314567663,216800410,146970623,97898207,64016081,41036792,25758984,15802725,9461229,5513046,3120810,1709018,903376,457785,221837,101580,43913,17502,6468,2104,627,147,35,5,1"
Kp_I?C@O??_A,"0,0,0,0,0,0,4,31,171,690,2367,7075,19000,46944,107791,233200,478545,938737,1768562,3216503,5664568,9692829,16151393,26269398,41772691,65052692,99336957,148927621,219424631,318023743,453772077,637895401,884033997,1208537546,1630602603,2172437997,2859199934,3718919041,4782114897,6081375201,7650565788,9523988199,11735158277,14315555245,17293030194,20690262545,24522988259,28798386542,33513419562,38653475518,44191182861,50085665371,56282189819,62712343133,69294770807,75936455298,82534633306,88979136202,95155343644,100947321660,106241424659,110929752533,114913841292,118107837835,120441651045,121863253110,122340732250,121863253110,120441651045,118107837835,114913841292,110929752533,106241424659,100947321660,95155343644,88979136202,82534633306,75936455298,69294770807,62712343133,56282189819,50085665371,44191182861,38653475518,33513419562,28798386542,24522988259,20690262545,17293030194,14315555245,11735158277,9523988199,7650565788,6081375201,4782114897,3718919041,2859199934,2172437997,1630602603,1208537546,884033997,637895401,453772077,318023743,219424631,148927621,99336957,65052692,41772691,26269398,16151393,9692829,5664568,3216503,1768562,938737,478545,233200,107791,46944,19000,7075,2367,690,171,31,4"
Kp_I?C@O??g?,"0,0,0,0,0,1,7,44,194,765,2515,7458,19811,48711,111284,240082,491058,961195,1806879,3280446,5767554,9855277,16400034,26642811,42319831,65839796,100445501,150462676,221510164,320812580,457437385,642639976,890077192,1216123774,1639979899,2183865810,2872919671,3735159153,4801054439,6103148558,7675219046,9551487827,11765344942,14348159016,17327626928,20726301803,24559756431,28835052065,33549007471,38686931128,44221358887,50111404513,56302320700,62725776178,69300497511,75933648163,82522639558,88957571443,95124069454,100906522422,106191561208,110871615886,114848477516,118036576385,120366003566,121784919814,122261482548,121784919814,120366003566,118036576385,114848477516,110871615886,106191561208,100906522422,95124069454,88957571443,82522639558,75933648163,69300497511,62725776178,56302320700,50111404513,44221358887,38686931128,33549007471,28835052065,24559756431,20726301803,17327626928,14348159016,11765344942,9551487827,7675219046,6103148558,4801054439,3735159153,2872919671,2183865810,1639979899,1216123774,890077192,642639976,457437385,320812580,221510164,150462676,100445501,65839796,42319831,26642811,16400034,9855277,5767554,3280446,1806879,961195,491058,240082,111284,48711,19811,7458,2515,765,194,44,7,1"
Kp_I?C@OA?G?,"0,0,0,0,1,4,30,108,433,1350,4052,10785,26993,62695,138055,287972,575098,1101881,2037736,3646273,6336197,10714713,17675814,28492736,44957430,69524934,105513395,157307242,230617167,332731354,472814835,662176276,914557181,1246351702,1676805068,2228093758,2925330266,3796396012,4871636658,6183344642,7765058748,9650632429,11873109747,14463396220,17448770919,20851283293,24686082742,28959768498,33668819269,38798220725,44320348001,50194225239,56365204339,62765163714,69313230937,75917095717,82474858721,88877418169,95011300162,100761857387,106016702020,110669241738,114622167985,117790734982,120105693128,121515725292,121989285398,121515725292,120105693128,117790734982,114622167985,110669241738,106016702020,100761857387,95011300162,88877418169,82474858721,75917095717,69313230937,62765163714,56365204339,50194225239,44320348001,38798220725,33668819269,28959768498,24686082742,20851283293,17448770919,14463396220,11873109747,9650632429,7765058748,6183344642,4871636658,3796396012,2925330266,2228093758,1676805068,1246351702,914557181,662176276,472814835,332731354,230617167,157307242,105513395,69524934,44957430,28492736,17675814,10714713,6336197,3646273,2037736,1101881,575098,287972,138055,62695,26993,10785,4052,1350,433,108,30,4,1"
Kp_I?CA?_C?O,"0,0,0,0,1,11,49,231,784,2405,6619,16748,39446,87608,184769,372302,720790,1346174,2433996,4272392,7299849,12164726,19809233,31569670,49309195,75569846,113764686,168386324,245255999,351779128,497230546,693021227,952972021,1293530223,1733950949,2296372720,3005806122,3889960730,4978932094,6304680065,7900328751,9799236885,12033885847,14634560492,17627887866,21035251086,24871155734,29141604132,33842569097,38958645324,44461973853,50311519663,56452781293,62817994697,69326869641,75887887654,82400140166,88755681523,94842327473,100546800110,105758112130,110371042392,114289566510,117430080963,119724284400,121121570389,121590831834,121121570389,119724284400,117430080963,114289566510,110371042392,105758112130,100546800110,94842327473,88755681523,82400140166,75887887654,69326869641,62817994697,56452781293,50311519663,44461973853,38958645324,33842569097,29141604132,24871155734,21035251086,17627887866,14634560492,12033885847,9799236885,7900328751,6304680065,4978932094,3889960730,3005806122,2296372720,1733950949,1293530223,952972021,693021227,497230546,351779128,245255999,168386324,113764686,75569846,49309195,31569670,19809233,12164726,7299849,4272392,2433996,1346174,720790,372302,184769,87608,39446,16748,6619,2405,784,231,49,11,1"
Kp_I?CA?_CG?,"0,0,0,0,0,3,22,104,432,1436,4303,11590,28848,66838,146301,303684,603129,1150548,2118554,3776783,6540403,11026859,18140707,29170997,45925692,70881544,107378620,159828668,233967778,337114181,478458523,669336330,923507514,1257381691,1690205642,2244149925,2944301910,3818504480,4897042329,6212130637,7797207183,9686008731,11911442092,14504264786,17491596788,20895328268,24730450831,29003420185,33710590222,38836852487,44354522503,50222610226,56386499773,62778155649,69316843398,75910444208,82457295181,88848573698,94971115458,100710604153,105954988568,110598008533,114542663798,117704485565,120014452311,121421419409,121893945314,121421419409,120014452311,117704485565,114542663798,110598008533,105954988568,100710604153,94971115458,88848573698,82457295181,75910444208,69316843398,62778155649,56386499773,50222610226,44354522503,38836852487,33710590222,29003420185,24730450831,20895328268,17491596788,14504264786,11911442092,9686008731,7797207183,6212130637,4897042329,3818504480,2944301910,2244149925,1690205642,1257381691,923507514,669336330,478458523,337114181,233967778,159828668,107378620,70881544,45925692,29170997,18140707,11026859,6540403,3776783,2118554,1150548,603129,303684,146301,66838,28848,11590,4303,1436,432,104,22,3"
Kp_I?CA?a??@,"0,0,0,0,0,1,13,63,288,1013,3188,8946,23039,54976,123236,261240,527902,1022235,1906165,3436162,6007366,10214063,16927889,27400967,43391517,67323870,102469903,153174395,225090840,325463121,463394791,650155367,899432207,1227600118,1653875048,2200453617,2892463967,3757867150,4827088122,6132573927,7708017594,9587505889,11804307976,14389627945,17371018547,20770859293,24604578384,28879083277,33591077693,38725769819,44255642031,50139792481,56323507704,62738546973,69303770769,75926543876,82504505067,88928049536,95083096836,100854388485,106128871776,110799334145,114767851311,117949159186,120273548481,121689383620,122164896520,121689383620,120273548481,117949159186,114767851311,110799334145,106128871776,100854388485,95083096836,88928049536,82504505067,75926543876,69303770769,62738546973,56323507704,50139792481,44255642031,38725769819,33591077693,28879083277,24604578384,20770859293,17371018547,14389627945,11804307976,9587505889,7708017594,6132573927,4827088122,3757867150,2892463967,2200453617,1653875048,1227600118,899432207,650155367,463394791,325463121,225090840,153174395,102469903,67323870,43391517,27400967,16927889,10214063,6007366,3436162,1906165,1022235,527902,261240,123236,54976,23039,8946,3188,1013,288,63,13,1"
Kp_I?CA?a?G?,"0,0,0,0,0,2,14,74,316,1109,3473,9689,24838,58928,131424,277073,557331,1074296,1995389,3583488,6244370,10584019,17492522,28241305,44617425,69073809,104923110,156547852,229653226,331526417,471328203,660368418,912386679,1243781266,1673799322,2224625704,2921379587,3791955387,4866710401,6177954341,7759242161,9644447320,11866632625,14456723859,17442018912,20844585109,24679587197,28953636125,33663218939,38793323904,44316325210,50191238269,56363403308,62764678321,69314169029,75919534552,82478845039,88882960482,95018371865,100770390990,106026595189,110680353439,114634327396,117803739760,120119320626,121529732533,122003421400,121529732533,120119320626,117803739760,114634327396,110680353439,106026595189,100770390990,95018371865,88882960482,82478845039,75919534552,69314169029,62764678321,56363403308,50191238269,44316325210,38793323904,33663218939,28953636125,24679587197,20844585109,17442018912,14456723859,11866632625,9644447320,7759242161,6177954341,4866710401,3791955387,2921379587,2224625704,1673799322,1243781266,912386679,660368418,471328203,331526417,229653226,156547852,104923110,69073809,44617425,28241305,17492522,10584019,6244370,3583488,1995389,1074296,557331,277073,131424,58928,24838,9689,3473,1109,316,74,14,2"
Kp_I?CAO??_A,"0,0,0,0,0,1,11,55,253,895,2880,8166,21294,51341,116084,247871,504119,981262,1838072,3326262,5834884,9949793,16532753,26822214,42561430,66155445,100855507,150981163,222161704,321611995,458410818,643800347,891449194,1217713354,1641806128,2185923489,2875216619,3737675057,4803782190,6106049128,7678268780,9554629013,11768537199,14351328889,17330721439,20729237521,24562474387,28837467584,33551063327,38688550633,44222495602,50111997954,56302341897,62725187723,69299292318,75931815216,82520194886,88954530055,95120468473,100902399980,106186972450,110866616943,114843136608,118030962758,120360193456,121778990089,122255513416,121778990089,120360193456,118030962758,114843136608,110866616943,106186972450,100902399980,95120468473,88954530055,82520194886,75931815216,69299292318,62725187723,56302341897,50111997954,44222495602,38688550633,33551063327,28837467584,24562474387,20729237521,17330721439,14351328889,11768537199,9554629013,7678268780,6106049128,4803782190,3737675057,2875216619,2185923489,1641806128,1217713354,891449194,643800347,458410818,321611995,222161704,150981163,100855507,66155445,42561430,26822214,16532753,9949793,5834884,3326262,1838072,981262,504119,247871,116084,51341,21294,8166,2880,895,253,55,11,1"
Kp_I?CAO??g?,"0,0,0,0,0,0,5,37,189,768,2582,7672,20461,50197,114606,246631,503645,983706,1846194,3345860,5874031,10022408,16657174,27027225,42883993,66648115,101584010,152033275,223642473,323654329,461167708,647454171,896200866,1223789945,1649442986,2195369892,2886712008,3751449217,4820027402,6124916403,7699835936,9578896289,11795396852,14380561274,17361972062,20762019137,24596156480,28871288157,33584136614,38719889221,44251038335,50136642861,56321991446,62738786625,69305885209,75930580767,82510506848,88935977761,95092910713,100865961733,106142082902,110813977839,114783737644,117966020115,120291144436,121707406210,122183080032,121707406210,120291144436,117966020115,114783737644,110813977839,106142082902,100865961733,95092910713,88935977761,82510506848,75930580767,69305885209,62738786625,56321991446,50136642861,44251038335,38719889221,33584136614,28871288157,24596156480,20762019137,17361972062,14380561274,11795396852,9578896289,7699835936,6124916403,4820027402,3751449217,2886712008,2195369892,1649442986,1223789945,896200866,647454171,461167708,323654329,223642473,152033275,101584010,66648115,42883993,27027225,16657174,10022408,5874031,3345860,1846194,983706,503645,246631,114606,50197,20461,7672,2582,768,189,37,5"
Kp_I?CAOA?G?,"0,0,0,0,0,3,17,89,356,1230,3775,10394,26360,62042,137427,288234,577169,1108379,2052073,3675189,6388788,10806043,17826035,28731903,45324590,70074104,106312432,158444473,232199479,334890628,475704142,665974863,919463803,1252586420,1684598428,2237684311,2936949182,3810259604,4887926783,6202197099,7786541299,9674731576,11899710241,14492269846,17479561888,20883504367,24719111276,28992854111,33701093840,38828720326,44348038349,50218037182,56384072290,62778070312,69319251838,75915445957,82464934964,88858837108,94983928228,100725832077,105972441280,110617441848,114563787747,117726968600,120037930444,121445503878,121918233894,121445503878,120037930444,117726968600,114563787747,110617441848,105972441280,100725832077,94983928228,88858837108,82464934964,75915445957,69319251838,62778070312,56384072290,50218037182,44348038349,38828720326,33701093840,28992854111,24719111276,20883504367,17479561888,14492269846,11899710241,9674731576,7786541299,6202197099,4887926783,3810259604,2936949182,2237684311,1684598428,1252586420,919463803,665974863,475704142,334890628,232199479,158444473,106312432,70074104,45324590,28731903,17826035,10806043,6388788,3675189,2052073,1108379,577169,288234,137427,62042,26360,10394,3775,1230,356,89,17,3"
Kp_I?D??I??@,"0,0,0,0,0,0,2,27,142,624,2199,6753,18421,46041,106551,231817,477480,939132,1772777,3228133,5690660,9743035,16241911,26421715,42020184,65436329,99917397,149775723,220639385,319715465,456088302,640990421,888106642,1213782860,1637261273,2180725245,2869373220,3731174732,4796681377,6098373248,7670131942,9546096597,11759785666,14342459141,17321966830,20720721431,24554473650,28830106997,33544643054,38683171366,44218455442,50109347576,56301354166,62725840235,69301813078,75936093270,82526401133,88962459197,95130230721,100913699277,106199860947,110880721105,114858461143,118047074049,120377063284,121796147139,122272912014,121796147139,120377063284,118047074049,114858461143,110880721105,106199860947,100913699277,95130230721,88962459197,82526401133,75936093270,69301813078,62725840235,56301354166,50109347576,44218455442,38683171366,33544643054,28830106997,24554473650,20720721431,17321966830,14342459141,11759785666,9546096597,7670131942,6098373248,4796681377,3731174732,2869373220,2180725245,1637261273,1213782860,888106642,640990421,456088302,319715465,220639385,149775723,99917397,65436329,42020184,26421715,16241911,9743035,5690660,3228133,1772777,939132,477480,231817,106551,46041,18421,6753,2199,624,142,27,2"
Kp_I?D??I?G?,"0,0,0,0,0,1,10,60,265,999,3200,9153,23715,56945,127765,271126,547271,1058733,1970946,3547427,6190929,10508616,17385821,28096519,44421218,68816772,104587766,156123036,229117944,330869662,470527711,659415680,911261212,1242481923,1672311312,2222958795,2919529241,3789945728,4864550088,6175684095,7756884200,9642057549,11864245370,14454406315,17439812168,20842559909,24677784325,28952121443,33662025379,38792504273,44315897272,50191235608,56363825510,62765537270,69315445762,75921220384,82480906475,88885373677,95021095260,100773391568,106029828427,110683784056,114637913163,117807446263,120123109998,121533572171,122007276374,121533572171,120123109998,117807446263,114637913163,110683784056,106029828427,100773391568,95021095260,88885373677,82480906475,75921220384,69315445762,62765537270,56363825510,50191235608,44315897272,38792504273,33662025379,28952121443,24677784325,20842559909,17439812168,14454406315,11864245370,9642057549,7756884200,6175684095,4864550088,3789945728,2919529241,2222958795,1672311312,1242481923,911261212,659415680,470527711,330869662,229117944,156123036,104587766,68816772,44421218,28096519,17385821,10508616,6190929,3547427,1970946,1058733,547271,271126,127765,56945,23715,9153,3200,999,265,60,10,1"
Kp_I?D?OA?G?,"0,0,0,0,1,6,39,157,588,1861,5355,13940,33876,76926,165607,339114,665732,1257285,2295251,4061197,6986692,11710282,19164478,30672624,48085362,73929496,111604271,165586925,241686928,347298052,491688594,686266113,944856288,1283916339,1722720670,2283434316,2991105011,3873487618,4960731949,6284858702,7879058041,9776758680,12010512744,14610674209,17603932203,21011725509,24848603481,29120600190,33823701778,38942500426,44449114060,50302468507,56448003607,62817881604,69331721063,75897902400,82415405752,88776169994,94867890188,100577170530,105792909939,110409783214,114331671885,117474892047,119771076112,121169569577,121639236562,121169569577,119771076112,117474892047,114331671885,110409783214,105792909939,100577170530,94867890188,88776169994,82415405752,75897902400,69331721063,62817881604,56448003607,50302468507,44449114060,38942500426,33823701778,29120600190,24848603481,21011725509,17603932203,14610674209,12010512744,9776758680,7879058041,6284858702,4960731949,3873487618,2991105011,2283434316,1722720670,1283916339,944856288,686266113,491688594,347298052,241686928,165586925,111604271,73929496,48085362,30672624,19164478,11710282,6986692,4061197,2295251,1257285,665732,339114,165607,76926,33876,13940,5355,1861,588,157,39,6,1"
KpaCCA?O??_@,"0,0,0,0,1,11,63,269,930,2825,7739,19411,45315,99720,208520,416625,800168,1483114,2662645,4643271,7885237,13065941,21164911,33565473,52188123,79643461,119423959,176112400,255628320,365480980,515049138,715843081,981770818,1329345829,1777858363,2349441224,3069048310,3964272187,5065022126,6402996760,8010981359,9921920400,12167812087,14778398376,17779721045,21192556557,25030810387,29299919553,33995358565,39101322575,44589685009,50419302691,56535749041,62871531317,69346835177,75870819583,82343442580,88657788747,94702831652,100366536682,105539195677,110116848982,114004659242,117120080929,119395692457,120781548866,121246953724,120781548866,119395692457,117120080929,114004659242,110116848982,105539195677,100366536682,94702831652,88657788747,82343442580,75870819583,69346835177,62871531317,56535749041,50419302691,44589685009,39101322575,33995358565,29299919553,25030810387,21192556557,17779721045,14778398376,12167812087,9921920400,8010981359,6402996760,5065022126,3964272187,3069048310,2349441224,1777858363,1329345829,981770818,715843081,515049138,365480980,255628320,176112400,119423959,79643461,52188123,33565473,21164911,13065941,7885237,4643271,2662645,1483114,800168,416625,208520,99720,45315,19411,7739,2825,930,269,63,11,1"
KpaCC@??G?_C,"0,0,0,0,1,8,47,199,708,2181,6113,15612,37190,83278,177051,358900,698634,1310469,2378387,4187889,7174810,11983596,19552806,31213588,48824400,74921248,112912055,167283567,243852666,350020330,495059238,690379249,949803416,1289783051,1729581106,2291346534,3000104521,3883582394,4971896577,6297030348,7892133037,9790590212,12024910036,14625403529,17618720955,21026266255,24862560913,29133618886,33835417162,38952548836,44457145338,50308156453,56451057773,62818056794,69328828243,75891815208,82406066776,88763593818,94852166568,100558462894,105771452705,110385876010,114305673393,117447211111,119742163192,121139905393,121609320018,121139905393,119742163192,117447211111,114305673393,110385876010,105771452705,100558462894,94852166568,88763593818,82406066776,75891815208,69328828243,62818056794,56451057773,50308156453,44457145338,38952548836,33835417162,29133618886,24862560913,21026266255,17618720955,14625403529,12024910036,9790590212,7892133037,6297030348,4971896577,3883582394,3000104521,2291346534,1729581106,1289783051,949803416,690379249,495059238,350020330,243852666,167283567,112912055,74921248,48824400,31213588,19552806,11983596,7174810,4187889,2378387,1310469,698634,358900,177051,83278,37190,15612,6113,2181,708,199,47,8,1"
KpaCC@??G?g?,"0,0,0,0,0,4,28,134,530,1748,5120,13585,33260,76035,164300,337448,663569,1254996,2292911,4059701,6986818,11714138,19174065,30691809,48118283,73982674,111684590,165704305,241851512,347523185,491987675,686655412,945350955,1284533501,1723475135,2284341461,2992175751,3874731482,4962151858,6286454124,7880820108,9778673447,12012556711,14612818029,17606137500,21013948726,24850792974,29122700997,33825653995,38944244290,44450588847,50303617563,56448773407,62818226450,69331602638,75897293695,82414289728,88774542960,94865760480,100574560678,105789853963,110406327709,114327873111,117470816243,119766796353,121165165667,121634790590,121165165667,119766796353,117470816243,114327873111,110406327709,105789853963,100574560678,94865760480,88774542960,82414289728,75897293695,69331602638,62818226450,56448773407,50303617563,44450588847,38944244290,33825653995,29122700997,24850792974,21013948726,17606137500,14612818029,12012556711,9778673447,7880820108,6286454124,4962151858,3874731482,2992175751,2284341461,1723475135,1284533501,945350955,686655412,491987675,347523185,241851512,165704305,111684590,73982674,48118283,30691809,19174065,11714138,6986818,4059701,2292911,1254996,663569,337448,164300,76035,33260,13585,5120,1748,530,134,28,4"
KpaCA?@?GA?G,"0,0,0,0,1,8,44,178,632,1943,5457,14023,33669,75986,162802,332431,651456,1229512,2243939,3971084,6834455,11462507,18773008,30071555,47185136,72612927,109719828,162944860,238052472,342389627,485174435,677766416,933944298,1270128038,1705564946,2262411802,2965727549,3843306921,4925368635,6244039083,7832649293,9724806972,11953276113,14548654813,17537899816,20942732219,24777984671,29049963317,33754899962,38877590058,44390297162,50252019431,56408185378,62790852661,69319440623,75902031914,82437219023,88816470926,94926952267,100654690450,105887989674,110520932241,114456843144,117611537842,119916235096,121319966095,121791401684,121319966095,119916235096,117611537842,114456843144,110520932241,105887989674,100654690450,94926952267,88816470926,82437219023,75902031914,69319440623,62790852661,56408185378,50252019431,44390297162,38877590058,33754899962,29049963317,24777984671,20942732219,17537899816,14548654813,11953276113,9724806972,7832649293,6244039083,4925368635,3843306921,2965727549,2262411802,1705564946,1270128038,933944298,677766416,485174435,342389627,238052472,162944860,109719828,72612927,47185136,30071555,18773008,11462507,6834455,3971084,2243939,1229512,651456,332431,162802,75986,33669,14023,5457,1943,632,178,44,8,1"
KpaCA?@?GAG?,"0,0,0,0,0,1,13,79,346,1238,3838,10649,26946,63411,140122,293384,586031,1123690,2076725,3714364,6448196,10895098,17954558,28915253,45578344,70420818,106774499,159052943,232983078,335887662,476948084,667508427,921320487,1254807924,1687211128,2240721075,2940421182,3814181328,4892284449,6206978247,7791699616,9680221349,11905448627,14498175562,17485516769,20889396254,24724794206,28998194495,33705931412,38832916127,44351435662,50220510409,56385487774,62778333800,69318270572,75913173764,82461333513,88853917719,94977714635,100718397264,105963870132,110607864832,114553342827,117715832036,120026280162,121433546554,121906167954,121433546554,120026280162,117715832036,114553342827,110607864832,105963870132,100718397264,94977714635,88853917719,82461333513,75913173764,69318270572,62778333800,56385487774,50220510409,44351435662,38832916127,33705931412,28998194495,24724794206,20889396254,17485516769,14498175562,11905448627,9680221349,7791699616,6206978247,4892284449,3814181328,2940421182,2240721075,1687211128,1254807924,921320487,667508427,476948084,335887662,232983078,159052943,106774499,70420818,45578344,28915253,17954558,10895098,6448196,3714364,2076725,1123690,586031,293384,140122,63411,26946,10649,3838,1238,346,79,13,1"
KpaCA?@?I??@,"0,0,0,0,0,1,13,75,327,1167,3633,10103,25696,60698,134671,283013,567295,1090917,2021614,3624439,6305706,10674888,17622612,28425508,44871080,69419137,105382226,157151361,230430163,332515513,472563888,661894921,914239858,1246006212,1676427012,2227694479,2924906821,3795963195,4871192728,6182907222,7764626843,9650225484,11872726367,14463056351,17448471760,20851043716,24685897651,28959654360,33668767689,38798245252,44320437067,50194388801,56365428349,62765455017,69313573430,75917494383,82475296831,88877899172,95011808294,100762396051,106017256586,110669816601,114622750186,117791329436,120106288948,121516328283,121989885132,121516328283,120106288948,117791329436,114622750186,110669816601,106017256586,100762396051,95011808294,88877899172,82475296831,75917494383,69313573430,62765455017,56365428349,50194388801,44320437067,38798245252,33668767689,28959654360,24685897651,20851043716,17448471760,14463056351,11872726367,9650225484,7764626843,6182907222,4871192728,3795963195,2924906821,2227694479,1676427012,1246006212,914239858,661894921,472563888,332515513,230430163,157151361,105382226,69419137,44871080,28425508,17622612,10674888,6305706,3624439,2021614,1090917,567295,283013,134671,60698,25696,10103,3633,1167,327,75,13,1"
KpaCA?@?I?G?,"0,0,0,0,0,3,20,96,396,1353,4111,11214,28163,65788,144739,301814,601269,1149719,2120579,3785504,6561557,11070166,18220449,29308552,46150694,71235326,107915370,160619387,235101908,338702575,480633829,672254848,927347519,1262341832,1696500241,2252002232,2953935452,3830131996,4910852346,6228271465,7815771541,9707014852,11934819728,14529837668,17519072960,20924288575,24760350413,29033587356,33740240706,38865102277,44380417265,50245151249,56404687544,62791024542,69323511459,75910150937,82449450083,88832786775,94947233807,100678725968,105915480843,110551498703,114490033311,117646836400,119953077275,121357748668,121829500498,121357748668,119953077275,117646836400,114490033311,110551498703,105915480843,100678725968,94947233807,88832786775,82449450083,75910150937,69323511459,62791024542,56404687544,50245151249,44380417265,38865102277,33740240706,29033587356,24760350413,20924288575,17519072960,14529837668,11934819728,9707014852,7815771541,6228271465,4910852346,3830131996,2953935452,2252002232,1696500241,1262341832,927347519,672254848,480633829,338702575,235101908,160619387,107915370,71235326,46150694,29308552,18220449,11070166,6561557,3785504,2120579,1149719,601269,301814,144739,65788,28163,11214,4111,1353,396,96,20,3"
KpaCA?@?OA?G,"0,0,0,1,5,29,105,383,1148,3221,8274,19981,45346,98191,202815,402366,769243,1422810,2551899,4450580,7563018,12547110,20354165,32334423,50364131,77004031,115684405,170920690,248553711,356013221,502592896,699725466,961244133,1303607853,1746070204,2310763301,3022674143,3909479750,5001222573,6329798018,7928244658,9829824302,12066903187,14669643092,17664537956,21072838346,24908918357,29178661065,33877934769,38991255323,44490714015,50335263669,56470430460,62828522926,69329367814,75881608322,82384536861,88730444131,94807408436,100502432855,105704816875,110309621812,114221087224,117355845327,119645789275,121040459601,121508838738,121040459601,119645789275,117355845327,114221087224,110309621812,105704816875,100502432855,94807408436,88730444131,82384536861,75881608322,69329367814,62828522926,56470430460,50335263669,44490714015,38991255323,33877934769,29178661065,24908918357,21072838346,17664537956,14669643092,12066903187,9829824302,7928244658,6329798018,5001222573,3909479750,3022674143,2310763301,1746070204,1303607853,961244133,699725466,502592896,356013221,248553711,170920690,115684405,77004031,50364131,32334423,20354165,12547110,7563018,4450580,2551899,1422810,769243,402366,202815,98191,45346,19981,8274,3221,1148,383,105,29,5,1"
KpaCA?@?OAG?,"0,0,0,0,1,7,38,162,596,1862,5293,13766,33288,75543,162468,332695,653201,1234576,2255264,3993817,6876238,11535366,18894044,30265537,47485594,73065517,110383561,163896011,239385425,344220352,487639996,681027156,938181131,1275541276,1712367959,2270825798,2975971083,3855586021,4939861897,6260883736,7851923617,9746514639,11977329825,14574861697,17565950025,20972191397,24808292364,29080436403,33784743450,38905914130,44416142948,50274389485,56426082244,62803318175,69325600674,75901138348,82428692511,88799935694,94902266683,100621965917,105847602587,110473520648,114403294679,117552961758,119853926955,121255360351,121726020374,121255360351,119853926955,117552961758,114403294679,110473520648,105847602587,100621965917,94902266683,88799935694,82428692511,75901138348,69325600674,62803318175,56426082244,50274389485,44416142948,38905914130,33784743450,29080436403,24808292364,20972191397,17565950025,14574861697,11977329825,9746514639,7851923617,6260883736,4939861897,3855586021,2975971083,2270825798,1712367959,1275541276,938181131,681027156,487639996,344220352,239385425,163896011,110383561,73065517,47485594,30265537,18894044,11535366,6876238,3993817,2255264,1234576,653201,332695,162468,75543,33288,13766,5293,1862,596,162,38,7,1"
KpaCA?@?Q??@,"0,0,0,0,1,6,34,130,484,1525,4434,11710,28903,66609,145405,301493,598614,1141927,2103353,3751377,6499663,10963726,18046087,29032895,45729306,70608609,107007339,159333300,233319583,336280827,477405409,668026992,921905696,1255451884,1687916334,2241473812,2941219869,3815006573,4893131297,6207822151,7792533550,9681017463,11906199347,14498852565,17486114425,20889887780,24725178325,28998449109,33706060852,38832904405,44351293555,50220227826,56385081362,62777799443,69317628961,75912424775,82460500004,88853001513,94976738300,100717362285,105962796928,110606753405,114552210976,117714677818,120025118670,121432373907,121904997520,121432373907,120025118670,117714677818,114552210976,110606753405,105962796928,100717362285,94976738300,88853001513,82460500004,75912424775,69317628961,62777799443,56385081362,50220227826,44351293555,38832904405,33706060852,28998449109,24725178325,20889887780,17486114425,14498852565,11906199347,9681017463,7792533550,6207822151,4893131297,3815006573,2941219869,2241473812,1687916334,1255451884,921905696,668026992,477405409,336280827,233319583,159333300,107007339,70608609,45729306,29032895,18046087,10963726,6499663,3751377,2103353,1141927,598614,301493,145405,66609,28903,11710,4434,1525,484,130,34,6,1"
KpaCA?@?Q?G?,"0,0,0,0,0,2,17,99,408,1419,4303,11719,29315,68293,149671,311168,618084,1179013,2169660,3865528,6688131,11265722,18515169,29743629,46779336,72126848,109156083,162316700,237384420,341723409,484568735,677303731,933729278,1270292342,1706262883,2263821601,2968043284,3846736060,4930118251,6250308316,7840611511,9734598401,11964976779,14562276158,17553366293,20959872995,24796523257,29069516935,33774978358,38897607340,44409584035,50269847972,56423795238,62803485398,69328372769,75906614945,82436913972,88810883994,94915860316,100638064252,105866004839,110493974187,114425496632,117576569840,119878563265,121280624180,121751494356,121280624180,119878563265,117576569840,114425496632,110493974187,105866004839,100638064252,94915860316,88810883994,82436913972,75906614945,69328372769,62803485398,56423795238,50269847972,44409584035,38897607340,33774978358,29069516935,24796523257,20959872995,17553366293,14562276158,11964976779,9734598401,7840611511,6250308316,4930118251,3846736060,2968043284,2263821601,1706262883,1270292342,933729278,677303731,484568735,341723409,237384420,162316700,109156083,72126848,46779336,29743629,18515169,11265722,6688131,3865528,2169660,1179013,618084,311168,149671,68293,29315,11719,4303,1419,408,99,17,2"
KpaCA?@O??g?,"0,0,0,0,0,1,13,75,330,1208,3776,10531,26794,63303,140242,294264,588591,1129632,2089043,3738014,6490786,10968186,18075026,29107223,45874924,70866732,107428259,159989547,234296442,337692716,479381654,670730023,925511427,1260168804,1693956862,2249074313,2950603338,3826401212,4906724869,6223780521,7810946938,9701921947,11929519805,14524428608,17513644919,20918966886,24755247028,29028844779,33735980594,38861469021,44377525740,50243131207,56403630918,62791030156,69324633920,75912444786,82452922229,88837440291,94953022913,100685599664,105923342354,110560248474,114499531233,117656944338,119963623368,121368569294,121840407150,121368569294,119963623368,117656944338,114499531233,110560248474,105923342354,100685599664,94953022913,88837440291,82452922229,75912444786,69324633920,62791030156,56403630918,50243131207,44377525740,38861469021,33735980594,29028844779,24755247028,20918966886,17513644919,14524428608,11929519805,9701921947,7810946938,6223780521,4906724869,3826401212,2950603338,2249074313,1693956862,1260168804,925511427,670730023,479381654,337692716,234296442,159989547,107428259,70866732,45874924,29107223,18075026,10968186,6490786,3738014,2089043,1129632,588591,294264,140242,63303,26794,10531,3776,1208,330,75,13,1"
KpaCA?@OA?G?,"0,0,0,0,0,4,28,128,508,1700,4998,13284,32680,75056,162680,335028,660194,1250804,2288502,4056620,6987688,11723936,19200772,30748104,48222310,74160740,111972484,166150096,242517158,348487100,493345542,688522280,947860774,1287838036,1727740754,2289744836,2998897930,3882948824,4972026480,6298120864,7894374350,9794155572,12029940432,14631994388,17626906838,21036009884,24873743716,29146034876,33848770708,38966457668,44471150518,50321736216,56463650242,62829082696,69337720856,75898048080,82409187222,88763247544,94848124518,100550636864,105759912362,110370849028,114287545000,117426505976,119719526946,121116071608,121585081272,121116071608,119719526946,117426505976,114287545000,110370849028,105759912362,100550636864,94848124518,88763247544,82409187222,75898048080,69337720856,62829082696,56463650242,50321736216,44471150518,38966457668,33848770708,29146034876,24873743716,21036009884,17626906838,14631994388,12029940432,9794155572,7894374350,6298120864,4972026480,3882948824,2998897930,2289744836,1727740754,1287838036,947860774,688522280,493345542,348487100,242517158,166150096,111972484,74160740,48222310,30748104,19200772,11723936,6987688,4056620,2288502,1250804,660194,335028,162680,75056,32680,13284,4998,1700,508,128,28,4"
KpaA?C@?_CG?,"0,0,0,0,0,1,10,66,300,1098,3472,9778,25043,59521,132609,279493,561471,1081717,2007377,3602867,6273819,10628737,17557120,28334256,44746272,69250879,105159510,156860610,230056646,332041613,471972111,661164698,913352395,1244939991,1675164524,2226216501,2923201986,3794018725,4869007887,6180480998,7761974304,9647361929,11869686996,14459875064,17445205706,20847746804,24682647970,28956521910,33665846468,38795614341,44318197312,50192618345,56364222901,62764878613,69313704430,75918370724,82476967040,88880363807,95015076864,100766426080,106022015471,110675218741,114628723224,117797750849,120113055910,121523293440,121996928644,121523293440,120113055910,117797750849,114628723224,110675218741,106022015471,100766426080,95015076864,88880363807,82476967040,75918370724,69313704430,62764878613,56364222901,50192618345,44318197312,38795614341,33665846468,28956521910,24682647970,20847746804,17445205706,14459875064,11869686996,9647361929,7761974304,6180480998,4869007887,3794018725,2923201986,2226216501,1675164524,1244939991,913352395,661164698,471972111,332041613,230056646,156860610,105159510,69250879,44746272,28334256,17557120,10628737,6273819,3602867,2007377,1081717,561471,279493,132609,59521,25043,9778,3472,1098,300,66,10,1"
KpaA?C@?a??@,"0,0,0,0,0,1,9,55,242,907,2921,8404,21914,52975,119602,255247,517918,1006688,1882024,3400368,5954674,10139323,16822718,27257416,43197469,67067945,102135915,152747949,224552060,324795525,462576587,649170081,898258820,1226225882,1652283442,2198639509,2890420299,3755600635,4824605308,6129897142,7705169865,9584526851,11801238442,14386523937,17367936649,20767868171,24601745657,28876483780,33588782991,38723852405,44254168718,50138824474,56323098780,62738738777,69304596647,75928019718,82506639364,88930829091,95086503686,100858380494,106133405319,110804341689,114773267981,117954897066,120279527624,121695503251,122171068530,121695503251,120279527624,117954897066,114773267981,110804341689,106133405319,100858380494,95086503686,88930829091,82506639364,75928019718,69304596647,62738738777,56323098780,50138824474,44254168718,38723852405,33588782991,28876483780,24601745657,20767868171,17367936649,14386523937,11801238442,9584526851,7705169865,6129897142,4824605308,3755600635,2890420299,2198639509,1652283442,1226225882,898258820,649170081,462576587,324795525,224552060,152747949,102135915,67067945,43197469,27257416,16822718,10139323,5954674,3400368,1882024,1006688,517918,255247,119602,52975,21914,8404,2921,907,242,55,9,1"
KpaA?C@?a?G?,"0,0,0,0,0,0,6,48,242,945,3115,8991,23480,56562,127282,270337,546345,1057386,1969495,3545450,6188894,10505861,17383276,28092997,44417941,68811819,104582492,156114416,229107210,330851685,470503111,659376992,911208113,1242403422,1672205838,2222812088,2919338827,3789694825,4864236413,6175289757,7756409585,9641486672,11863584059,14453643429,17438962268,20841620687,24676781545,28951063677,33660950191,38791430808,44314873614,50190288801,56363009092,62764880477,69315000591,75921010986,82480974939,88885730422,95021764401,100774363802,106031105539,110685333711,114639713944,117809444632,120125265280,121535816155,122009557396,121535816155,120125265280,117809444632,114639713944,110685333711,106031105539,100774363802,95021764401,88885730422,82480974939,75921010986,69315000591,62764880477,56363009092,50190288801,44314873614,38791430808,33660950191,28951063677,24676781545,20841620687,17438962268,14453643429,11863584059,9641486672,7756409585,6175289757,4864236413,3789694825,2919338827,2222812088,1672205838,1242403422,911208113,659376992,470503111,330851685,229107210,156114416,104582492,68811819,44417941,28092997,17383276,10505861,6188894,3545450,1969495,1057386,546345,270337,127282,56562,23480,8991,3115,945,242,48,6"
KpaA?C@O??_@,"0,0,0,0,0,0,5,36,194,778,2615,7714,20506,50121,114186,245286,500416,976635,1832251,3319838,5828015,9944310,16529657,26825272,42573604,66183188,100904540,151062074,222283503,321789654,458657189,644134346,891886360,1218275491,1642509145,2186788919,2876257794,3738908635,4805214083,6107686417,7680105020,9556656835,11770734375,14353670051,17333166641,20731742617,24564982730,28839918488,33553388282,38690678622,44224354150,50113514516,56303450313,62725824056,69299406910,75931363006,82519152478,88952879139,95118218770,100899564799,106183595660,110862743642,114838842188,118026318412,120355299124,121773934943,122250410244,121773934943,120355299124,118026318412,114838842188,110862743642,106183595660,100899564799,95118218770,88952879139,82519152478,75931363006,69299406910,62725824056,56303450313,50113514516,44224354150,38690678622,33553388282,28839918488,24564982730,20731742617,17333166641,14353670051,11770734375,9556656835,7680105020,6107686417,4805214083,3738908635,2876257794,2186788919,1642509145,1218275491,891886360,644134346,458657189,321789654,222283503,151062074,100904540,66183188,42573604,26825272,16529657,9944310,5828015,3319838,1832251,976635,500416,245286,114186,50121,20506,7714,2615,778,194,36,5"
KpaA?C@O??_A,"0,0,0,0,0,1,10,60,268,977,3111,8799,22767,54535,122469,260070,526094,1019517,1902206,3430555,5999541,10203390,16913676,27382177,43367385,67293024,102431524,153126744,225033362,325393770,463313398,650059720,899322906,1227474823,1653735618,2200297747,2892294893,3757682758,4826893440,6132366801,7707805037,9587285739,11804089161,14389408129,17370808636,20770656127,24604394453,28878914609,33590937805,38725653415,44255563600,50139744532,56323505211,62738580384,69303854527,75926665878,82504679355,88928261101,95083359113,100854683836,106129212270,110799699952,114768253608,117949575927,120273990202,121689827099,122165351648,121689827099,120273990202,117949575927,114768253608,110799699952,106129212270,100854683836,95083359113,88928261101,82504679355,75926665878,69303854527,62738580384,56323505211,50139744532,44255563600,38725653415,33590937805,28878914609,24604394453,20770656127,17370808636,14389408129,11804089161,9587285739,7707805037,6132366801,4826893440,3757682758,2892294893,2200297747,1653735618,1227474823,899322906,650059720,463313398,325393770,225033362,153126744,102431524,67293024,43367385,27382177,16913676,10203390,5999541,3430555,1902206,1019517,526094,260070,122469,54535,22767,8799,3111,977,268,60,10,1"
KpaA?C@O??g?,"0,0,0,0,0,0,6,44,222,874,2897,8439,22200,53809,121749,259904,527406,1024451,1914062,3455201,6045832,10285205,17050483,27602612,43709656,67809394,103189031,154212274,226553265,327479350,466118436,653764146,904127850,1233603636,1661423288,2209788726,2903827438,3771481236,4843148624,6151224058,7729341031,9611495831,11830865360,14418527770,17401918721,20803269041,24637883522,28912520772,33623781536,38756753479,44283866893,50164157917,56342939836,62751991104,69310293820,75925322057,82494931209,88909705617,95055855549,100818361199,106084495148,110747289602,114709129896,117884950778,120205286560,121618609314,122093288600,121618609314,120205286560,117884950778,114709129896,110747289602,106084495148,100818361199,95055855549,88909705617,82494931209,75925322057,69310293820,62751991104,56342939836,50164157917,44283866893,38756753479,33623781536,28912520772,24637883522,20803269041,17401918721,14418527770,11830865360,9611495831,7729341031,6151224058,4843148624,3771481236,2903827438,2209788726,1661423288,1233603636,904127850,653764146,466118436,327479350,226553265,154212274,103189031,67809394,43709656,27602612,17050483,10285205,6045832,3455201,1914062,1024451,527406,259904,121749,53809,22200,8439,2897,874,222,44,6"
KpaA?C@OA?G?,"0,0,0,0,0,4,22,108,420,1414,4240,11461,28602,66551,145970,303788,604279,1154192,2127059,3794701,6574220,11087340,18243161,29338145,46188485,71282800,107973898,160690579,235186922,338802743,480749839,672387352,927496399,1262506959,1696680211,2252195709,2954139853,3830344734,4911069624,6228489846,7815986054,9707221555,11935013479,14530014443,17519227804,20924418232,24760450556,29033656245,33740275539,38865102666,44380381925,50245081669,56404583743,62790889660,69323346664,75909960061,82449235028,88832552168,94946981318,100678460036,105915202773,110551212373,114489739577,117646538761,119952775611,121357445901,121829196390,121357445901,119952775611,117646538761,114489739577,110551212373,105915202773,100678460036,94946981318,88832552168,82449235028,75909960061,69323346664,62790889660,56404583743,50245081669,44380381925,38865102666,33740275539,29033656245,24760450556,20924418232,17519227804,14530014443,11935013479,9707221555,7815986054,6228489846,4911069624,3830344734,2954139853,2252195709,1696680211,1262506959,927496399,672387352,480749839,338802743,235186922,160690579,107973898,71282800,46188485,29338145,18243161,11087340,6574220,3794701,2127059,1154192,604279,303788,145970,66551,28602,11461,4240,1414,420,108,22,4"
KpaA?CA?_C?O,"0,0,0,1,5,28,108,396,1194,3383,8699,21000,47608,102830,211762,418870,798381,1472425,2633633,4581392,7766912,12857201,20815153,33005393,51321438,78344439,117527951,173413284,251869096,360353912,508189701,706835169,970145303,1314594038,1759440597,2326810435,3041669124,3931654728,5026751728,6358776613,7960668477,9865569165,12105707295,14711092123,17708055354,21117681303,24954181597,29223288191,33920738932,39030947941,44525942243,50364654646,56492641631,62842295842,69333583440,75875341008,82367104265,88701450453,94766777664,100450430580,105642058162,110237065195,114140013074,117267820940,119552619850,120944129272,121411442186,120944129272,119552619850,117267820940,114140013074,110237065195,105642058162,100450430580,94766777664,88701450453,82367104265,75875341008,69333583440,62842295842,56492641631,50364654646,44525942243,39030947941,33920738932,29223288191,24954181597,21117681303,17708055354,14711092123,12105707295,9865569165,7960668477,6358776613,5026751728,3931654728,3041669124,2326810435,1759440597,1314594038,970145303,706835169,508189701,360353912,251869096,173413284,117527951,78344439,51321438,33005393,20815153,12857201,7766912,4581392,2633633,1472425,798381,418870,211762,102830,47608,21000,8699,3383,1194,396,108,28,5,1"
KpaA?CA?_CG?,"0,0,0,0,1,7,39,169,616,1918,5439,14087,33929,76805,164753,336662,659837,1245333,2272138,4019594,6914581,11591141,18973376,30376158,47636776,73268496,110651292,164243406,239828853,344777731,488329939,681868947,939193213,1276741195,1713770437,2272442658,2977809083,3857646742,4942139519,6263365447,7854587513,9749330983,11980258886,14577856265,17568953718,20975142233,24811121442,29083072338,33787111558,38907941764,44417758476,50275528235,56426684763,62803336548,69324996072,75899887032,82426782326,88797371440,94899065716,100618162989,105843243960,110468668563,114398020174,117547348923,119848065203,121249347991,121719956476,121249347991,119848065203,117547348923,114398020174,110468668563,105843243960,100618162989,94899065716,88797371440,82426782326,75899887032,69324996072,62803336548,56426684763,50275528235,44417758476,38907941764,33787111558,29083072338,24811121442,20975142233,17568953718,14577856265,11980258886,9749330983,7854587513,6263365447,4942139519,3857646742,2977809083,2272442658,1713770437,1276741195,939193213,681868947,488329939,344777731,239828853,164243406,110651292,73268496,47636776,30376158,18973376,11591141,6914581,4019594,2272138,1245333,659837,336662,164753,76805,33929,14087,5439,1918,616,169,39,7,1"
KpaA?CA?a??@,"0,0,0,0,1,6,33,127,468,1465,4261,11252,27820,64258,140633,292306,581786,1112317,2053149,3668873,6367908,10758876,17735286,28571890,45059932,69655788,105676545,157507871,230858344,333016784,473145480,662553051,914977452,1246811857,1677297198,2228608682,2925854675,3796915094,4872132193,6183797774,7765448925,9650939910,11873315482,14463483353,17448726293,20851098179,24685754389,28959300012,33668220784,38797508372,44319545076,50193359333,56364308579,62764272570,69312381357,75916322494,82474195024,88876890280,95010929448,100761655266,106016672767,110669378666,114622456891,117791151339,120106207188,121516299795,121989880918,121516299795,120106207188,117791151339,114622456891,110669378666,106016672767,100761655266,95010929448,88876890280,82474195024,75916322494,69312381357,62764272570,56364308579,50193359333,44319545076,38797508372,33668220784,28959300012,24685754389,20851098179,17448726293,14463483353,11873315482,9650939910,7765448925,6183797774,4872132193,3796915094,2925854675,2228608682,1677297198,1246811857,914977452,662553051,473145480,333016784,230858344,157507871,105676545,69655788,45059932,28571890,17735286,10758876,6367908,3668873,2053149,1112317,581786,292306,140633,64258,27820,11252,4261,1465,468,127,33,6,1"
KpaA?CA?a?G?,"0,0,0,0,0,2,16,92,382,1335,4062,11133,27996,65518,144173,300811,599424,1146653,2115402,3777226,6548296,11049900,18189802,29263694,46085896,71144089,107788805,160447763,234872381,338401406,480244282,671759810,926727320,1261577215,1695570361,2250888553,2952620030,3828601217,4909095667,6226285527,7813558590,9704587064,11932197246,14527051720,17516164269,20921309876,24757363207,29030663922,33737459246,38862547775,44378176490,50243312397,56403334051,62790235109,69323353465,75910680404,82450705564,88834789995,94949984072,100682203409,105919642084,110556281422,114495353829,117652595913,119959160239,121364031246,121835849646,121364031246,119959160239,117652595913,114495353829,110556281422,105919642084,100682203409,94949984072,88834789995,82450705564,75910680404,69323353465,62790235109,56403334051,50243312397,44378176490,38862547775,33737459246,29030663922,24757363207,20921309876,17516164269,14527051720,11932197246,9704587064,7813558590,6226285527,4909095667,3828601217,2952620030,2250888553,1695570361,1261577215,926727320,671759810,480244282,338401406,234872381,160447763,107788805,71144089,46085896,29263694,18189802,11049900,6548296,3777226,2115402,1146653,599424,300811,144173,65518,27996,11133,4062,1335,382,92,16,2"
KpaA?CAO??_A,"0,0,0,0,1,6,32,120,430,1343,3925,10423,25967,60430,133100,278369,557026,1069890,1982789,3555788,6190769,10488399,17331542,27982095,44215340,68469505,104039696,155288158,227897350,329129731,468120309,656153872,906946318,1236876772,1665179030,2214033742,2908566433,3776692855,4848806115,6157270949,7735714429,9618102386,11837605457,14425274939,17408543264,20809621411,24643816065,28917876623,33628410942,38760510378,44286618284,50165786367,56343345158,62751100423,69308052257,75921711292,82489948591,88903390356,95048257237,100809574156,106074616504,110736460513,114697485750,117872668236,120192527408,121605572273,122080148696,121605572273,120192527408,117872668236,114697485750,110736460513,106074616504,100809574156,95048257237,88903390356,82489948591,75921711292,69308052257,62751100423,56343345158,50165786367,44286618284,38760510378,33628410942,28917876623,24643816065,20809621411,17408543264,14425274939,11837605457,9618102386,7735714429,6157270949,4848806115,3776692855,2908566433,2214033742,1665179030,1236876772,906946318,656153872,468120309,329129731,227897350,155288158,104039696,68469505,44215340,27982095,17331542,10488399,6190769,3555788,1982789,1069890,557026,278369,133100,60430,25967,10423,3925,1343,430,120,32,6,1"
KpaA?CAO??g?,"0,0,0,0,0,1,9,55,256,974,3141,9014,23452,56384,126761,269230,544087,1053247,1962247,3533477,6169716,10476365,17338969,28028495,44326054,68684194,104408540,155882313,228802833,330460124,470007342,658760031,910451897,1241491516,1671122130,2221544051,2917876140,3788033150,4862375693,6173238139,7754180983,9639104648,11861078823,14451055192,17436337180,20839013741,24674251772,28948676521,33658771736,38789529694,44313314769,50189135232,56362315854,62764696580,69315363016,75921947141,82482497552,88887840698,95024447464,100777592667,106034837870,110689516550,114644281241,117814322548,120130370122,121541060224,122014847642,121541060224,120130370122,117814322548,114644281241,110689516550,106034837870,100777592667,95024447464,88887840698,82482497552,75921947141,69315363016,62764696580,56362315854,50189135232,44313314769,38789529694,33658771736,28948676521,24674251772,20839013741,17436337180,14451055192,11861078823,9639104648,7754180983,6173238139,4862375693,3788033150,2917876140,2221544051,1671122130,1241491516,910451897,658760031,470007342,330460124,228802833,155882313,104408540,68684194,44326054,28028495,17338969,10476365,6169716,3533477,1962247,1053247,544087,269230,126761,56384,23452,9014,3141,974,256,55,9,1"
KpaA?CAOA?G?,"0,0,0,0,0,1,15,87,372,1328,4088,11258,28414,66594,146640,306016,609606,1165472,2148706,3833925,6641584,11198714,18420699,29613046,46602253,71890818,108846791,161917962,236878342,341090799,483789573,676357675,932596820,1268955495,1704706289,2262033714,2966017731,3844472504,4927623917,6247598491,7837710300,9731539258,11961802768,14559039077,17550126597,20956698078,24793486332,29066695254,33772450969,38895452331,44407876837,50268658264,56423185031,62803506614,69329065320,75908004655,82439012333,88813686715,94919347041,100642198790,105870735951,110499236279,114431211978,117582649561,119884909627,121287133025,121758057884,121287133025,119884909627,117582649561,114431211978,110499236279,105870735951,100642198790,94919347041,88813686715,82439012333,75908004655,69329065320,62803506614,56423185031,50268658264,44407876837,38895452331,33772450969,29066695254,24793486332,20956698078,17550126597,14559039077,11961802768,9731539258,7837710300,6247598491,4927623917,3844472504,2966017731,2262033714,1704706289,1268955495,932596820,676357675,483789573,341090799,236878342,161917962,108846791,71890818,46602253,29613046,18420699,11198714,6641584,3833925,2148706,1165472,609606,306016,146640,66594,28414,11258,4088,1328,372,87,15,1"
KpaA?D??I??@,"0,0,0,0,0,1,7,47,208,827,2737,8062,21298,52073,118350,253937,516960,1007450,1886578,3413004,5981752,10191549,16915176,27413294,43447787,67456639,102719475,153601315,225767656,326489605,464885961,652257687,902307806,1231442986,1658887790,2206862785,2900490551,3767737815,4839000254,6146703076,7724477645,9606355149,11825509540,14413055355,17396421597,20797873775,24632704531,28907702170,33619447487,38753050465,44280912194,50162083204,56341839084,62751964621,69311397373,75927611288,82498413184,88914383523,95061683030,100825286978,106092420857,110756114971,114718712435,117895151060,120215930080,121629531045,122104297054,121629531045,120215930080,117895151060,114718712435,110756114971,106092420857,100825286978,95061683030,88914383523,82498413184,75927611288,69311397373,62751964621,56341839084,50162083204,44280912194,38753050465,33619447487,28907702170,24632704531,20797873775,17396421597,14413055355,11825509540,9606355149,7724477645,6146703076,4839000254,3767737815,2900490551,2206862785,1658887790,1231442986,902307806,652257687,464885961,326489605,225767656,153601315,102719475,67456639,43447787,27413294,16915176,10191549,5981752,3413004,1886578,1007450,516960,253937,118350,52073,21298,8062,2737,827,208,47,7,1"
KpaA?D??I?G?,"0,0,0,0,0,0,8,58,282,1083,3507,9963,25702,61290,136750,288335,579017,1114460,2065857,3703224,6440108,10895563,17973568,28967587,45686937,70617155,107103380,159572164,233769858,337036631,478577909,669757216,924352789,1258805078,1692376612,2247264486,2948562477,3824127053,4904230503,6221078223,7808067577,9698894596,11926394505,14521250977,17510482488,20915878347,24752312799,29026130625,33733572521,38859431354,44375940936,50242052979,56403129172,62791139253,69325402979,75913881830,82455050107,88840236982,94956482489,100689669414,105927988329,110565390353,114505111400,117662860526,119969800546,121374891035,121846789428,121374891035,119969800546,117662860526,114505111400,110565390353,105927988329,100689669414,94956482489,88840236982,82455050107,75913881830,69325402979,62791139253,56403129172,50242052979,44375940936,38859431354,33733572521,29026130625,24752312799,20915878347,17510482488,14521250977,11926394505,9698894596,7808067577,6221078223,4904230503,3824127053,2948562477,2247264486,1692376612,1258805078,924352789,669757216,478577909,337036631,233769858,159572164,107103380,70617155,45686937,28967587,17973568,10895563,6440108,3703224,2065857,1114460,579017,288335,136750,61290,25702,9963,3507,1083,282,58,8"
KpaA?D?OA?G?,"0,0,0,0,0,5,33,153,586,1923,5557,14570,35390,80471,172908,353535,692386,1304960,2376788,4196718,7204344,12051287,19684590,31448776,49217489,75548699,113874601,168713853,245917504,352927839,499058117,695764191,956910438,1298988842,1741290560,2305984821,3018096567,3905335853,4997772226,6327317178,7927012143,9830106743,12068938024,14673620237,17670579345,21080983009,24919107951,29190732014,33891611037,39006152327,44506345148,50351059402,56485759510,62842722545,69341773275,75891591290,82391540624,88734019833,94807241472,100498368374,105696874757,110298004827,114206175479,117338181870,119626053612,121019436051,121487378018,121019436051,119626053612,117338181870,114206175479,110298004827,105696874757,100498368374,94807241472,88734019833,82391540624,75891591290,69341773275,62842722545,56485759510,50351059402,44506345148,39006152327,33891611037,29190732014,24919107951,21080983009,17670579345,14673620237,12068938024,9830106743,7927012143,6327317178,4997772226,3905335853,3018096567,2305984821,1741290560,1298988842,956910438,695764191,499058117,352927839,245917504,168713853,113874601,75548699,49217489,31448776,19684590,12051287,7204344,4196718,2376788,1304960,692386,353535,172908,80471,35390,14570,5557,1923,586,153,33,5"
Kp`?GCCO??_@,"0,0,0,0,0,0,2,25,149,644,2257,6860,18631,46250,106702,231411,475871,934537,1762783,3207862,5653134,9676634,16130777,26241311,41738455,65007551,99283714,148859937,219347460,317928383,453667249,637769179,883900018,1208380470,1630442057,2172253759,2859019756,3718716334,4781926529,6081166860,7650384356,9523789618,11735001127,14315383183,17292913875,20690132168,24522927000,28798309055,33513422528,38653456961,44191253231,50085705691,56282324617,62712436977,69294962317,75936593163,82534870010,88979306760,95155613639,100947513996,106241716348,110929957471,114914145986,118108049009,120441961922,121863466621,122341044972,121863466621,120441961922,118108049009,114914145986,110929957471,106241716348,100947513996,95155613639,88979306760,82534870010,75936593163,69294962317,62712436977,56282324617,50085705691,44191253231,38653456961,33513422528,28798309055,24522927000,20690132168,17292913875,14315383183,11735001127,9523789618,7650384356,6081166860,4781926529,3718716334,2859019756,2172253759,1630442057,1208380470,883900018,637769179,453667249,317928383,219347460,148859937,99283714,65007551,41738455,26241311,16130777,9676634,5653134,3207862,1762783,934537,475871,231411,106702,46250,18631,6860,2257,644,149,25,2"
Kp`?GCCO??_A,"0,0,0,0,0,1,9,53,229,859,2763,7973,20888,50706,114909,246205,501269,977271,1831968,3317987,5822866,9934210,16511218,26795096,42525814,66111787,100800192,150915693,222081633,321519843,458302050,643678635,891309892,1217562446,1641638612,2185747371,2875027509,3737482831,4803582560,6105853998,7678073307,9554446574,11768362891,14351176251,17330584534,20729130078,24562388765,28837416660,33551038015,38688562366,44222533691,50112072291,56302440511,62725319311,69299443962,75931994227,82520388367,88954744876,95120692370,100902639381,106187215646,110866871069,114843391120,118031224620,120360453112,121779255087,122255774476,121779255087,120360453112,118031224620,114843391120,110866871069,106187215646,100902639381,95120692370,88954744876,82520388367,75931994227,69299443962,62725319311,56302440511,50112072291,44222533691,38688562366,33551038015,28837416660,24562388765,20729130078,17330584534,14351176251,11768362891,9554446574,7678073307,6105853998,4803582560,3737482831,2875027509,2185747371,1641638612,1217562446,891309892,643678635,458302050,321519843,222081633,150915693,100800192,66111787,42525814,26795096,16511218,9934210,5822866,3317987,1831968,977271,501269,246205,114909,50706,20888,7973,2763,859,229,53,9,1"
Kp`?GCCO??g?,"0,0,0,0,0,0,2,28,163,702,2459,7428,20032,49434,113438,244688,500805,979282,1840130,3336894,5862226,10005730,16636079,26998608,42849183,66602412,101530226,151965046,223564892,323558668,461062649,647327932,896067054,1223633212,1649283046,2195186488,2886532768,3751247762,4819840434,6124709590,7699656123,9578699426,11795241305,14380390912,17361857288,20761890164,24596096436,28871211748,33584140350,38719871292,44251109008,50136683200,56322126093,62738880136,69306076151,75930717914,82510742682,88936147266,95093179653,100866152906,106142373373,110814181482,114784041125,117966229962,120291454098,121707618368,122183391430,121707618368,120291454098,117966229962,114784041125,110814181482,106142373373,100866152906,95093179653,88936147266,82510742682,75930717914,69306076151,62738880136,56322126093,50136683200,44251109008,38719871292,33584140350,28871211748,24596096436,20761890164,17361857288,14380390912,11795241305,9578699426,7699656123,6124709590,4819840434,3751247762,2886532768,2195186488,1649283046,1223633212,896067054,647327932,461062649,323558668,223564892,151965046,101530226,66602412,42849183,26998608,16636079,10005730,5862226,3336894,1840130,979282,500805,244688,113438,49434,20032,7428,2459,702,163,28,2"
Kp`?GCCOA?G?,"0,0,0,0,0,1,12,72,314,1148,3610,10114,25823,61223,136035,286213,573917,1103855,2045341,3666169,6375935,10789431,17803448,28703626,45287784,70029263,106256010,158377954,232118596,334797897,475595011,665853200,919324945,1252436393,1684432272,2237510047,2936762194,3810070073,4887730107,6202005268,7786349244,9674552781,11899539378,14492120770,17479428188,20883399906,24719028172,28992805436,33701070160,38828733349,44348077070,50218111619,56384170553,62778201149,69319402288,75915623422,82465126598,88859049727,94984149856,100726068944,105972681899,110617693177,114564039632,117727227593,120038187442,121445765936,121918492152,121445765936,120038187442,117727227593,114564039632,110617693177,105972681899,100726068944,94984149856,88859049727,82465126598,75915623422,69319402288,62778201149,56384170553,50218111619,44348077070,38828733349,33701070160,28992805436,24719028172,20883399906,17479428188,14492120770,11899539378,9674552781,7786349244,6202005268,4887730107,3810070073,2936762194,2237510047,1684432272,1252436393,919324945,665853200,475595011,334797897,232118596,158377954,106256010,70029263,45287784,28703626,17803448,10789431,6375935,3666169,2045341,1103855,573917,286213,136035,61223,25823,10114,3610,1148,314,72,12,1"
Kp`?GD??G?g?,"0,0,0,0,0,1,8,47,209,803,2627,7700,20340,49724,113208,243387,496785,970411,1821607,3302962,5801501,9904595,16470970,26741684,42456006,66022701,100688119,150777495,221913853,321320041,458067519,643408699,891003646,1217221525,1641265161,2185346436,2874604245,3737045956,4803140489,6105418257,7677654824,9554058260,11768015986,14350883662,17330355936,20728975050,24562313365,28837425368,33551131351,38688738631,44222787342,50112395558,56302823044,62725748299,69299906102,75932474868,82520874218,88955222288,95121151637,100903071167,106187615930,110867236005,114843723150,118031526054,120360732100,121779518122,122256033264,121779518122,120360732100,118031526054,114843723150,110867236005,106187615930,100903071167,95121151637,88955222288,82520874218,75932474868,69299906102,62725748299,56302823044,50112395558,44222787342,38688738631,33551131351,28837425368,24562313365,20728975050,17330355936,14350883662,11768015986,9554058260,7677654824,6105418257,4803140489,3737045956,2874604245,2185346436,1641265161,1217221525,891003646,643408699,458067519,321320041,221913853,150777495,100688119,66022701,42456006,26741684,16470970,9904595,5801501,3302962,1821607,970411,496785,243387,113208,49724,20340,7700,2627,803,209,47,8,1"
Kp`?GD??G@?C,"0,0,0,0,0,1,12,66,290,1043,3265,9144,23482,55897,124928,264381,533228,1031053,1920235,3458050,6040211,10262507,16997308,27498574,43525813,67505255,102710217,153487684,225492115,325969210,464022902,650923318,900357103,1228698203,1655159864,2201935825,2894149623,3759757147,4829176808,6134848544,7710457441,9590082390,11806984463,14392359475,17373753613,20773539682,24607141410,28881462954,33593206939,38727582250,44257074650,50140786532,56324012353,62738519844,69303179945,75925368807,82502738283,88925696299,95080176060,100850931348,106124922015,110794946846,114763091690,117944100401,120268271083,121683973026,122159441122,121683973026,120268271083,117944100401,114763091690,110794946846,106124922015,100850931348,95080176060,88925696299,82502738283,75925368807,69303179945,62738519844,56324012353,50140786532,44257074650,38727582250,33593206939,28881462954,24607141410,20773539682,17373753613,14392359475,11806984463,9590082390,7710457441,6134848544,4829176808,3759757147,2894149623,2201935825,1655159864,1228698203,900357103,650923318,464022902,325969210,225492115,153487684,102710217,67505255,43525813,27498574,16997308,10262507,6040211,3458050,1920235,1031053,533228,264381,124928,55897,23482,9144,3265,1043,290,66,12,1"
Kp`?GD??G@G?,"0,0,0,0,0,0,5,39,201,800,2687,7905,20971,51198,116501,249933,509345,992935,1860920,3368461,5908029,10071951,16728301,27126517,43020591,66831725,101827291,152349141,224047134,324163157,461799076,648224483,897128592,1224889289,1650729322,2196851758,2888397148,3753336573,4822113136,6127185649,7702270205,9581464940,11798065104,14383282826,17364697129,20764688232,24598708636,28873656625,33586255436,38721691818,44252462114,50137629602,56322490200,62738755759,69305291883,75929406160,82508741585,88933629180,95089995066,100862513064,106138141712,110809602217,114778988986,117960975263,120285879668,121702010640,122177637704,121702010640,120285879668,117960975263,114778988986,110809602217,106138141712,100862513064,95089995066,88933629180,82508741585,75929406160,69305291883,62738755759,56322490200,50137629602,44252462114,38721691818,33586255436,28873656625,24598708636,20764688232,17364697129,14383282826,11798065104,9581464940,7702270205,6127185649,4822113136,3753336573,2888397148,2196851758,1650729322,1224889289,897128592,648224483,461799076,324163157,224047134,152349141,101827291,66831725,43020591,27126517,16728301,10071951,5908029,3368461,1860920,992935,509345,249933,116501,51198,20971,7905,2687,800,201,39,5"
Kp`?GD??I??@,"0,0,0,0,0,0,2,27,151,652,2287,6966,18909,46982,108378,235007,483029,948141,1787239,3250336,5724218,9791954,16312345,26520085,42155803,65618711,100159418,150090105,221042570,320222627,456718167,641759121,889033108,1214880992,1638546915,2182206635,2871058612,3733062704,4798768565,6100644490,7672569130,9548668700,11762458293,14345185479,17324697309,20723396306,24557031888,28832481571,33546767998,38684979727,44219884507,50110339051,56301856717,62725812245,69301221531,75934919419,82524635180,88960109106,95127311943,100910246624,106195914528,110876339543,114853705382,118042021921,120371790264,121790743453,122267461200,121790743453,120371790264,118042021921,114853705382,110876339543,106195914528,100910246624,95127311943,88960109106,82524635180,75934919419,69301221531,62725812245,56301856717,50110339051,44219884507,38684979727,33546767998,28832481571,24557031888,20723396306,17324697309,14345185479,11762458293,9548668700,7672569130,6100644490,4798768565,3733062704,2871058612,2182206635,1638546915,1214880992,889033108,641759121,456718167,320222627,221042570,150090105,100159418,65618711,42155803,26520085,16312345,9791954,5724218,3250336,1787239,948141,483029,235007,108378,46982,18909,6966,2287,652,151,27,2"
Kp`?GD??I?G?,"0,0,0,0,0,1,11,65,285,1053,3337,9455,24346,58124,129933,274855,553559,1068809,1986816,3571539,6226858,10560632,17459948,28199436,44562080,69005303,104836514,156444951,229528935,331385049,471165566,660192175,912194406,1243585794,1673600660,2224441953,2921213475,3791829743,4866629688,6177944454,7759306525,9644611406,11866896079,14457107843,17442515112,20845205510,24680312013,28954465304,33664120173,38794284072,44317300273,50192204321,56364309563,62765495523,69314845988,75920043801,82479144019,88883032626,95018191752,100769959327,106025907930,110679432523,114633191818,117802431080,120117876722,121528209029,122001867052,121528209029,120117876722,117802431080,114633191818,110679432523,106025907930,100769959327,95018191752,88883032626,82479144019,75920043801,69314845988,62765495523,56364309563,50192204321,44317300273,38794284072,33664120173,28954465304,24680312013,20845205510,17442515112,14457107843,11866896079,9644611406,7759306525,6177944454,4866629688,3791829743,2921213475,2224441953,1673600660,1243585794,912194406,660192175,471165566,331385049,229528935,156444951,104836514,69005303,44562080,28199436,17459948,10560632,6226858,3571539,1986816,1068809,553559,274855,129933,58124,24346,9455,3337,1053,285,65,11,1"
Kp`?GD?OA?G?,"0,0,0,0,1,7,41,171,622,1947,5551,14359,34669,78404,168172,343511,672888,1268672,2312763,4087653,7025411,11766091,19242963,30781119,48232435,74125589,111861011,165918132,242107224,347823670,492336008,687052421,945797550,1285027633,1724014469,2284920174,2992787832,3875367439,4962802332,6287106438,7881462263,9779290848,12013136657,14613345856,17606601369,21014335529,24851093533,29122906381,33825759255,38944244857,44450484627,50303408681,56448464457,62817822181,69331110793,75896721607,82413647396,88773839267,94865005568,100573762758,105789021799,110405468188,114326993682,117469922075,119765892775,121164256182,121633879420,121164256182,119765892775,117469922075,114326993682,110405468188,105789021799,100573762758,94865005568,88773839267,82413647396,75896721607,69331110793,62817822181,56448464457,50303408681,44450484627,38944244857,33825759255,29122906381,24851093533,21014335529,17606601369,14613345856,12013136657,9779290848,7881462263,6287106438,4962802332,3875367439,2992787832,2284920174,1724014469,1285027633,945797550,687052421,492336008,347823670,242107224,165918132,111861011,74125589,48232435,30781119,19242963,11766091,7025411,4087653,2312763,1268672,672888,343511,168172,78404,34669,14359,5551,1947,622,171,41,7,1"
Kp`?GGC@?G?_,"0,0,0,1,5,29,122,448,1362,3883,9961,23958,53966,115708,236454,464142,878077,1607896,2856662,4938473,8323769,13704971,22077176,34845189,53950973,82033103,122610854,180299339,261046653,372394170,523745565,726635901,994985020,1345313170,1796899498,2371855047,3095088985,3994133584,5098812125,6440720056,8052514899,9966997976,12216004920,14829107438,17832169535,21245794522,25083722006,29351243227,34043712393,39145241509,44627662538,50449841016,56557411667,62883000747,69346968946,75858704788,82318442827,88619585548,94651454307,100302381482,105463028935,110029797925,113908185549,117015944084,119285896702,120668282866,121132518038,120668282866,119285896702,117015944084,113908185549,110029797925,105463028935,100302381482,94651454307,88619585548,82318442827,75858704788,69346968946,62883000747,56557411667,50449841016,44627662538,39145241509,34043712393,29351243227,25083722006,21245794522,17832169535,14829107438,12216004920,9966997976,8052514899,6440720056,5098812125,3994133584,3095088985,2371855047,1796899498,1345313170,994985020,726635901,523745565,372394170,261046653,180299339,122610854,82033103,53950973,34845189,22077176,13704971,8323769,4938473,2856662,1607896,878077,464142,236454,115708,53966,23958,9961,3883,1362,448,122,29,5,1"
Kp`?GGC@?GG?,"0,0,0,0,1,9,48,210,744,2284,6378,16238,38543,86068,182438,368890,716361,1340953,2429081,4269923,7303890,12182036,19850831,31652056,49456382,75815364,114154073,168979651,246130321,353030662,498976144,695399680,956143640,1297675082,1739264959,2303062270,3014080209,3900021196,4990960905,6318825579,7916689696,9817846989,12054697999,14657432023,17652568389,21061374471,24898236791,29169040872,33869650580,38984567008,44485859869,50332451776,56469833416,62830270905,69333544944,75888249338,82393627566,88741921015,94821160609,100518303996,105722610288,110329104212,114241995043,117377888496,119668657920,121063828588,121532375536,121063828588,119668657920,117377888496,114241995043,110329104212,105722610288,100518303996,94821160609,88741921015,82393627566,75888249338,69333544944,62830270905,56469833416,50332451776,44485859869,38984567008,33869650580,29169040872,24898236791,21061374471,17652568389,14657432023,12054697999,9817846989,7916689696,6318825579,4990960905,3900021196,3014080209,2303062270,1739264959,1297675082,956143640,695399680,498976144,353030662,246130321,168979651,114154073,75815364,49456382,31652056,19850831,12182036,7303890,4269923,2429081,1340953,716361,368890,182438,86068,38543,16238,6378,2284,744,210,48,9,1"
Kp`?GGC@A??@,"0,0,0,0,1,6,35,141,524,1635,4734,12364,30257,69207,150173,309747,612448,1164224,2138406,3804735,6578996,11078812,18209605,29260307,46039844,71024459,107555041,160042495,234223490,337414666,478806856,669733339,923954109,1257875823,1690744976,2244728638,2944913991,3819140437,4897692803,6212782951,7797849338,9686626132,11912022038,14504792613,17492060657,20895715071,24730751390,29003625569,33710695482,38836853054,44354418283,50222401344,56386190823,62777751380,69316351553,75909872120,82456652849,88847870005,94970360546,100709806233,105954156404,110597149012,114541784369,117703591397,120013548733,121420509924,121893034144,121420509924,120013548733,117703591397,114541784369,110597149012,105954156404,100709806233,94970360546,88847870005,82456652849,75909872120,69316351553,62777751380,56386190823,50222401344,44354418283,38836853054,33710695482,29003625569,24730751390,20895715071,17492060657,14504792613,11912022038,9686626132,7797849338,6212782951,4897692803,3819140437,2944913991,2244728638,1690744976,1257875823,923954109,669733339,478806856,337414666,234223490,160042495,107555041,71024459,46039844,29260307,18209605,11078812,6578996,3804735,2138406,1164224,612448,309747,150173,69207,30257,12364,4734,1635,524,141,35,6,1"
Kp`?GGC@A?G?,"0,0,0,0,0,4,26,124,482,1603,4716,12581,31000,71402,155185,320517,633436,1203417,2207490,3922520,6772036,11386510,18685578,29979250,47099376,72553539,109715735,163038861,238301851,342871044,485983606,679022662,935788614,1272724893,1709096909,2267077929,2971734150,3850861457,4934665463,6255248829,7845900804,9740174592,11970761286,14568173046,17559265199,20965650020,24802044379,29074641292,33779562186,38901508035,44412665198,50271983687,56424874083,62803414895,69327082113,75904058682,82433073280,88805768905,94909508848,100630543703,105857408540,110484421544,114415128457,117565546907,119867060731,121268829746,121739601426,121268829746,119867060731,117565546907,114415128457,110484421544,105857408540,100630543703,94909508848,88805768905,82433073280,75904058682,69327082113,62803414895,56424874083,50271983687,44412665198,38901508035,33779562186,29074641292,24802044379,20965650020,17559265199,14568173046,11970761286,9740174592,7845900804,6255248829,4934665463,3850861457,2971734150,2267077929,1709096909,1272724893,935788614,679022662,485983606,342871044,238301851,163038861,109715735,72553539,47099376,29979250,18685578,11386510,6772036,3922520,2207490,1203417,633436,320517,155185,71402,31000,12581,4716,1603,482,124,26,4"
Kp`?GGCO??_A,"0,0,0,0,1,6,32,124,448,1399,4076,10752,26675,61769,135563,282653,564202,1081417,2000943,3583345,6231703,10547696,17415681,28098861,44374624,68682359,104319637,155649982,228357789,329706245,468831865,657018562,907982724,1238100990,1666605370,2215671968,2910422771,3778766299,4851090257,6159750317,7738366482,9620894931,11840499215,14428220469,17411485677,20812497714,24646559819,28920416781,33630676914,38762430787,44288126913,50166820450,56343851368,62751033273,69307378891,75920409383,82488011216,88900822791,95045080462,100805821063,106070334874,110731708629,114692334394,117867195312,120186820082,121599721513,122074250316,121599721513,120186820082,117867195312,114692334394,110731708629,106070334874,100805821063,95045080462,88900822791,82488011216,75920409383,69307378891,62751033273,56343851368,50166820450,44288126913,38762430787,33630676914,28920416781,24646559819,20812497714,17411485677,14428220469,11840499215,9620894931,7738366482,6159750317,4851090257,3778766299,2910422771,2215671968,1666605370,1238100990,907982724,657018562,468831865,329706245,228357789,155649982,104319637,68682359,44374624,28098861,17415681,10547696,6231703,3583345,2000943,1081417,564202,282653,135563,61769,26675,10752,4076,1399,448,124,32,6,1"
Kp`?GGCO??g?,"0,0,0,0,0,1,12,64,288,1056,3334,9432,24273,57931,129511,273945,551821,1065633,1981409,3562495,6212339,10537911,17425628,28148526,44488732,68901343,104692736,156249230,229267966,331042125,470723303,659629794,911491605,1242719333,1672549458,2223183403,2919729912,3790104181,4864653005,6175710892,7756821504,9641886501,11863956526,14453986546,17439260124,20841873702,24676974320,28951200294,33661016804,38791435813,44314805086,50190159137,56362808333,62764625261,69314681904,75920648172,82480559286,88885283377,95021276556,100773856722,106030568139,110684787607,114639146578,117808876669,120124682466,121535238660,122008969904,121535238660,120124682466,117808876669,114639146578,110684787607,106030568139,100773856722,95021276556,88885283377,82480559286,75920648172,69314681904,62764625261,56362808333,50190159137,44314805086,38791435813,33661016804,28951200294,24676974320,20841873702,17439260124,14453986546,11863956526,9641886501,7756821504,6175710892,4864653005,3790104181,2919729912,2223183403,1672549458,1242719333,911491605,659629794,470723303,331042125,229267966,156249230,104692736,68901343,44488732,28148526,17425628,10537911,6212339,3562495,1981409,1065633,551821,273945,129511,57931,24273,9432,3334,1056,288,64,12,1"
Kp`?GGCOA?G?,"0,0,0,0,0,3,22,106,426,1450,4359,11798,29445,68443,149868,311379,618314,1179108,2169646,3865125,6687123,11263694,18511772,29738033,46771063,72114521,109138737,162292707,237352359,341681092,484514542,677234896,933644150,1270188200,1706137997,2263673326,2967870691,3846537337,4929893701,6250057384,7840335789,9734299211,11964658253,14561941409,17553021733,20959524105,24796178268,29069183463,33774666317,38897325078,44409342178,50269654817,56423660938,62803417399,69328378934,75906699448,82437081595,88811135706,94916196581,100638481261,105866498330,110494536020,114426118723,117577239838,119879269277,121281351483,121752229390,121281351483,119879269277,117577239838,114426118723,110494536020,105866498330,100638481261,94916196581,88811135706,82437081595,75906699448,69328378934,62803417399,56423660938,50269654817,44409342178,38897325078,33774666317,29069183463,24796178268,20959524105,17553021733,14561941409,11964658253,9734299211,7840335789,6250057384,4929893701,3846537337,2967870691,2263673326,1706137997,1270188200,933644150,677234896,484514542,341681092,237352359,162292707,109138737,72114521,46771063,29738033,18511772,11263694,6687123,3865125,2169646,1179108,618314,311379,149868,68443,29445,11798,4359,1450,426,106,22,3"
Kp`?GH??G@G?,"0,0,0,0,0,1,9,51,238,906,2940,8497,22242,53787,121518,259250,525973,1021586,1908833,3446238,6031092,10261852,17014900,27549691,43633284,67701522,103040275,154010893,226286452,327131560,465673508,653203783,903434215,1232757296,1660407474,2208586379,2902426268,3769871182,4841326701,6149191503,7727108766,9609080663,11828295173,14415837570,17399154437,20800483474,24635138800,28909884645,33621326650,38754555475,44282000982,50162698063,56341953792,62751541334,69310429644,75926084564,82496342601,88911777597,95058577155,100821710732,106088426688,110751748942,114714039843,117890229658,120210833070,121624323502,122099055894,121624323502,120210833070,117890229658,114714039843,110751748942,106088426688,100821710732,95058577155,88911777597,82496342601,75926084564,69310429644,62751541334,56341953792,50162698063,44282000982,38754555475,33621326650,28909884645,24635138800,20800483474,17399154437,14415837570,11828295173,9609080663,7727108766,6149191503,4841326701,3769871182,2902426268,2208586379,1660407474,1232757296,903434215,653203783,465673508,327131560,226286452,154010893,103040275,67701522,43633284,27549691,17014900,10261852,6031092,3446238,1908833,1021586,525973,259250,121518,53787,22242,8497,2940,906,238,51,9,1"
Kp`?GH??I??@,"0,0,0,0,0,1,7,45,195,775,2559,7597,20190,49640,113375,244393,499487,976781,1834580,3327775,5845880,9980768,16595994,26940824,42762986,66483891,101363202,151744231,223267855,323179971,460573088,646724207,895314016,1222733166,1648196836,2193927109,2885059355,3749589811,4817958632,6122655780,7697394875,9576309464,11792691741,14377790387,17359177882,20759269472,24593505177,28868813416,33581897359,38717966006,44249486637,50135536861,56321374747,62738718395,69306388988,75931693415,82512226367,88938314616,95095834686,100869455271,106146088114,110818451675,114788598838,117971205214,120296554680,121712964799,122188679164,121712964799,120296554680,117971205214,114788598838,110818451675,106146088114,100869455271,95095834686,88938314616,82512226367,75931693415,69306388988,62738718395,56321374747,50135536861,44249486637,38717966006,33581897359,28868813416,24593505177,20759269472,17359177882,14377790387,11792691741,9576309464,7697394875,6122655780,4817958632,3749589811,2885059355,2193927109,1648196836,1222733166,895314016,646724207,460573088,323179971,223267855,151744231,101363202,66483891,42762986,26940824,16595994,9980768,5845880,3327775,1834580,976781,499487,244393,113375,49640,20190,7597,2559,775,195,45,7,1"
Kp`?GH??I?G?,"0,0,0,0,0,0,7,51,254,989,3238,9317,24263,58261,130782,277192,559073,1080048,2008409,3610184,6293415,10670103,17634949,28469856,44970139,69604556,105698650,157657263,231202681,333650088,474179570,664130953,917261351,1249995723,1681588484,2234238798,2933054475,3805921594,4883157889,6197033090,7781026934,9668936717,11893715154,14486178059,17473485812,20877574652,24713463779,28987634952,33696448607,38824793813,44344968315,50215949068,56383078981,62778260864,69320698217,75918187225,82468991903,88864191301,94990544811,100733633601,105981338506,110627304520,114574481011,117738319923,120049771552,121457635079,121930469230,121457635079,120049771552,117738319923,114574481011,110627304520,105981338506,100733633601,94990544811,88864191301,82468991903,75918187225,69320698217,62778260864,56383078981,50215949068,44344968315,38824793813,33696448607,28987634952,24713463779,20877574652,17473485812,14486178059,11893715154,9668936717,7781026934,6197033090,4883157889,3805921594,2933054475,2234238798,1681588484,1249995723,917261351,664130953,474179570,333650088,231202681,157657263,105698650,69604556,44970139,28469856,17634949,10670103,6293415,3610184,2008409,1080048,559073,277192,130782,58261,24263,9317,3238,989,254,51,7"
Kp`?GH?OA?G?,"0,0,0,0,0,4,29,137,530,1763,5155,13671,33487,76631,165595,340262,669174,1265635,2312206,4093540,7043637,11806900,19320961,30918653,48459730,74485248,112408107,166725422,243264730,349443797,494551529,690020647,949695696,1290054060,1730380165,2292846215,3002492488,3887059052,4976661837,6303276396,7900026411,9800261613,12036435339,14638791684,17633896341,21043060511,24880702661,29152733827,33855026130,38972079616,44475944647,50325513990,56466231812,62830307876,69337450989,75896177459,82405643636,88758002168,94841189738,100542073522,105749823429,110359384285,114274891590,117412889284,119705198537,121101308328,121570170308,121101308328,119705198537,117412889284,114274891590,110359384285,105749823429,100542073522,94841189738,88758002168,82405643636,75896177459,69337450989,62830307876,56466231812,50325513990,44475944647,38972079616,33855026130,29152733827,24880702661,21043060511,17633896341,14638791684,12036435339,9800261613,7900026411,6303276396,4976661837,3887059052,3002492488,2292846215,1730380165,1290054060,949695696,690020647,494551529,349443797,243264730,166725422,112408107,74485248,48459730,30918653,19320961,11806900,7043637,4093540,2312206,1265635,669174,340262,165595,76631,33487,13671,5155,1763,530,137,29,4"
Kp`?I?@O??g?,"0,0,0,0,0,0,2,34,185,790,2741,8176,21826,53400,121606,260552,530163,1031316,1929040,3483950,6098500,10374990,17199185,27837702,44072961,68351232,103982094,155340104,228130848,329632812,469013803,657573518,909069532,1239889244,1669310982,2219505768,2915641770,3785592830,4859785250,6170496512,7751370521,9636230058,11858248191,14448273232,17433732846,20836581824,24672134998,28946849326,33657382754,38788523120,44312837440,50189094282,56362852801,62765678636,69316925193,75923918594,82485009774,88890691926,95027771139,100781164082,106038796527,110693623924,114648686205,117818779336,120135036518,121545687410,122019599182,121545687410,120135036518,117818779336,114648686205,110693623924,106038796527,100781164082,95027771139,88890691926,82485009774,75923918594,69316925193,62765678636,56362852801,50189094282,44312837440,38788523120,33657382754,28946849326,24672134998,20836581824,17433732846,14448273232,11858248191,9636230058,7751370521,6170496512,4859785250,3785592830,2915641770,2219505768,1669310982,1239889244,909069532,657573518,469013803,329632812,228130848,155340104,103982094,68351232,44072961,27837702,17199185,10374990,6098500,3483950,1929040,1031316,530163,260552,121606,53400,21826,8176,2741,790,185,34,2"
Kp`?I?@OA?G?,"0,0,0,0,0,1,16,96,406,1446,4432,12120,30315,70595,154491,320733,635769,1210589,2223491,3954819,6831141,11489275,18854824,30249256,47514188,73175053,110620486,164328254,240096636,345323419,489266457,683342856,941370545,1279823817,1717973022,2278009045,2984980310,3866676685,4953252811,6276771786,7870430682,9767705187,12001153728,14601177324,17594466058,21002500922,24839823270,29112500348,33816497794,38936427799,44444373916,50299268229,56446503313,62818234289,69334021540,75902228080,82421769982,88784563183,94878237214,100589372108,105806805385,110425192243,114348361482,117492617607,119789551464,121188508592,121658325484,121188508592,119789551464,117492617607,114348361482,110425192243,105806805385,100589372108,94878237214,88784563183,82421769982,75902228080,69334021540,62818234289,56446503313,50299268229,44444373916,38936427799,33816497794,29112500348,24839823270,21002500922,17594466058,14601177324,12001153728,9767705187,7870430682,6276771786,4953252811,3866676685,2984980310,2278009045,1717973022,1279823817,941370545,683342856,489266457,345323419,240096636,164328254,110620486,73175053,47514188,30249256,18854824,11489275,6831141,3954819,2223491,1210589,635769,320733,154491,70595,30315,12120,4432,1446,406,96,16,1"
Kp`?I@?OA?G?,"0,0,0,0,1,10,60,250,882,2710,7480,18842,44283,97912,205564,412046,793523,1473952,2651068,4629946,7872055,13056688,21166640,33589506,52251711,79771820,119652426,176488702,256215210,366358302,516315366,717617128,984192233,1332573578,1782067618,2354819128,3075787460,3972561898,5075037446,6414885894,8024851076,9937821566,12185724930,14798218218,17801245988,21215479462,25054715110,29324281590,34019551041,39124629308,44611319954,50438435786,56551537834,62883155866,69353535286,75871933348,82338443736,88646319224,94684727986,100341849614,105508201483,110080049662,113962771696,117074015190,119346519430,120730460694,121195218500,120730460694,119346519430,117074015190,113962771696,110080049662,105508201483,100341849614,94684727986,88646319224,82338443736,75871933348,69353535286,62883155866,56551537834,50438435786,44611319954,39124629308,34019551041,29324281590,25054715110,21215479462,17801245988,14798218218,12185724930,9937821566,8024851076,6414885894,5075037446,3972561898,3075787460,2354819128,1782067618,1332573578,984192233,717617128,516315366,366358302,256215210,176488702,119652426,79771820,52251711,33589506,21166640,13056688,7872055,4629946,2651068,1473952,793523,412046,205564,97912,44283,18842,7480,2710,882,250,60,10,1"
KpOGI?@?I??@,"0,0,0,0,0,1,7,43,189,739,2428,7199,19151,47199,108039,233610,478845,939178,1768671,3216511,5663714,9691538,16148265,26265015,41765262,65042904,99322378,148909695,219400103,317995021,453736040,637855285,883986647,1208488732,1630548844,2172387299,2859149949,3718879264,4782083274,6081364173,7650571606,9524024246,11735220615,14315655631,17293161756,20690436708,24523192202,28798628541,33513683941,38653764754,44191476480,50085964950,56282469297,62712602453,69294985320,75936623009,82534731384,88979169341,95155291062,100947194056,106241211009,110929467689,114913481668,118107428430,120441191099,121862772542,122340237330,121862772542,120441191099,118107428430,114913481668,110929467689,106241211009,100947194056,95155291062,88979169341,82534731384,75936623009,69294985320,62712602453,56282469297,50085964950,44191476480,38653764754,33513683941,28798628541,24523192202,20690436708,17293161756,14315655631,11735220615,9524024246,7650571606,6081364173,4782083274,3718879264,2859149949,2172387299,1630548844,1208488732,883986647,637855285,453736040,317995021,219400103,148909695,99322378,65042904,41765262,26265015,16148265,9691538,5663714,3216511,1768671,939178,478845,233610,108039,47199,19151,7199,2428,739,189,43,7,1"
KpOGI?@?I?G?,"0,0,0,0,1,4,29,106,419,1304,3907,10407,26107,60750,134079,280278,560966,1076876,1995139,3575887,6223362,10538525,17407453,28093028,44374950,68692774,104347173,155702174,228446110,329843334,469034796,657305104,908375105,1238622083,1667280943,2216527377,2911484266,3780056481,4852630059,6161554683,7740443048,9623242782,11843107354,14431065241,17414530984,20815694688,24649843538,28923711754,33633895809,38765475829,44290894735,50169206781,56345748904,62752343708,69308012537,75920289255,82487079475,88899045522,95042443640,100802341972,106066056166,110726697576,114686685085,117861025906,120180262238,121592925651,122067374898,121592925651,120180262238,117861025906,114686685085,110726697576,106066056166,100802341972,95042443640,88899045522,82487079475,75920289255,69308012537,62752343708,56345748904,50169206781,44290894735,38765475829,33633895809,28923711754,24649843538,20815694688,17414530984,14431065241,11843107354,9623242782,7740443048,6161554683,4852630059,3780056481,2911484266,2216527377,1667280943,1238622083,908375105,657305104,469034796,329843334,228446110,155702174,104347173,68692774,44374950,28093028,17407453,10538525,6223362,3575887,1995139,1076876,560966,280278,134079,60750,26107,10407,3907,1304,419,106,29,4,1"
KpOGI?@?OA?G,"0,0,0,0,0,3,21,103,413,1397,4173,11240,28041,65044,142538,296452,589717,1126589,2077501,3708748,6430762,10855087,17878162,28778861,45352742,70061254,106226643,158240385,231816168,334248143,474702436,664490787,917351819,1249678094,1680706348,2232605561,2930473233,3802176356,4878039278,6190334243,7772574283,9658589345,11881396261,14471877085,17457286865,20859656079,24694117202,28967259679,33675555759,38803994015,44324956435,50197482613,56366945015,62765249723,69311555378,75913589746,82469491755,88870201912,95002288315,100751145835,106004425345,110655573007,114607311518,117774924230,120089183815,121498790580,121972207058,121498790580,120089183815,117774924230,114607311518,110655573007,106004425345,100751145835,95002288315,88870201912,82469491755,75913589746,69311555378,62765249723,56366945015,50197482613,44324956435,38803994015,33675555759,28967259679,24694117202,20859656079,17457286865,14471877085,11881396261,9658589345,7772574283,6190334243,4878039278,3802176356,2930473233,2232605561,1680706348,1249678094,917351819,664490787,474702436,334248143,231816168,158240385,106226643,70061254,45352742,28778861,17878162,10855087,6430762,3708748,2077501,1126589,589717,296452,142538,65044,28041,11240,4173,1397,413,103,21,3"
KpOGI?@?OAG?,"0,0,0,0,0,2,14,72,306,1070,3361,9368,24059,57177,127782,269933,544082,1050579,1954663,3515832,6135288,10412878,17230835,27850199,44045716,68254983,103772920,154961568,227503958,328662944,467574932,655525936,906234217,1236080914,1664303232,2213084328,2907553464,3775629285,4847708498,6156158011,7734607989,9617025198,11836582220,14424329756,17407700404,20808902446,24643241163,28917461467,33628168860,38760448866,44286741931,50166093761,56343832438,62751757744,69308868636,75922670740,82491035825,88904586983,95049547328,100810939789,106076043759,110737933938,114698994990,117874201476,120194077581,121607130597,122081710750,121607130597,120194077581,117874201476,114698994990,110737933938,106076043759,100810939789,95049547328,88904586983,82491035825,75922670740,69308868636,62751757744,56343832438,50166093761,44286741931,38760448866,33628168860,28917461467,24643241163,20808902446,17407700404,14424329756,11836582220,9617025198,7734607989,6156158011,4847708498,3775629285,2907553464,2213084328,1664303232,1236080914,906234217,655525936,467574932,328662944,227503958,154961568,103772920,68254983,44045716,27850199,17230835,10412878,6135288,3515832,1954663,1050579,544082,269933,127782,57177,24059,9368,3361,1070,306,72,14,2"
KpOGI?@?Q??@,"0,0,0,0,0,0,5,36,186,742,2503,7421,19815,48687,111377,240129,491406,961549,1807784,3281477,5769551,9857545,16403857,26647025,42326266,65846729,100455219,150472754,221523322,320825400,457453275,642654016,890093393,1216136061,1639992595,2183871409,2872923576,3735152106,4801042825,6103122886,7675186100,9551437566,11765286887,14348082005,17327542354,20726200396,24559649883,28834932121,33548889376,38686805507,44221242370,50111290344,56302223933,62725690188,69300439314,75933607899,82522632804,88957590015,95124123895,100906602625,106191678265,110871754318,114848646088,118036761072,120366207563,121785127812,122261700078,121785127812,120366207563,118036761072,114848646088,110871754318,106191678265,100906602625,95124123895,88957590015,82522632804,75933607899,69300439314,62725690188,56302223933,50111290344,44221242370,38686805507,33548889376,28834932121,24559649883,20726200396,17327542354,14348082005,11765286887,9551437566,7675186100,6103122886,4801042825,3735152106,2872923576,2183871409,1639992595,1216136061,890093393,642654016,457453275,320825400,221523322,150472754,100455219,65846729,42326266,26647025,16403857,9857545,5769551,3281477,1807784,961549,491406,240129,111377,48687,19815,7421,2503,742,186,36,5"
KpOGI?@?Q?G?,"0,0,0,0,0,3,17,87,345,1189,3641,10037,25498,60128,133493,280601,563077,1083393,2009426,3604659,6275596,10629266,17556628,28330606,44739764,69238633,105141650,156833451,230020767,331993155,471912704,661090317,913266428,1244839934,1675056230,2226099387,2923084983,3793903295,4868906036,6180397020,7761920839,9647343974,11869718037,14459958301,17445351536,20847955826,24682922499,28956857414,33666238827,38796050344,44318664039,50193098733,56364694693,62765322369,69314096088,75918689195,82477189375,88880479416,95015066348,100766289997,106021747500,110674829559,114628218596,117797157960,120112386504,121522583947,121996200612,121522583947,120112386504,117797157960,114628218596,110674829559,106021747500,100766289997,95015066348,88880479416,82477189375,75918689195,69314096088,62765322369,56364694693,50193098733,44318664039,38796050344,33666238827,28956857414,24682922499,20847955826,17445351536,14459958301,11869718037,9647343974,7761920839,6180397020,4868906036,3793903295,2923084983,2226099387,1675056230,1244839934,913266428,661090317,471912704,331993155,230020767,156833451,105141650,69238633,44739764,28330606,17556628,10629266,6275596,3604659,2009426,1083393,563077,280601,133493,60128,25498,10037,3641,1189,345,87,17,3"
KpOGI?@O??g?,"0,0,0,0,0,1,10,59,259,967,3083,8838,22930,55172,124042,263843,533719,1034607,1929465,3478656,6080105,10335081,17120688,27700884,43843344,67990273,103427717,154524947,226954225,327989609,466755217,654552343,905085938,1234758191,1662791335,2211395042,2905682629,3773603542,4845537161,6153884471,7732255224,9614651540,11834222284,14422052458,17405546412,20806943270,24641516179,28916035582,33627072353,38759731993,44286418896,50166194302,56344352136,62752703723,69310218368,75924410980,82493130464,88907008438,95052253371,100813895473,106079206604,110741268573,114702463620,117877771502,120197717610,121610811396,122085405044,121610811396,120197717610,117877771502,114702463620,110741268573,106079206604,100813895473,95052253371,88907008438,82493130464,75924410980,69310218368,62752703723,56344352136,50166194302,44286418896,38759731993,33627072353,28916035582,24641516179,20806943270,17405546412,14422052458,11834222284,9614651540,7732255224,6153884471,4845537161,3773603542,2905682629,2211395042,1662791335,1234758191,905085938,654552343,466755217,327989609,226954225,154524947,103427717,67990273,43843344,27700884,17120688,10335081,6080105,3478656,1929465,1034607,533719,263843,124042,55172,22930,8838,3083,967,259,59,10,1"
KpOGI?@OA?G?,"0,0,0,0,1,6,38,154,571,1794,5165,13472,32793,74598,160952,330282,649766,1229408,2248246,3984370,6864619,11521226,18878649,30249704,47472698,73059126,110390546,163924020,239447236,344330316,487818057,681295112,938566899,1276074722,1713084516,2271760916,2977162980,3857070796,4941674354,6263051696,7854468051,9749444372,11980641113,14578534898,17569946936,20976453544,24812740666,29084972022,33789248163,38910254516,44420171864,50277953544,56429025395,62805490562,69326861525,75901366984,82427791718,88797842256,94898951405,100617441160,105841919212,110466773090,114395613947,117544515956,119844910872,121245993218,121716533746,121245993218,119844910872,117544515956,114395613947,110466773090,105841919212,100617441160,94898951405,88797842256,82427791718,75901366984,69326861525,62805490562,56429025395,50277953544,44420171864,38910254516,33789248163,29084972022,24812740666,20976453544,17569946936,14578534898,11980641113,9749444372,7854468051,6263051696,4941674354,3857070796,2977162980,2271760916,1713084516,1276074722,938566899,681295112,487818057,344330316,239447236,163924020,110390546,73059126,47472698,30249704,18878649,11521226,6864619,3984370,2248246,1229408,649766,330282,160952,74598,32793,13472,5165,1794,571,154,38,6,1"
KpOGI@?OA?G?,"0,0,0,1,3,26,91,365,1112,3270,8518,20924,47863,104096,215341,427490,816344,1507106,2696772,4691477,7950953,13154713,21281513,33716825,52380131,79884201,119719630,176470987,256055290,365983040,515629227,716504744,982513036,1330167447,1778753151,2350402059,3070062685,3965326888,5066099097,6404077581,8012044030,9922943269,12168771583,14779272818,17780488475,21193197776,25031308196,29300260949,33995533157,39101325075,44589513187,50418958505,56535237990,62870862656,69346020009,75869871838,82342376983,88656621121,94701577352,100365210698,105537811284,110115419137,114003194627,117118591601,119394186396,120780033513,121245434888,120780033513,119394186396,117118591601,114003194627,110115419137,105537811284,100365210698,94701577352,88656621121,82342376983,75869871838,69346020009,62870862656,56535237990,50418958505,44589513187,39101325075,33995533157,29300260949,25031308196,21193197776,17780488475,14779272818,12168771583,9922943269,8012044030,6404077581,5066099097,3965326888,3070062685,2350402059,1778753151,1330167447,982513036,716504744,515629227,365983040,256055290,176470987,119719630,79884201,52380131,33716825,21281513,13154713,7950953,4691477,2696772,1507106,816344,427490,215341,104096,47863,20924,8518,3270,1112,365,91,26,3,1"
KpOGOOGA?O@?,"0,0,0,1,7,37,171,585,1798,4983,12643,29866,66264,139834,281842,545862,1020031,1846333,3245663,5556293,9280832,15153595,24222988,37959883,58386083,88234217,131131360,191813128,276357500,392440733,549599394,759492384,1036144369,1396149913,1858818792,2446236699,3183218205,4097120736,5217501585,6575593400,8203591025,10133738001,12397225737,15022909996,18035889379,21455981141,25296153379,29560978141,34245183551,39332389654,44794111186,50589105984,56663138902,62949221130,69368360948,75830852167,82238074512,88484781994,94461807655,100059100672,105168981161,109689481018,113527629026,116602540755,118848172149,120215613061,120674806666,120215613061,118848172149,116602540755,113527629026,109689481018,105168981161,100059100672,94461807655,88484781994,82238074512,75830852167,69368360948,62949221130,56663138902,50589105984,44794111186,39332389654,34245183551,29560978141,25296153379,21455981141,18035889379,15022909996,12397225737,10133738001,8203591025,6575593400,5217501585,4097120736,3183218205,2446236699,1858818792,1396149913,1036144369,759492384,549599394,392440733,276357500,191813128,131131360,88234217,58386083,37959883,24222988,15153595,9280832,5556293,3245663,1846333,1020031,545862,281842,139834,66264,29866,12643,4983,1798,585,171,37,7,1"
KpOGOOGA?OG?,"0,0,0,0,3,18,83,329,1082,3194,8504,21022,48425,105608,219000,434978,830929,1533711,2743223,4769112,8076720,13352078,21583160,34166448,53035263,80818570,121026260,178264109,258472537,369186435,519805645,721864339,989286162,1338599493,1789097034,2362908830,3084969144,3982841010,5086383974,6427234050,8038092398,9951806063,12200257009,14813061420,17816124056,21230083409,25068707263,29337306002,34031242337,39134625207,44619271264,50444018768,56554463817,62883183055,69350477468,75865668019,82328916169,88633547184,94668803408,100322938718,105486540149,110055939173,113936570745,117046133361,119317406739,120700598087,121165103792,120700598087,119317406739,117046133361,113936570745,110055939173,105486540149,100322938718,94668803408,88633547184,82328916169,75865668019,69350477468,62883183055,56554463817,50444018768,44619271264,39134625207,34031242337,29337306002,25068707263,21230083409,17816124056,14813061420,12200257009,9951806063,8038092398,6427234050,5086383974,3982841010,3084969144,2362908830,1789097034,1338599493,989286162,721864339,519805645,369186435,258472537,178264109,121026260,80818570,53035263,34166448,21583160,13352078,8076720,4769112,2743223,1533711,830929,434978,219000,105608,48425,21022,8504,3194,1082,329,83,18,3"
KpOGOOGAA??@,"0,0,0,0,1,9,45,201,698,2171,6061,15499,36919,82736,175914,356915,695052,1304396,2368393,4172195,7150485,11947237,19499437,31137253,48717267,74774231,112713669,167020882,243510568,349582466,494507240,689694311,948966036,1288774637,1728384147,2289946150,2998489122,3881745523,4969837606,6294755886,7889657753,9787937334,12022112291,14622502814,17615768359,21023320469,24859688611,29130892009,33832911641,38950341971,44455313775,50306772495,56450188695,62817760807,69329152793,75892794607,82407721204,88765927175,94855166618,100562099934,105775680909,110390634106,114310886214,117452791149,119748013201,121145920272,121615390204,121145920272,119748013201,117452791149,114310886214,110390634106,105775680909,100562099934,94855166618,88765927175,82407721204,75892794607,69329152793,62817760807,56450188695,50306772495,44455313775,38950341971,33832911641,29130892009,24859688611,21023320469,17615768359,14622502814,12022112291,9787937334,7889657753,6294755886,4969837606,3881745523,2998489122,2289946150,1728384147,1288774637,948966036,689694311,494507240,349582466,243510568,167020882,112713669,74774231,48717267,31137253,19499437,11947237,7150485,4172195,2368393,1304396,695052,356915,175914,82736,36919,15499,6061,2171,698,201,45,9,1"
KpOGOOGAA?G?,"0,0,0,0,2,13,58,230,780,2379,6523,16562,39132,87329,184764,373563,724840,1356343,2455567,4314996,7377353,12299693,20033386,31929796,49868365,76414993,115007827,170173502,247767989,355239488,501903372,699217234,961041727,1303863891,1746964440,2312499279,3025474039,3913576617,5006849278,6337173720,7937559043,9841220674,12080461607,14685362881,17682321435,21092478086,24930090048,29200920302,33900719955,39013898536,44512458324,50355288454,56487883819,62842557220,69339178605,75886476443,82383868979,88723809757,94794570042,100483368490,105679733641,110278958960,114185505968,117316207423,119603124633,120995925342,121463671858,120995925342,119603124633,117316207423,114185505968,110278958960,105679733641,100483368490,94794570042,88723809757,82383868979,75886476443,69339178605,62842557220,56487883819,50355288454,44512458324,39013898536,33900719955,29200920302,24930090048,21092478086,17682321435,14685362881,12080461607,9841220674,7937559043,6337173720,5006849278,3913576617,3025474039,2312499279,1746964440,1303863891,961041727,699217234,501903372,355239488,247767989,170173502,115007827,76414993,49868365,31929796,20033386,12299693,7377353,4314996,2455567,1356343,724840,373563,184764,87329,39132,16562,6523,2379,780,230,58,13,2"
KpOGOOGO??_A,"0,0,0,0,1,7,35,157,548,1741,4935,12846,31160,70982,153155,315032,620942,1177872,2159232,3836340,6624975,11145156,18302359,29388328,46212371,71253940,107853962,160426758,234708575,338019018,479547418,670629101,925020919,1259129913,1692197803,2246389848,2946786120,3821222286,4899974268,6215248311,7800473153,9689376327,11914856853,14507664152,17494913092,20898487726,24733378592,29006040196,33712828763,38838639114,44355794127,50223310015,56386582849,62777587139,69315601401,75908519178,82454692196,88845310109,94967222713,100706124756,105949976772,110592528424,114536788830,117698295599,120008033494,121414861429,121887340506,121414861429,120008033494,117698295599,114536788830,110592528424,105949976772,100706124756,94967222713,88845310109,82454692196,75908519178,69315601401,62777587139,56386582849,50223310015,44355794127,38838639114,33712828763,29006040196,24733378592,20898487726,17494913092,14507664152,11914856853,9689376327,7800473153,6215248311,4899974268,3821222286,2946786120,2246389848,1692197803,1259129913,925020919,670629101,479547418,338019018,234708575,160426758,107853962,71253940,46212371,29388328,18302359,11145156,6624975,3836340,2159232,1177872,620942,315032,153155,70982,31160,12846,4935,1741,548,157,35,7,1"
KpOGOOGO??g?,"0,0,0,0,0,4,24,114,450,1492,4437,11891,29489,68208,148986,308961,612845,1167877,2148384,3826889,6621712,11155756,18339660,29471462,46369345,71523551,108289120,161096479,235701438,339444853,481539507,673344234,928639716,1263853865,1698245175,2253989021,2956166887,3832604185,4913553132,6231180647,7818858727,9710241497,11938137183,14533189479,17522394104,20927508920,24763393705,29036376660,33742696881,38867149812,44381983148,50246171198,56405103767,62790792582,69322596476,75908534437,82447125541,88829765543,94943539116,100674398781,105910572650,110546077149,114484174001,117640627895,119946612180,121351128754,121822827368,121351128754,119946612180,117640627895,114484174001,110546077149,105910572650,100674398781,94943539116,88829765543,82447125541,75908534437,69322596476,62790792582,56405103767,50246171198,44381983148,38867149812,33742696881,29036376660,24763393705,20927508920,17522394104,14533189479,11938137183,9710241497,7818858727,6231180647,4913553132,3832604185,2956166887,2253989021,1698245175,1263853865,928639716,673344234,481539507,339444853,235701438,161096479,108289120,71523551,46369345,29471462,18339660,11155756,6621712,3826889,2148384,1167877,612845,308961,148986,68208,29489,11891,4437,1492,450,114,24,4"
KpOGOOGOA?G?,"0,0,0,0,2,12,52,206,692,2122,5881,15069,35956,80981,172755,351878,687194,1293141,2352824,4152525,7126850,11922529,19477857,31128182,48733922,74838522,112854981,167282190,243946589,350266294,495527566,691161694,951008374,1291541188,1732037838,2294664680,3004453956,3889138526,4978826228,6305485686,7902234335,9802416897,12038483590,14640676712,17635564141,21044459815,24881789304,29153470754,33855387504,38972049861,44475521785,50324706597,56465061252,62828804404,69335654518,75894132617,82403399313,88755605787,94838687453,100539505527,105747223980,110356778486,114272296530,117410312832,119702641870,121098766086,121567633548,121098766086,119702641870,117410312832,114272296530,110356778486,105747223980,100539505527,94838687453,88755605787,82403399313,75894132617,69335654518,62828804404,56465061252,50324706597,44475521785,38972049861,33855387504,29153470754,24881789304,21044459815,17635564141,14640676712,12038483590,9802416897,7902234335,6305485686,4978826228,3889138526,3004453956,2294664680,1732037838,1291541188,951008374,691161694,495527566,350266294,243946589,167282190,112854981,74838522,48733922,31128182,19477857,11922529,7126850,4152525,2352824,1293141,687194,351878,172755,80981,35956,15069,5881,2122,692,206,52,12,2"
KpOGOP??G@?C,"0,0,0,0,1,7,33,147,510,1623,4617,12059,29427,67368,146078,301859,597456,1137472,2092121,3728011,6454817,10884477,17912175,28816641,45391739,70098087,106255427,158253922,231803912,334197646,474597666,664313527,917080780,1249290217,1680176521,2231908206,2929583314,3801070487,4876697984,6188742590,7770724941,9656482702,11879044131,14469300398,17454521125,20856747013,24691125197,28964254569,33672619781,38801214529,44322429197,50195301743,56365206419,62764040855,69310957491,75913667403,82470296740,88871762751,95004614740,100754220816,106008211597,110660006506,114612310236,117780383109,120094984991,121504801100,121978289324,121504801100,120094984991,117780383109,114612310236,110660006506,106008211597,100754220816,95004614740,88871762751,82470296740,75913667403,69310957491,62764040855,56365206419,50195301743,44322429197,38801214529,33672619781,28964254569,24691125197,20856747013,17454521125,14469300398,11879044131,9656482702,7770724941,6188742590,4876697984,3801070487,2929583314,2231908206,1680176521,1249290217,917080780,664313527,474597666,334197646,231803912,158253922,106255427,70098087,45391739,28816641,17912175,10884477,6454817,3728011,2092121,1137472,597456,301859,146078,67368,29427,12059,4617,1623,510,147,33,7,1"
KpOGOP??G@G?,"0,0,0,0,0,2,14,78,330,1156,3583,9924,25266,59728,132727,279266,560709,1079441,2002863,3594348,6259330,10604605,17519794,28277089,44663073,69131418,104993915,156633953,229755603,331646685,471466385,660525186,912560815,1243972057,1674004095,2224842093,2921603021,3792182108,4866934496,6178170832,7759444409,9644630052,11866789535,14456850535,17442110403,20844638397,24679599394,28953607193,33663148609,38793215027,44316180316,50191062374,56363201305,62764457212,69313934160,75919293306,82478602653,88882723419,95018143993,100770176623,106026395163,110680169649,114634158275,117803584433,120119175079,121529594007,122003284314,121529594007,120119175079,117803584433,114634158275,110680169649,106026395163,100770176623,95018143993,88882723419,82478602653,75919293306,69313934160,62764457212,56363201305,50191062374,44316180316,38793215027,33663148609,28953607193,24679599394,20844638397,17442110403,14456850535,11866789535,9644630052,7759444409,6178170832,4866934496,3792182108,2921603021,2224842093,1674004095,1243972057,912560815,660525186,471466385,331646685,229755603,156633953,104993915,69131418,44663073,28277089,17519794,10604605,6259330,3594348,2002863,1079441,560709,279266,132727,59728,25266,9924,3583,1156,330,78,14,2"
KpOGOP??I??@,"0,0,0,0,0,1,12,60,274,987,3141,8906,23054,55253,124152,263659,533232,1033073,1926589,3472910,6070373,10318305,17094474,27659762,43782697,67901095,103302211,154349676,226717427,327672588,466342020,654019468,904414387,1233921093,1661768744,2210160051,2904218453,3771888345,4843562668,6151640220,7729747699,9611888044,11831229783,14418860891,17402206439,20803510498,24638064946,28912645528,33623836983,38756747678,44283788508,50164019924,56342732061,62751731070,69309971721,75924958863,82494516431,88909262917,95055372672,100817862728,106083966817,110746755894,114708574420,117884397997,120204717661,121618048272,122092715722,121618048272,120204717661,117884397997,114708574420,110746755894,106083966817,100817862728,95055372672,88909262917,82494516431,75924958863,69309971721,62751731070,56342732061,50164019924,44283788508,38756747678,33623836983,28912645528,24638064946,20803510498,17402206439,14418860891,11831229783,9611888044,7729747699,6151640220,4843562668,3771888345,2904218453,2210160051,1661768744,1233921093,904414387,654019468,466342020,327672588,226717427,154349676,103302211,67901095,43782697,27659762,17094474,10318305,6070373,3472910,1926589,1033073,533232,263659,124152,55253,23054,8906,3141,987,274,60,12,1"
KpOGOP??I?G?,"0,0,0,0,0,3,20,96,392,1337,4061,11082,27863,65136,143467,299482,597169,1142771,2109289,3767734,6534323,11029558,18161321,29224406,46033518,71075242,107700734,160336805,234736140,338236935,480050359,671534868,926472513,1261294106,1695263751,2250563812,2952285906,3828267286,4908774718,6225990421,7813304265,9704387344,11932066958,14527003086,17516208372,20921452939,24757608711,29031009534,33737899054,38863069249,44378763487,50243943023,56403984650,62790878056,69323961481,75911224895,82451162067,88835136421,94950205365,100682288748,105919589649,110556094773,114495046293,117652185212,119958672065,121363493480,121835295730,121363493480,119958672065,117652185212,114495046293,110556094773,105919589649,100682288748,94950205365,88835136421,82451162067,75911224895,69323961481,62790878056,56403984650,50243943023,44378763487,38863069249,33737899054,29031009534,24757608711,20921452939,17516208372,14527003086,11932066958,9704387344,7813304265,6225990421,4908774718,3828267286,2952285906,2250563812,1695263751,1261294106,926472513,671534868,480050359,338236935,234736140,160336805,107700734,71075242,46033518,29224406,18161321,11029558,6534323,3767734,2109289,1142771,597169,299482,143467,65136,27863,11082,4061,1337,392,96,20,3"
KpOGOP?OA?G?,"0,0,0,0,2,13,56,224,750,2289,6294,16034,38025,85134,180698,366418,712750,1336540,2424236,4266846,7305163,12194105,19882343,31718233,49577919,76023502,114489367,169498552,246903507,354149654,500550198,697561814,959045956,1301492075,1744185166,2309287805,3021814593,3909464834,5002294352,6332200289,7932208232,9835551724,12074552121,14679307993,17676232955,21086482104,24924324461,29195531957,33895859725,39009716886,44509100887,50352891033,56486568001,62842425880,69340311539,75888927143,82387662900,88728942330,94801005374,100491039965,105688545002,110288786370,114196201514,117327601561,119615030288,121008142889,121475994192,121008142889,119615030288,117327601561,114196201514,110288786370,105688545002,100491039965,94801005374,88728942330,82387662900,75888927143,69340311539,62842425880,56486568001,50352891033,44509100887,39009716886,33895859725,29195531957,24924324461,21086482104,17676232955,14679307993,12074552121,9835551724,7932208232,6332200289,5002294352,3909464834,3021814593,2309287805,1744185166,1301492075,959045956,697561814,500550198,354149654,246903507,169498552,114489367,76023502,49577919,31718233,19882343,12194105,7305163,4266846,2424236,1336540,712750,366418,180698,85134,38025,16034,6294,2289,750,224,56,13,2"
KpOGQ?@?Q??@,"0,0,0,0,0,1,9,49,229,849,2775,8021,21114,51274,116431,249389,508013,989993,1855448,3358635,5891848,10045972,16688616,27067214,42935252,66711131,101661738,152125713,223752479,323780903,461313370,647616181,896380896,1223983660,1649650560,2195585003,2886933817,3751669285,4820243838,6125120512,7700024377,9579060406,11795534701,14380664395,17362039572,20762046476,24596142757,28871232568,33584041957,38719756590,44250872105,50136449833,56321774557,62738555607,69305644720,75930339437,82510267291,88935751836,95092694906,100865766793,106141904432,110813821521,114783595434,117965899156,120291029898,121707303793,122182976660,121707303793,120291029898,117965899156,114783595434,110813821521,106141904432,100865766793,95092694906,88935751836,82510267291,75930339437,69305644720,62738555607,56321774557,50136449833,44250872105,38719756590,33584041957,28871232568,24596142757,20762046476,17362039572,14380664395,11795534701,9579060406,7700024377,6125120512,4820243838,3751669285,2886933817,2195585003,1649650560,1223983660,896380896,647616181,461313370,323780903,223752479,152125713,101661738,66711131,42935252,27067214,16688616,10045972,5891848,3358635,1855448,989993,508013,249389,116431,51274,21114,8021,2775,849,229,49,9,1"
KpOGQ?@?Q?G?,"0,0,0,0,0,1,12,70,308,1121,3523,9896,25377,60264,134271,282972,568495,1094707,2030909,3643482,6342047,10739124,17731595,28601664,45147926,69838898,106004024,158047225,231694904,334260087,474927203,665031368,918333715,1251252288,1683043981,2235898524,2934925230,3807997000,4885432392,6199486771,7783638067,9671669428,11896532508,14489027690,17476316340,20880323471,24716067449,28990025226,33698559972,38826558457,44346325011,50216842695,56383457892,62778088312,69319943429,75916834939,82467034047,88861642209,94987417879,100729970242,105977178133,110622709097,114569509167,117733055388,120044283477,121452019184,121924805166,121452019184,120044283477,117733055388,114569509167,110622709097,105977178133,100729970242,94987417879,88861642209,82467034047,75916834939,69319943429,62778088312,56383457892,50216842695,44346325011,38826558457,33698559972,28990025226,24716067449,20880323471,17476316340,14489027690,11896532508,9671669428,7783638067,6199486771,4885432392,3807997000,2934925230,2235898524,1683043981,1251252288,918333715,665031368,474927203,334260087,231694904,158047225,106004024,69838898,45147926,28601664,17731595,10739124,6342047,3643482,2030909,1094707,568495,282972,134271,60264,25377,9896,3523,1121,308,70,12,1"
KpOGQ?@O??g?,"0,0,0,0,0,0,7,47,233,912,3001,8727,22887,55350,124951,266235,539293,1045839,1950992,3517053,6146235,10443719,17294429,27969275,44248613,68585497,104284627,155730261,228619360,330243855,469756634,658476227,910136398,1241149759,1670760130,2221172238,2917505014,3787678207,4862051672,6172963565,7753972493,9638980764,11861054384,14451145190,17436550577,20839356510,24674722978,28949269881,33659474004,38790321214,44314170214,50190022990,56363202596,62765543745,69316134827,75922605136,82483011725,88888181370,95024598864,100777540558,106034585328,110689068453,114643661198,117813553719,120129493154,121540111544,122013878016,121540111544,120129493154,117813553719,114643661198,110689068453,106034585328,100777540558,95024598864,88888181370,82483011725,75922605136,69316134827,62765543745,56363202596,50190022990,44314170214,38790321214,33659474004,28949269881,24674722978,20839356510,17436550577,14451145190,11861054384,9638980764,7753972493,6172963565,4862051672,3787678207,2917505014,2221172238,1670760130,1241149759,910136398,658476227,469756634,330243855,228619360,155730261,104284627,68585497,44248613,27969275,17294429,10443719,6146235,3517053,1950992,1045839,539293,266235,124951,55350,22887,8727,3001,912,233,47,7"
KpOGQ?@OA?G?,"0,0,0,0,0,4,26,124,486,1620,4793,12826,31656,72902,158467,327176,646189,1226537,2247779,3990336,6882734,11561759,18955940,30386083,47698071,73416022,110933645,164725991,240597725,345941717,490022863,684250720,942450421,1281084939,1719432693,2279668927,2986849737,3868745794,4955519568,6279211112,7873026683,9770416068,12003948415,14603998147,17597269011,21005215665,24842396882,29114855769,33818579451,38938159941,44445706596,50300134702,56446866701,62818044778,69333261504,75900870386,82419820449,88782019943,94875131171,100585727277,105802676205,110420625311,114343430857,117487387585,119784110213,121182932035,121652709078,121182932035,119784110213,117487387585,114343430857,110420625311,105802676205,100585727277,94875131171,88782019943,82419820449,75900870386,69333261504,62818044778,56446866701,50300134702,44445706596,38938159941,33818579451,29114855769,24842396882,21005215665,17597269011,14603998147,12003948415,9770416068,7873026683,6279211112,4955519568,3868745794,2986849737,2279668927,1719432693,1281084939,942450421,684250720,490022863,345941717,240597725,164725991,110933645,73416022,47698071,30386083,18955940,11561759,6882734,3990336,2247779,1226537,646189,327176,158467,72902,31656,12826,4793,1620,486,124,26,4"
KpOGQ@?OA?G?,"0,0,0,0,3,16,79,299,996,2960,7946,19773,45898,100736,210145,419591,805191,1491933,2677620,4668915,7927356,13134589,21273364,33734031,52443335,80022955,119975243,176898667,256727106,366989773,517082339,718537423,985280177,1333843907,1783530232,2356482260,3077652144,3974625803,5077289486,6417309871,8027421400,9940506512,12188483453,14801003742,17804004549,21218152792,25057240140,29326593879,34021584881,39126321854,44612611186,50439271600,56551871219,62882949165,69352760620,75870574972,82336497207,88643792836,94681642553,100338238542,105504108928,110075530887,113957890449,117068843547,119341135540,120724947970,121189662162,120724947970,119341135540,117068843547,113957890449,110075530887,105504108928,100338238542,94681642553,88643792836,82336497207,75870574972,69352760620,62882949165,56551871219,50439271600,44612611186,39126321854,34021584881,29326593879,25057240140,21218152792,17804004549,14801003742,12188483453,9940506512,8027421400,6417309871,5077289486,3974625803,3077652144,2356482260,1783530232,1333843907,985280177,718537423,517082339,366989773,256727106,176898667,119975243,80022955,52443335,33734031,21273364,13134589,7927356,4668915,2677620,1491933,805191,419591,210145,100736,45898,19773,7946,2960,996,299,79,16,3"
KpOI?D??I??@,"0,0,0,0,0,0,2,33,169,732,2533,7644,20559,50682,116042,250083,511055,998169,1873091,3392954,5954098,10152534,16863593,27343667,43359459,67342327,102580006,153427649,225563932,326245595,464611497,651941519,901967846,1231067478,1658505437,2206460723,2900109936,3767362790,4838685245,6146425796,7724304460,9606252026,11825552583,14413193027,17396736559,20798290276,24633308472,28908388691,33620304576,38753942153,44281929675,50163061219,56342876509,62752872705,69312289069,75928282755,82498999494,88914676704,95061847943,100825120648,106092121308,110755490223,114717992706,117894157113,120214917530,121628330765,122103179204,121628330765,120214917530,117894157113,114717992706,110755490223,106092121308,100825120648,95061847943,88914676704,82498999494,75928282755,69312289069,62752872705,56342876509,50163061219,44281929675,38753942153,33620304576,28908388691,24633308472,20798290276,17396736559,14413193027,11825552583,9606252026,7724304460,6146425796,4838685245,3767362790,2900109936,2206460723,1658505437,1231067478,901967846,651941519,464611497,326245595,225563932,153427649,102580006,67342327,43359459,27343667,16863593,10152534,5954098,3392954,1873091,998169,511055,250083,116042,50682,20559,7644,2533,732,169,33,2"
KpOI?D??I?G?,"0,0,0,0,0,1,15,87,369,1329,4101,11345,28614,67084,147653,308181,613511,1172625,2160618,3853855,6673120,11248210,18494842,29723384,46760656,72116119,109157988,162343451,237445927,341840275,484758108,677595385,934147998,1270878416,1707047568,2264852571,2969354213,3848375961,4932115712,6252704574,7843418471,9737837120,11968631511,14566336495,17557777810,20964583354,24801432661,29074528158,33779949197,38902401792,44414028427,50273784301,56427040707,62805884633,69329761496,75906868973,82435918195,88808576404,94912201848,100633074967,105859735312,110486533859,114417025160,117567257056,119868619852,121270295791,121741032500,121270295791,119868619852,117567257056,114417025160,110486533859,105859735312,100633074967,94912201848,88808576404,82435918195,75906868973,69329761496,62805884633,56427040707,50273784301,44414028427,38902401792,33779949197,29074528158,24801432661,20964583354,17557777810,14566336495,11968631511,9737837120,7843418471,6252704574,4932115712,3848375961,2969354213,2264852571,1707047568,1270878416,934147998,677595385,484758108,341840275,237445927,162343451,109157988,72116119,46760656,29723384,18494842,11248210,6673120,3853855,2160618,1172625,613511,308181,147653,67084,28614,11345,4101,1329,369,87,15,1"
KpOI?D?OA?G?,"0,0,0,0,1,9,55,227,810,2505,6981,17739,42001,93368,197076,396839,767266,1429930,2579509,4516579,7697119,12792627,20776583,33024509,51449085,78651709,118116175,174415758,253462582,362758702,511678494,711729945,976823690,1323479117,1770997927,2341529006,3060048800,3954177411,5053857498,6390825114,7997906363,9908088868,12153414795,14763669056,17764932293,21178015811,25016852955,29286900857,33983643181,39091274165,44581653731,50413614745,56532694875,62871356127,69349727997,75876906775,82352781556,88670364923,94718555272,100385244318,105560652911,110140756186,114030657734,117147761865,119424605377,120811213050,121276870268,120811213050,119424605377,117147761865,114030657734,110140756186,105560652911,100385244318,94718555272,88670364923,82352781556,75876906775,69349727997,62871356127,56532694875,50413614745,44581653731,39091274165,33983643181,29286900857,25016852955,21178015811,17764932293,14763669056,12153414795,9908088868,7997906363,6390825114,5053857498,3954177411,3060048800,2341529006,1770997927,1323479117,976823690,711729945,511678494,362758702,253462582,174415758,118116175,78651709,51449085,33024509,20776583,12792627,7697119,4516579,2579509,1429930,767266,396839,197076,93368,42001,17739,6981,2505,810,227,55,9,1"
KpOIA@?OA?G?,"0,0,0,1,5,35,141,513,1586,4489,11499,27512,61656,131286,266628,520018,977391,1778159,3139799,5396169,9044198,14811573,23738850,37287969,57470757,87009289,129519620,189726520,273698458,389103587,545472590,754462190,1030099785,1388987525,1850448502,2436588185,3172248055,4084818958,5203898365,6560764238,8187660871,10116884011,12379678799,15004952896,18017852769,21438237917,25279111415,29545070023,34230854247,39320083306,44784256858,50582103736,56659346616,62948941478,69371828968,75838226029,82249428786,88500102392,94480987889,100081942996,105195200537,109718711196,113559430854,116636412347,118883560015,120251925653,120711429922,120251925653,118883560015,116636412347,113559430854,109718711196,105195200537,100081942996,94480987889,88500102392,82249428786,75838226029,69371828968,62948941478,56659346616,50582103736,44784256858,39320083306,34230854247,29545070023,25279111415,21438237917,18017852769,15004952896,12379678799,10116884011,8187660871,6560764238,5203898365,4084818958,3172248055,2436588185,1850448502,1388987525,1030099785,754462190,545472590,389103587,273698458,189726520,129519620,87009289,57470757,37287969,23738850,14811573,9044198,5396169,3139799,1778159,977391,520018,266628,131286,61656,27512,11499,4489,1586,513,141,35,5,1"
KsaCCA?_A??@,"0,0,1,2,24,82,334,999,2918,7545,18330,41536,89364,183188,360472,683205,1252665,2228720,3858422,6514126,10744361,17342134,27430811,42572770,64900388,97275626,143473506,208393501,298290165,421021534,586302451,805957070,1094148335,1467566094,1945554784,2550158062,3306053932,4240353363,5382243564,6762455827,8412548280,10363999465,12647119351,15289786038,18316054419,21744672877,25587562715,29848321856,34520831930,39588050860,45021069757,50778508789,56806320016,63038049034,69395595595,75790495620,82125697076,88297801135,94199704824,99723563303,104763959704,109221150024,113004251848,116034239515,118246612353,119593617900,120045918342,119593617900,118246612353,116034239515,113004251848,109221150024,104763959704,99723563303,94199704824,88297801135,82125697076,75790495620,69395595595,63038049034,56806320016,50778508789,45021069757,39588050860,34520831930,29848321856,25587562715,21744672877,18316054419,15289786038,12647119351,10363999465,8412548280,6762455827,5382243564,4240353363,3306053932,2550158062,1945554784,1467566094,1094148335,805957070,586302451,421021534,298290165,208393501,143473506,97275626,64900388,42572770,27430811,17342134,10744361,6514126,3858422,2228720,1252665,683205,360472,183188,89364,41536,18330,7545,2918,999,334,82,24,2,1"
KsaCCA?O??_A,"0,0,1,2,22,66,272,811,2362,6105,14940,34182,74206,153636,305362,584429,1081955,1943084,3393794,5777984,9606461,15622944,24888009,38886346,59656666,89950218,133415232,194809697,280235103,397390898,555835601,767247378,1045665039,1407690464,1872631648,2462561444,3202268082,4119067749,5242459564,6603601365,8234595346,10167576709,12433613909,15061428706,18075979153,21496941021,25337145809,29601040810,34283248086,39367308074,44824688873,50614140465,56681463826,62959752278,69370143961,75823108068,82220241786,88456551933,94423152048,100010289269,105110588290,109622378860,113452969102,116521722199,118762799583,120127444606,120585695550,120127444606,118762799583,116521722199,113452969102,109622378860,105110588290,100010289269,94423152048,88456551933,82220241786,75823108068,69370143961,62959752278,56681463826,50614140465,44824688873,39367308074,34283248086,29601040810,25337145809,21496941021,18075979153,15061428706,12433613909,10167576709,8234595346,6603601365,5242459564,4119067749,3202268082,2462561444,1872631648,1407690464,1045665039,767247378,555835601,397390898,280235103,194809697,133415232,89950218,59656666,38886346,24888009,15622944,9606461,5777984,3393794,1943084,1081955,584429,305362,153636,74206,34182,14940,6105,2362,811,272,66,22,2,1"
KsaCCA?O??g?,"0,0,0,1,6,37,156,558,1713,4816,12232,29030,64718,137117,277228,538468,1008642,1829508,3222030,5524397,9239638,15103017,24165025,37899316,58331916,88201534,131143314,191903015,276571375,392839501,550260518,760512316,1037639316,1398255137,1861686406,2450032583,3188117088,4103298602,5225126473,6584814122,8214524233,10146454858,12411738443,15039157764,18053726334,21475168278,25316354227,29581757860,34266012514,39352654100,44813129465,50606151072,56677466517,62960100658,69375108763,75832866801,82234871059,88476021806,94447322489,100038911296,105143309016,109658749294,113492453609,116563711000,118806621683,120172384334,120631010648,120172384334,118806621683,116563711000,113492453609,109658749294,105143309016,100038911296,94447322489,88476021806,82234871059,75832866801,69375108763,62960100658,56677466517,50606151072,44813129465,39352654100,34266012514,29581757860,25316354227,21475168278,18053726334,15039157764,12411738443,10146454858,8214524233,6584814122,5225126473,4103298602,3188117088,2450032583,1861686406,1398255137,1037639316,760512316,550260518,392839501,276571375,191903015,131143314,88201534,58331916,37899316,24165025,15103017,9239638,5524397,3222030,1829508,1008642,538468,277228,137117,64718,29030,12232,4816,1713,558,156,37,6,1"
KsaCC@??G@?C,"0,0,1,2,22,60,251,734,2108,5425,13242,30274,65898,137024,273622,526437,980107,1770349,3109615,5323230,8897340,14543224,23280121,36541220,56302676,85241824,126921916,186005512,268490630,381968863,535891934,741837805,1013759150,1368195473,1824426402,2404540552,3133396402,4038444221,5149389468,6497674055,8115764332,10036236440,12290669336,14908354128,17914859337,21330489398,25168694310,29434499696,34123033232,39218235009,44691834343,50502675385,56596463259,62905991603,69351888775,75843907057,82282733435,88562298203,94572509200,100202322471,105343037110,109891678309,113754327975,116849257486,119109720928,120486280331,120948550778,120486280331,119109720928,116849257486,113754327975,109891678309,105343037110,100202322471,94572509200,88562298203,82282733435,75843907057,69351888775,62905991603,56596463259,50502675385,44691834343,39218235009,34123033232,29434499696,25168694310,21330489398,17914859337,14908354128,12290669336,10036236440,8115764332,6497674055,5149389468,4038444221,3133396402,2404540552,1824426402,1368195473,1013759150,741837805,535891934,381968863,268490630,186005512,126921916,85241824,56302676,36541220,23280121,14543224,8897340,5323230,3109615,1770349,980107,526437,273622,137024,65898,30274,13242,5425,2108,734,251,60,22,2,1"
KsaCC@??G@G?,"0,0,0,1,4,27,111,417,1297,3698,9598,23218,52658,113381,232744,458376,869710,1596193,2841533,4920089,8303737,13686543,22066825,34853396,53994372,82135948,122807574,180636518,261585990,373214284,524943895,728330173,997313669,1348434022,1800986932,2377095533,3101674672,4002253570,5108641665,6452408038,8066169219,9982671201,12233679550,14848681606,17853445070,21268468705,25107383586,29375373164,34067689830,39168356733,44649136171,50468849642,56573119260,62894593275,69353691527,75859899814,82313587048,88608322302,94633620141,100278025390,105432423780,109993440267,113866785364,116970402791,119237275596,120617763521,121081357404,120617763521,119237275596,116970402791,113866785364,109993440267,105432423780,100278025390,94633620141,88608322302,82313587048,75859899814,69353691527,62894593275,56573119260,50468849642,44649136171,39168356733,34067689830,29375373164,25107383586,21268468705,17853445070,14848681606,12233679550,9982671201,8066169219,6452408038,5108641665,4002253570,3101674672,2377095533,1800986932,1348434022,997313669,728330173,524943895,373214284,261585990,180636518,122807574,82135948,53994372,34853396,22066825,13686543,8303737,4920089,2841533,1596193,869710,458376,232744,113381,52658,23218,9598,3698,1297,417,111,27,4,1"
KsaCC@??I??@,"0,0,0,1,3,27,92,376,1150,3389,8817,21604,49358,107160,221240,438298,835437,1539722,2750798,4778349,8087135,13362949,21593038,34173275,53035647,80808175,120999114,178212731,258387611,369057024,519618761,721605707,988940436,1338150782,1788529208,2362206533,3084118835,3981831806,5085208905,6425890894,8036584745,9950143986,12198457982,14811150338,17814132925,21228051298,25066680042,29335335109,34029383089,39132935161,44617808210,50442838768,56553619381,62882721095,69350436966,75866078650,82329797101,88634905946,94670634541,100325223806,105489248311,110059028103,113939987377,117049815676,119321284568,120704595458,121169141294,120704595458,119321284568,117049815676,113939987377,110059028103,105489248311,100325223806,94670634541,88634905946,82329797101,75866078650,69350436966,62882721095,56553619381,50442838768,44617808210,39132935161,34029383089,29335335109,25066680042,21228051298,17814132925,14811150338,12198457982,9950143986,8036584745,6425890894,5085208905,3981831806,3084118835,2362206533,1788529208,1338150782,988940436,721605707,519618761,369057024,258387611,178212731,120999114,80808175,53035647,34173275,21593038,13362949,8087135,4778349,2750798,1539722,835437,438298,221240,107160,49358,21604,8817,3389,1150,376,92,27,3,1"
KsaCC@??I?G?,"0,0,0,0,4,20,96,362,1179,3447,9077,22186,50869,110405,228034,451312,859646,1582588,2824412,4900282,8283468,13670404,22063121,34875449,54062216,82278607,123065404,181063600,262252786,374209731,526376931,730331181,1000034569,1352046469,1805678696,2383065474,3109125567,4011382500,5119628226,6465400806,8081270718,9999922676,12253045959,14870037168,17876561039,21293005542,25132887985,29401279521,34093327604,39192964733,44671883661,50488863744,56589518100,62906522291,69360362099,75860629021,82307836050,88595729712,94614028742,100251501734,105399269050,109954189991,113822197678,116921435564,119185053065,120563535280,121026451630,120563535280,119185053065,116921435564,113822197678,109954189991,105399269050,100251501734,94614028742,88595729712,82307836050,75860629021,69360362099,62906522291,56589518100,50488863744,44671883661,39192964733,34093327604,29401279521,25132887985,21293005542,17876561039,14870037168,12253045959,9999922676,8081270718,6465400806,5119628226,4011382500,3109125567,2383065474,1805678696,1352046469,1000034569,730331181,526376931,374209731,262252786,181063600,123065404,82278607,54062216,34875449,22063121,13670404,8283468,4900282,2824412,1582588,859646,451312,228034,110405,50869,22186,9077,3447,1179,362,96,20,4"
KsaCA?@?OA?G,"0,0,1,2,22,58,244,709,2008,5155,12548,28595,62245,129588,259165,499706,932651,1689122,2974997,5106403,8557357,14023017,22502061,35402095,54667930,82939959,123738791,181678891,262706170,374357668,526030941,729252922,997932160,1348575920,1800448394,2375644992,3099058278,3998204618,5102892238,6444705014,8056291788,9970450114,12219015555,14831566042,17833977908,21246873082,25084014288,29350719899,34042374174,39143120487,44624821831,50446371677,56553428590,62878637100,69342370085,75854019653,82313814726,88615143095,94647304803,100298604573,105459672703,110026875794,113905676480,117013795041,119284027220,120666590809,121130887028,120666590809,119284027220,117013795041,113905676480,110026875794,105459672703,100298604573,94647304803,88615143095,82313814726,75854019653,69342370085,62878637100,56553428590,50446371677,44624821831,39143120487,34042374174,29350719899,25084014288,21246873082,17833977908,14831566042,12219015555,9970450114,8056291788,6444705014,5102892238,3998204618,3099058278,2375644992,1800448394,1348575920,997932160,729252922,526030941,374357668,262706170,181678891,123738791,82939959,54667930,35402095,22502061,14023017,8557357,5106403,2974997,1689122,932651,499706,259165,129588,62245,28595,12548,5155,2008,709,244,58,22,2,1"
KsaCA?@?OAG?,"0,0,0,1,4,25,97,365,1129,3212,8362,20377,46547,101071,209165,415177,793696,1467067,2628862,4579498,7772265,12876940,20860759,33093841,51477406,78602157,117933677,174027766,252769969,361637822,509973657,709257859,973366476,1318792658,1764810926,2333556629,3049997358,3941763417,5038818995,6372946723,7977035975,9884163726,12126478190,14733893708,17732635243,21143672754,24981100335,29250534869,33947606904,39056638800,44549587753,50385345496,56509461684,62854359659,69340076559,75875560721,82360498808,88687653334,94745635288,100422022320,105606707061,110195337251,114092705184,117215936671,119497335243,120886750282,121353355786,120886750282,119497335243,117215936671,114092705184,110195337251,105606707061,100422022320,94745635288,88687653334,82360498808,75875560721,69340076559,62854359659,56509461684,50385345496,44549587753,39056638800,33947606904,29250534869,24981100335,21143672754,17732635243,14733893708,12126478190,9884163726,7977035975,6372946723,5038818995,3941763417,3049997358,2333556629,1764810926,1318792658,973366476,709257859,509973657,361637822,252769969,174027766,117933677,78602157,51477406,33093841,20860759,12876940,7772265,4579498,2628862,1467067,793696,415177,209165,101071,46547,20377,8362,3212,1129,365,97,25,4,1"
KsaCA?@?Q??@,"0,0,0,1,3,24,76,306,926,2729,7157,17751,41091,90444,189259,379755,732537,1364945,2463208,4318129,7369606,12270808,19967433,31803408,49648390,76056104,114449744,169338238,246557291,353532722,499556233,696061343,956885858,1298496700,1740159747,2304023105,3015094584,3901075897,4992037876,6319906400,7917752367,9818869858,12055657495,14658306465,17653335819,21062015690,24898734600,29169382268,33869825172,38984569508,44485688047,50332107590,56469322365,62829602244,69332729776,75887301593,82392561969,88740753389,94819906309,100516978012,105721225895,110327674367,114240530428,117376399168,119667151859,121062313235,121530856700,121062313235,119667151859,117376399168,114240530428,110327674367,105721225895,100516978012,94819906309,88740753389,82392561969,75887301593,69332729776,62829602244,56469322365,50332107590,44485688047,38984569508,33869825172,29169382268,24898734600,21062015690,17653335819,14658306465,12055657495,9818869858,7917752367,6319906400,4992037876,3901075897,3015094584,2304023105,1740159747,1298496700,956885858,696061343,499556233,353532722,246557291,169338238,114449744,76056104,49648390,31803408,19967433,12270808,7369606,4318129,2463208,1364945,732537,379755,189259,90444,41091,17751,7157,2729,926,306,76,24,3,1"
KsaCA?@?Q?G?,"0,0,0,0,2,10,61,243,829,2521,6901,17400,40959,90951,191628,385926,746450,1392745,2515249,4409986,7525019,12523822,20366515,32414921,50561510,77387507,116349018,171992561,250196025,358430426,506034184,704486948,967668448,1312079992,1757009690,2324611742,3039878897,3930472272,5026392304,6359461968,7962614566,9868972589,12110730622,14717847634,17716589265,21127960393,24966083814,29236595351,33935134014,39046019228,44541192963,50379519416,56506510045,62854538414,69343581799,75882521190,82370970089,88701613668,94762984118,100442580290,105630219818,110221481070,114121093781,117246130069,119528849994,120919070547,121385946578,120919070547,119528849994,117246130069,114121093781,110221481070,105630219818,100442580290,94762984118,88701613668,82370970089,75882521190,69343581799,62854538414,56506510045,50379519416,44541192963,39046019228,33935134014,29236595351,24966083814,21127960393,17716589265,14717847634,12110730622,9868972589,7962614566,6359461968,5026392304,3930472272,3039878897,2324611742,1757009690,1312079992,967668448,704486948,506034184,358430426,250196025,171992561,116349018,77387507,50561510,32414921,20366515,12523822,7525019,4409986,2515249,1392745,746450,385926,191628,90951,40959,17400,6901,2521,829,243,61,10,2"
KsaCA?@O??g?,"0,0,0,0,1,9,46,198,714,2210,6218,15884,37925,85034,180872,366774,713827,1338481,2428039,4272865,7315198,12208918,19904617,31749710,49622176,76083156,114569523,169602647,247037653,354318044,500759502,697816396,959352516,1301854446,1744608717,2309774516,3022367599,3910083042,5002977049,6332942451,7933004654,9836392755,12075427305,14680202903,17677131807,21087366243,24925174701,29196326554,33896577580,39010335740,44509599659,50353249416,56486767798,62842450961,69340149780,75888569568,82387105174,88728184129,94800051343,100489898712,105687230710,110287316932,114194599221,117325892046,119613242578,121006307100,121474142648,121006307100,119613242578,117325892046,114194599221,110287316932,105687230710,100489898712,94800051343,88728184129,82387105174,75888569568,69340149780,62842450961,56486767798,50353249416,44509599659,39010335740,33896577580,29196326554,24925174701,21087366243,17677131807,14680202903,12075427305,9836392755,7933004654,6332942451,5002977049,3910083042,3022367599,2309774516,1744608717,1301854446,959352516,697816396,500759502,354318044,247037653,169602647,114569523,76083156,49622176,31749710,19904617,12208918,7315198,4272865,2428039,1338481,713827,366774,180872,85034,37925,15884,6218,2210,714,198,46,9,1"
KsaCA?@OA?G?,"0,0,0,0,3,18,75,293,965,2864,7668,19046,44328,97588,204116,408525,785895,1459601,2625341,4586571,7801172,12945807,20997538,33339647,51890293,79261946,118946814,175532402,254941163,364691508,514169082,714899274,980802031,1328409435,1777025767,2348803645,3068710819,3964355931,5065655237,6404313627,8013110149,9924978996,12171894058,14783565914,17785991669,21199898370,25039132935,29309071353,34005122459,39111420378,44599782020,50429019924,56544677258,62879250411,69352933334,75874916583,82345210774,88656973574,94699267893,100360163776,105530067365,110105137422,113990650480,117104166204,119378349389,120763321563,121228426760,120763321563,119378349389,117104166204,113990650480,110105137422,105530067365,100360163776,94699267893,88656973574,82345210774,75874916583,69352933334,62879250411,56544677258,50429019924,44599782020,39111420378,34005122459,29309071353,25039132935,21199898370,17785991669,14783565914,12171894058,9924978996,8013110149,6404313627,5065655237,3964355931,3068710819,2348803645,1777025767,1328409435,980802031,714899274,514169082,364691508,254941163,175532402,118946814,79261946,51890293,33339647,20997538,12945807,7801172,4586571,2625341,1459601,785895,408525,204116,97588,44328,19046,7668,2864,965,293,75,18,3"
KsaCA@?OA?G?,"0,0,0,2,12,44,166,548,1620,4372,10976,25800,57636,122518,249112,486766,918032,1676306,2971844,5126904,8625128,14175698,22797298,35923832,55534490,84313180,125833812,184774160,267153376,380589518,534565878,740698516,1012982142,1367999848,1825073500,2406331046,3136663636,4043542444,5156678510,6507499312,8128433038,10051992424,12309666186,14930626932,17940298934,21358823240,25199473618,29467092730,34156626962,39251849248,44724347212,50532860632,56623038422,62927672656,69367449770,75852244284,82282929008,88553675784,94554680508,100175223572,105306952606,109847246230,113702526054,116791370786,119047290888,120421042468,120882362984,120421042468,119047290888,116791370786,113702526054,109847246230,105306952606,100175223572,94554680508,88553675784,82282929008,75852244284,69367449770,62927672656,56623038422,50532860632,44724347212,39251849248,34156626962,29467092730,25199473618,21358823240,17940298934,14930626932,12309666186,10051992424,8128433038,6507499312,5156678510,4043542444,3136663636,2406331046,1825073500,1367999848,1012982142,740698516,534565878,380589518,267153376,184774160,125833812,84313180,55534490,35923832,22797298,14175698,8625128,5126904,2971844,1676306,918032,486766,249112,122518,57636,25800,10976,4372,1620,548,166,44,12,2"
KsaA?CA?_CG?,"0,0,0,1,4,25,94,352,1085,3076,8008,19528,44686,97273,201812,401558,769552,1425788,2560530,4469571,7600060,12613707,20467481,32518572,50652614,77441750,116330286,171850021,249860547,357812185,505020352,702940100,965425720,1308954409,1752793296,2319081311,3032803448,3921623330,5015556683,6346457130,7947305283,9851288642,12090683603,14695547382,17692258332,21101944352,24938855243,29208753382,33907396764,39019208414,44516211655,50357322210,56488066303,62840792264,69335409649,75880686823,82376082351,88714088284,94783012993,100470109546,105664937788,110262817506,114168233155,117298035864,119584301375,120976707480,121444322156,120976707480,119584301375,117298035864,114168233155,110262817506,105664937788,100470109546,94783012993,88714088284,82376082351,75880686823,69335409649,62840792264,56488066303,50357322210,44516211655,39019208414,33907396764,29208753382,24938855243,21101944352,17692258332,14695547382,12090683603,9851288642,7947305283,6346457130,5015556683,3921623330,3032803448,2319081311,1752793296,1308954409,965425720,702940100,505020352,357812185,249860547,171850021,116330286,77441750,50652614,32518572,20467481,12613707,7600060,4469571,2560530,1425788,769552,401558,201812,97273,44686,19528,8008,3076,1085,352,94,25,4,1"
KsaA?CA?a??@,"0,0,0,1,3,24,71,287,848,2479,6489,16133,37497,83020,174783,352865,684709,1282924,2327161,4098959,7025815,11744830,19181007,30652442,47997590,73732904,111238912,164976727,240729930,345870135,489635136,683407938,940983005,1278795717,1716097217,2275043345,2980676800,3860766519,4945486576,6266905402,7858275949,9753113887,11984073956,14581632939,17572616197,20978609217,24814310731,29085901388,33789500998,38909816277,44419051161,50276179866,56426648818,62802577923,69323493834,75897633516,82423785534,88793652699,94894660751,100613119668,105837622367,110462539036,114391462841,117540450929,119840919708,121242052200,121712610152,121242052200,119840919708,117540450929,114391462841,110462539036,105837622367,100613119668,94894660751,88793652699,82423785534,75897633516,69323493834,62802577923,56426648818,50276179866,44419051161,38909816277,33789500998,29085901388,24814310731,20978609217,17572616197,14581632939,11984073956,9753113887,7858275949,6266905402,4945486576,3860766519,2980676800,2275043345,1716097217,1278795717,940983005,683407938,489635136,345870135,240729930,164976727,111238912,73732904,47997590,30652442,19181007,11744830,7025815,4098959,2327161,1282924,684709,352865,174783,83020,37497,16133,6489,2479,848,287,71,24,3,1"
KsaA?CA?a?G?,"0,0,0,0,2,8,50,204,703,2165,5998,15356,36618,82256,175072,355781,693674,1303453,2368737,4176150,7161164,11971042,19545042,31219052,48854364,74995064,113054804,167532734,244255158,350639749,495972035,691682273,951608150,1292220767,1732795004,2295494128,3005346993,3890082765,4979805678,6306481149,7903224035,9803376980,12039388825,14641501396,17636283491,21045051448,24882234062,29153753502,33855497774,38971982731,44475278104,50324292731,56464488670,62828088975,69334816011,75893193353,82402382425,88754533815,94837581066,100538382851,105746099569,110355662895,114271195770,117409228968,119701573176,121097708059,121566579284,121097708059,119701573176,117409228968,114271195770,110355662895,105746099569,100538382851,94837581066,88754533815,82402382425,75893193353,69334816011,62828088975,56464488670,50324292731,44475278104,38971982731,33855497774,29153753502,24882234062,21045051448,17636283491,14641501396,12039388825,9803376980,7903224035,6306481149,4979805678,3890082765,3005346993,2295494128,1732795004,1292220767,951608150,691682273,495972035,350639749,244255158,167532734,113054804,74995064,48854364,31219052,19545042,11971042,7161164,4176150,2368737,1303453,693674,355781,175072,82256,36618,15356,5998,2165,703,204,50,8,2"
KsaA?CAO??_A,"0,0,0,1,3,23,69,269,786,2307,6060,15105,35328,78613,166331,337488,657783,1237212,2252153,3979246,6839652,11462186,18761335,30042017,47127173,72514529,109563371,162710976,237715665,341922411,484543044,676936200,932876027,1268783511,1703904378,2260399523,2963330669,3840501566,4922139037,6240382964,7828577494,9720347760,11948475157,14543577018,17532628726,20937369002,24772647679,29044785649,33750024503,38873166735,44386477489,50248950755,56406007240,62789690620,69319399726,75903193932,82439637421,88820168345,94931917112,100660877251,105895317507,110529289744,114466087940,117621502837,119926729935,121330786041,121802330074,121330786041,119926729935,117621502837,114466087940,110529289744,105895317507,100660877251,94931917112,88820168345,82439637421,75903193932,69319399726,62789690620,56406007240,50248950755,44386477489,38873166735,33750024503,29044785649,24772647679,20937369002,17532628726,14543577018,11948475157,9720347760,7828577494,6240382964,4922139037,3840501566,2963330669,2260399523,1703904378,1268783511,932876027,676936200,484543044,341922411,237715665,162710976,109563371,72514529,47127173,30042017,18761335,11462186,6839652,3979246,2252153,1237212,657783,337488,166331,78613,35328,15105,6060,2307,786,269,69,23,3,1"
KsaA?CAO??g?,"0,0,0,0,1,6,33,141,530,1684,4877,12834,31408,71931,155874,321273,634091,1203536,2206514,3919358,6765182,11373636,18663533,29943689,47044811,72472837,109600248,162877971,238083411,342581071,485606709,678542119,935187347,1271985777,1708203800,2266016298,2970492394,3849431787,4933045274,6253441537,7843916739,9738031619,11968485507,14565798592,17556834132,20963211507,24799654062,29072359833,33777453651,38899637785,44411097765,50270780463,56424091447,62803101935,69327278622,75904793431,82434362946,88807616889,94911904716,100633462853,105860813054,110488260741,114419340463,117570059887,119871794786,121273698780,121744515878,121273698780,119871794786,117570059887,114419340463,110488260741,105860813054,100633462853,94911904716,88807616889,82434362946,75904793431,69327278622,62803101935,56424091447,50270780463,44411097765,38899637785,33777453651,29072359833,24799654062,20963211507,17556834132,14565798592,11968485507,9738031619,7843916739,6253441537,4933045274,3849431787,2970492394,2266016298,1708203800,1271985777,935187347,678542119,485606709,342581071,238083411,162877971,109600248,72472837,47044811,29943689,18663533,11373636,6765182,3919358,2206514,1203536,634091,321273,155874,71931,31408,12834,4877,1684,530,141,33,6,1"
KsaA?CAOA?G?,"0,0,0,0,1,8,43,187,657,2068,5825,15057,36188,81749,174733,356193,695937,1309592,2382337,4203030,7210340,12056048,19685525,31442805,49199407,75512194,113810111,168610288,245759556,352697988,498734424,695322680,956322805,1298225097,1740318081,2304771203,3016609559,3903546349,4995655359,6324855285,7924196710,9826940775,12065438284,14669818040,17666523948,21076740227,24914762263,29186383629,33887375555,39002156309,44502724881,50347953057,56483305404,62841050711,69341002214,75891820008,82392845389,88736446645,94810805070,100503047963,105702614603,110304713342,114213728752,117346425728,119634809853,121028507581,121496556032,121028507581,119634809853,117346425728,114213728752,110304713342,105702614603,100503047963,94810805070,88736446645,82392845389,75891820008,69341002214,62841050711,56483305404,50347953057,44502724881,39002156309,33887375555,29186383629,24914762263,21076740227,17666523948,14669818040,12065438284,9826940775,7924196710,6324855285,4995655359,3903546349,3016609559,2304771203,1740318081,1298225097,956322805,695322680,498734424,352697988,245759556,168610288,113810111,75512194,49199407,31442805,19685525,12056048,7210340,4203030,2382337,1309592,695937,356193,174733,81749,36188,15057,5825,2068,657,187,43,8,1"
KsaA?D??I??@,"0,0,0,0,1,4,33,113,468,1469,4396,11650,28975,66963,146667,304401,604974,1154306,2126514,3792077,6568808,11076448,18224775,29307819,46142164,71213317,107874671,160551309,234997958,338550642,480422170,671968153,926971927,1261861003,1695899690,2251266672,2953053497,3829093217,4909652055,6226908467,7814251302,9705348668,11933026740,14527943535,17517110489,20922297303,24758375582,29031679763,33738454012,38863492306,44379038577,50244057828,56403927685,62790642518,69323541853,75910621062,82450375057,88834172861,94949072702,100680999675,105918157318,110554537898,114493382829,117650438191,119956863275,121361648202,121833437324,121361648202,119956863275,117650438191,114493382829,110554537898,105918157318,100680999675,94949072702,88834172861,82450375057,75910621062,69323541853,62790642518,56403927685,50244057828,44379038577,38863492306,33738454012,29031679763,24758375582,20922297303,17517110489,14527943535,11933026740,9705348668,7814251302,6226908467,4909652055,3829093217,2953053497,2251266672,1695899690,1261861003,926971927,671968153,480422170,338550642,234997958,160551309,107874671,71213317,46142164,29307819,18224775,11076448,6568808,3792077,2126514,1154306,604974,304401,146667,66963,28975,11650,4396,1469,468,113,33,4,1"
KsaA?D??I?G?,"0,0,0,0,0,6,30,140,540,1761,5132,13551,33128,75832,163961,337031,663248,1255345,2295054,4065906,7000450,11741196,19223602,30777806,48260182,74208291,112031055,166221259,242602119,348587148,493461312,688654488,948009268,1288002657,1727920167,2289937687,2999101586,3883160875,4972243071,6298338583,7894588324,9794361880,12030133916,14632171206,17627061947,21036140052,24873844711,29146104888,33848806874,38966459709,44471116920,50321668425,56463548339,62828949629,69337557649,75897858604,82408973220,88763013511,94847872244,100550370649,105759633470,110370561444,114287249629,117426206257,119719223037,121115766380,121584774570,121115766380,119719223037,117426206257,114287249629,110370561444,105759633470,100550370649,94847872244,88763013511,82408973220,75897858604,69337557649,62828949629,56463548339,50321668425,44471116920,38966459709,33848806874,29146104888,24873844711,21036140052,17627061947,14632171206,12030133916,9794361880,7894588324,6298338583,4972243071,3883160875,2999101586,2289937687,1727920167,1288002657,948009268,688654488,493461312,348587148,242602119,166221259,112031055,74208291,48260182,30777806,19223602,11741196,7000450,4065906,2295054,1255345,663248,337031,163961,75832,33128,13551,5132,1761,540,140,30,6"
KsaA?D?OA?G?,"0,0,0,0,3,18,73,281,937,2773,7458,18605,43436,95902,201135,403402,777461,1446128,2604459,4555057,7754724,12878885,20903186,33209173,51713291,79025993,118637565,175133635,254435032,364058778,513389680,713952922,979669187,1327072082,1775468616,2347015132,3066684521,3962091688,5063160216,6401603140,8010208399,9921919458,12168719780,14780328876,17782752238,21196723964,25036096862,29306250795,34002596403,39109267021,44598076564,50427832005,56544068949,62879273442,69353627473,75876307693,82347310188,88659776869,94702754833,100364298031,105534797655,110110398260,113996364189,117110243845,119384693506,120769827947,121234987694,120769827947,119384693506,117110243845,113996364189,110110398260,105534797655,100364298031,94702754833,88659776869,82347310188,75876307693,69353627473,62879273442,56544068949,50427832005,44598076564,39109267021,34002596403,29306250795,25036096862,21196723964,17782752238,14780328876,12168719780,9921919458,8010208399,6401603140,5063160216,3962091688,3066684521,2347015132,1775468616,1327072082,979669187,713952922,513389680,364058778,254435032,175133635,118637565,79025993,51713291,33209173,20903186,12878885,7754724,4555057,2604459,1446128,777461,403402,201135,95902,43436,18605,7458,2773,937,281,73,18,3"
KsaAA@?OA?G?,"0,0,0,2,12,46,172,572,1704,4597,11526,27071,60320,127842,259197,505001,949778,1729727,3059012,5265318,8839354,14499594,23276432,36618162,56521446,85690591,127722795,187321803,270534545,385007806,540252968,747911992,1022001220,1379118505,1838591029,2422539801,3155834148,4065906203,5182408449,6536689247,8161076640,10087963204,12348699658,14972305730,17984042883,21403885560,25244944621,29511911598,34199601936,39291686741,44759689082,50562328973,56645286019,62941436733,69371607411,75845866680,82265331846,88524462547,94513775670,100122894441,105243817450,109774268162,113620991811,116702854783,118953606611,120324182804,120784432170,120324182804,118953606611,116702854783,113620991811,109774268162,105243817450,100122894441,94513775670,88524462547,82265331846,75845866680,69371607411,62941436733,56645286019,50562328973,44759689082,39291686741,34199601936,29511911598,25244944621,21403885560,17984042883,14972305730,12348699658,10087963204,8161076640,6536689247,5182408449,4065906203,3155834148,2422539801,1838591029,1379118505,1022001220,747911992,540252968,385007806,270534545,187321803,127722795,85690591,56521446,36618162,23276432,14499594,8839354,5265318,3059012,1729727,949778,505001,259197,127842,60320,27071,11526,4597,1704,572,172,46,12,2"
Ks`?GGCO??_A,"0,0,0,1,3,23,67,263,750,2191,5747,14328,33586,74986,159188,324198,634077,1196437,2184405,3869955,6668006,11199387,18368136,29466259,46301089,71351683,107955920,160527198,234797730,338085511,479575372,670600712,924914117,1258921027,1691859810,2245895429,2946107183,3820332676,4898850491,6213871926,7798832077,9687467145,11912686409,14505249844,17492285873,20895690655,24730468521,29003085661,33709909663,38835842972,44353215778,50221045288,56384727946,62776232656,69314829786,75908398943,82455276782,88846632326,94969293761,100708931832,105953483611,110596674894,114541493368,117703456559,120013532879,121420569231,121893118678,121420569231,120013532879,117703456559,114541493368,110596674894,105953483611,100708931832,94969293761,88846632326,82455276782,75908398943,69314829786,62776232656,56384727946,50221045288,44353215778,38835842972,33709909663,29003085661,24730468521,20895690655,17492285873,14505249844,11912686409,9687467145,7798832077,6213871926,4898850491,3820332676,2946107183,2245895429,1691859810,1258921027,924914117,670600712,479575372,338085511,234797730,160527198,107955920,71351683,46301089,29466259,18368136,11199387,6668006,3869955,2184405,1196437,634077,324198,159188,74986,33586,14328,5747,2191,750,263,67,23,3,1"
Ks`?GGCO??g?,"0,0,0,0,1,6,30,128,484,1538,4494,11926,29435,67896,148090,306930,608787,1160408,2135366,3805264,6586981,11102006,18258830,29353120,46200141,71287090,107965264,160661618,235127958,338701726,480592354,672156488,927173383,1262070804,1696108960,2251466534,2953231234,3829236380,4909745262,6226937128,7814200014,9705204044,11932776952,14527579598,17516628338,20921697390,24757664826,29030870672,33737566059,38862550272,44378074398,50243105726,56403027322,62789832934,69322863588,75910109946,82450064492,88834086970,94949229480,100681405030,105918808977,110555420360,114494472580,117651699170,119958253944,121363118738,121834935604,121363118738,119958253944,117651699170,114494472580,110555420360,105918808977,100681405030,94949229480,88834086970,82450064492,75910109946,69322863588,62789832934,56403027322,50243105726,44378074398,38862550272,33737566059,29030870672,24757664826,20921697390,17516628338,14527579598,11932776952,9705204044,7814200014,6226937128,4909745262,3829236380,2953231234,2251466534,1696108960,1262070804,927173383,672156488,480592354,338701726,235127958,160661618,107965264,71287090,46200141,29353120,18258830,11102006,6586981,3805264,2135366,1160408,608787,306930,148090,67896,29435,11926,4494,1538,484,128,30,6,1"
Ks`?GGCOA?G?,"0,0,0,0,1,6,34,162,575,1842,5280,13861,33695,76854,165529,339648,667297,1261568,2304141,4079106,7018667,11766468,19257326,30822192,48317005,74280149,112119313,166328185,242728125,348732985,493625621,688835845,948203339,1288204194,1728121185,2290129051,2999271659,3883297086,4972331239,6298364150,7894536963,9794220356,12029891113,14631818140,17626595008,21035559522,24873157495,29145323054,33847949083,38965549884,44470185826,50320749246,56462678991,62828168328,69336903004,75897365809,82408673951,88762931668,94848024354,100550763390,105760263678,110371415211,114288303185,117427425809,119720567335,121117188427,121586222906,121117188427,119720567335,117427425809,114288303185,110371415211,105760263678,100550763390,94848024354,88762931668,82408673951,75897365809,69336903004,62828168328,56462678991,50320749246,44470185826,38965549884,33847949083,29145323054,24873157495,21035559522,17626595008,14631818140,12029891113,9794220356,7894536963,6298364150,4972331239,3883297086,2999271659,2290129051,1728121185,1288204194,948203339,688835845,493625621,348732985,242728125,166328185,112119313,74280149,48317005,30822192,19257326,11766468,7018667,4079106,2304141,1261568,667297,339648,165529,76854,33695,13861,5280,1842,575,162,34,6,1"
Ks`?GH??G@G?,"0,0,0,0,1,5,28,110,422,1368,4057,10914,27242,63489,139634,291547,581813,1114722,2060296,3685563,6400790,10819416,17839160,28742913,45329882,70069161,106290173,158396721,232114655,334755488,475501810,665686998,919068769,1252061574,1683919079,2236826240,2935888359,3808974983,4886400553,6200417360,7784503039,9672438709,11897177089,14489521531,17476636437,20880451285,24715993458,28989745175,33698077716,38825887932,44345486348,50215862419,56382371314,62776932369,69318757262,75915660866,82465909291,88860599284,94986485671,100729166845,105976511999,110622183068,114569112587,117732769386,120044084237,121451874359,121924677390,121451874359,120044084237,117732769386,114569112587,110622183068,105976511999,100729166845,94986485671,88860599284,82465909291,75915660866,69318757262,62776932369,56382371314,50215862419,44345486348,38825887932,33698077716,28989745175,24715993458,20880451285,17476636437,14489521531,11897177089,9672438709,7784503039,6200417360,4886400553,3808974983,2935888359,2236826240,1683919079,1252061574,919068769,665686998,475501810,334755488,232114655,158396721,106290173,70069161,45329882,28742913,17839160,10819416,6400790,3685563,2060296,1114722,581813,291547,139634,63489,27242,10914,4057,1368,422,110,28,5,1"
Ks`?GH??I??@,"0,0,0,0,1,4,28,94,382,1201,3654,9890,25089,58983,131149,275803,554358,1067973,1983783,3563159,6211007,10531024,17411815,28121655,44445430,68832043,104591449,156101786,229065665,330766263,470362511,659161684,910903936,1241987792,1671663928,2222121176,2918486331,3788662565,4863018987,6173878279,7754810356,9639704635,11861640859,14451561325,17436779375,20839376566,24674529353,28948858263,33658855092,38789509715,44313192361,50188911504,56361994838,62764284937,69314866561,75921376539,82481858812,88887147349,95023703894,100776812977,106034024048,110688682001,114643425318,117813458000,120129493226,121540182655,122013964460,121540182655,120129493226,117813458000,114643425318,110688682001,106034024048,100776812977,95023703894,88887147349,82481858812,75921376539,69314866561,62764284937,56361994838,50188911504,44313192361,38789509715,33658855092,28948858263,24674529353,20839376566,17436779375,14451561325,11861640859,9639704635,7754810356,6173878279,4863018987,3788662565,2918486331,2222121176,1671663928,1241987792,910903936,659161684,470362511,330766263,229065665,156101786,104591449,68832043,44445430,28121655,17411815,10531024,6211007,3563159,1983783,1067973,554358,275803,131149,58983,25089,9890,3654,1201,382,94,28,4,1"
Ks`?GH??I?G?,"0,0,0,0,0,3,16,92,384,1333,4076,11204,28221,66108,145636,304052,606024,1159256,2138384,3817434,6616003,11160199,18364197,29532127,46488943,71735390,108637631,161641730,236519875,340633468,483215400,675648092,931733232,1267920197,1703483224,2260609705,2964383387,3842623834,4925562886,6245334499,7835260378,9728929222,11959067191,14556221327,17547278013,20953877410,24790758249,29064129331,33770119027,38893426738,44406227711,50267451723,56422480609,62803355174,69329506715,75909066495,82440708516,88816016936,94922295734,100645735503,105874815686,110503800780,114436191112,117587962677,119890467470,121292840157,121763815080,121292840157,119890467470,117587962677,114436191112,110503800780,105874815686,100645735503,94922295734,88816016936,82440708516,75909066495,69329506715,62803355174,56422480609,50267451723,44406227711,38893426738,33770119027,29064129331,24790758249,20953877410,17547278013,14556221327,11959067191,9728929222,7835260378,6245334499,4925562886,3842623834,2964383387,2260609705,1703483224,1267920197,931733232,675648092,483215400,340633468,236519875,161641730,108637631,71735390,46488943,29532127,18364197,11160199,6616003,3817434,2138384,1159256,606024,304052,145636,66108,28221,11204,4076,1333,384,92,16,3"
Ks`?GH?OA?G?,"0,0,0,0,1,8,44,188,673,2113,5969,15465,37157,83861,179105,364689,711647,1337398,2429787,4281443,7336097,12252359,19984451,31887600,49847197,76436648,115104253,170389266,248162847,355890895,502908327,700694087,963130717,1306725993,1750778560,2317458008,3031777171,3921422193,5016422650,6348634391,7951025652,9856756321,12098058593,14704927328,17703661428,21115294223,24953971282,29225344558,33925059639,39037433338,44534395523,50374788424,56504092476,62854641137,69346363263,75888085016,82379361260,88712814990,94776914305,100459094992,105649114166,110242493925,114143914490,117270404176,119554187838,120945056767,121412150596,120945056767,119554187838,117270404176,114143914490,110242493925,105649114166,100459094992,94776914305,88712814990,82379361260,75888085016,69346363263,62854641137,56504092476,50374788424,44534395523,39037433338,33925059639,29225344558,24953971282,21115294223,17703661428,14704927328,12098058593,9856756321,7951025652,6348634391,5016422650,3921422193,3031777171,2317458008,1750778560,1306725993,963130717,700694087,502908327,355890895,248162847,170389266,115104253,76436648,49847197,31887600,19984451,12252359,7336097,4281443,2429787,1337398,711647,364689,179105,83861,37157,15465,5969,2113,673,188,44,8,1"
Ks`?I?@O??g?,"0,0,0,0,0,1,14,66,302,1122,3528,9984,25627,61005,135993,286803,575959,1109069,2056505,3688145,6416141,10859279,17919494,28889876,45576968,70465985,106898408,159301088,233416064,336584865,478008257,669052896,923492673,1257773723,1691154792,2245841993,2946925988,3822276407,4902162989,6218808068,7805606404,9696274143,11923643038,14518419064,17507614260,20913041100,24749563014,29023547692,33731218906,38857390499,44374272496,50240835217,56402409929,62790982535,69325835722,75914945742,82456744818,88842577047,94959436966,100693223356,105932080503,110569978455,114510108268,117668201805,119975379446,121380628726,121852568876,121380628726,119975379446,117668201805,114510108268,110569978455,105932080503,100693223356,94959436966,88842577047,82456744818,75914945742,69325835722,62790982535,56402409929,50240835217,44374272496,38857390499,33731218906,29023547692,24749563014,20913041100,17507614260,14518419064,11923643038,9696274143,7805606404,6218808068,4902162989,3822276407,2946925988,2245841993,1691154792,1257773723,923492673,669052896,478008257,336584865,233416064,159301088,106898408,70465985,45576968,28889876,17919494,10859279,6416141,3688145,2056505,1109069,575959,286803,135993,61005,25627,9984,3528,1122,302,66,14,1"
Ks`?I?@OA?G?,"0,0,0,0,0,5,30,134,538,1776,5201,13808,33857,77523,167642,344445,677316,1280730,2339032,4139427,7119553,11928590,19510906,31207681,48889305,75109767,113297621,167967691,244967945,351737730,497588772,693976048,954765512,1296451570,1738330931,2302579448,3014232269,3901010889,4992999583,6322124980,7921446497,9824230861,12062834685,14667388631,17664336221,21074857767,24913242800,29185275521,33886716873,39001971336,44503024164,50348732733,56484548682,62842727203,69343072016,75894233716,82395550223,88739387382,94813929379,100506305557,105705963674,110308117750,114217163693,117349872346,119638259481,121031954795,121500002850,121031954795,119638259481,117349872346,114217163693,110308117750,105705963674,100506305557,94813929379,88739387382,82395550223,75894233716,69343072016,62842727203,56484548682,50348732733,44503024164,39001971336,33886716873,29185275521,24913242800,21074857767,17664336221,14667388631,12062834685,9824230861,7921446497,6322124980,4992999583,3901010889,3014232269,2302579448,1738330931,1296451570,954765512,693976048,497588772,351737730,244967945,167967691,113297621,75109767,48889305,31207681,19510906,11928590,7119553,4139427,2339032,1280730,677316,344445,167642,77523,33857,13808,5201,1776,538,134,30,5"
Ks`?I@?OA?G?,"0,0,0,0,3,20,82,318,1065,3134,8362,20725,47981,105024,218573,435256,833351,1540828,2759959,4803398,8141155,13466014,21775598,34478772,53525039,81563811,122129939,179859023,260725623,372302703,524030075,727484157,996629021,1348028988,1801003775,2377699205,3103048943,4004595534,5112152467,6457282668,8072582693,9990765322,12243547839,14860354000,17866873098,21283514686,25123812957,29392851150,34085781517,39186534900,44666794532,50485323632,56587711927,62906604914,69362452024,75864803987,82314129483,88604128682,94624472290,100263881674,105413431772,109969939937,113839301975,116939628649,119204043097,120583011085,121046090510,120583011085,119204043097,116939628649,113839301975,109969939937,105413431772,100263881674,94624472290,88604128682,82314129483,75864803987,69362452024,62906604914,56587711927,50485323632,44666794532,39186534900,34085781517,29392851150,25123812957,21283514686,17866873098,14860354000,12243547839,9990765322,8072582693,6457282668,5112152467,4004595534,3103048943,2377699205,1801003775,1348028988,996629021,727484157,524030075,372302703,260725623,179859023,122129939,81563811,53525039,34478772,21775598,13466014,8141155,4803398,2759959,1540828,833351,435256,218573,105024,47981,20725,8362,3134,1065,318,82,20,3"
Ks`AA@?OA?G?,"0,0,0,2,13,52,200,666,2004,5374,13397,31278,69058,144961,291276,562581,1049363,1896323,3329591,5693192,9499299,15494308,24743837,38739535,59530393,89881855,133460804,195048434,280774620,398371602,557434246,769681158,1049192454,1412609166,1879273198,2471283618,3213443262,4133066147,5259628864,6624242421,8258934979,10195739678,12465594772,15097063664,18114922242,21538648404,25380867919,29645822585,34327939009,39410586228,44865096835,50650133727,56711469852,62982235672,69383676394,75826441036,82212377233,88436803447,94391194514,99966196127,105054853596,109555918266,113377099956,116438122736,118673448589,120034547557,120491600194,120034547557,118673448589,116438122736,113377099956,109555918266,105054853596,99966196127,94391194514,88436803447,82212377233,75826441036,69383676394,62982235672,56711469852,50650133727,44865096835,39410586228,34327939009,29645822585,25380867919,21538648404,18114922242,15097063664,12465594772,10195739678,8258934979,6624242421,5259628864,4133066147,3213443262,2471283618,1879273198,1412609166,1049192454,769681158,557434246,398371602,280774620,195048434,133460804,89881855,59530393,38739535,24743837,15494308,9499299,5693192,3329591,1896323,1049363,562581,291276,144961,69058,31278,13397,5374,2004,666,200,52,13,2"
KsOGQ?@?Q??@,"0,0,0,0,1,4,26,88,342,1075,3300,9036,23165,55039,123419,261537,529034,1024743,1912219,3448307,6031377,10257224,17003541,27526013,43593400,67636449,102943207,153868654,226088811,326861179,465317391,652740802,902849916,1232029758,1659523104,2207525424,2901180657,3768427295,4839686035,6147352841,7725086104,9606888077,11825963953,14413397935,17396653847,20797970188,24632672073,28907525491,33619143934,38752614127,44280368983,50161440074,56341125428,62751195801,69310606575,75926814979,82497640432,88913652261,95061009992,100824683929,106091895482,110755666465,114718335638,117894839652,120215664000,121629297353,122104072960,121629297353,120215664000,117894839652,114718335638,110755666465,106091895482,100824683929,95061009992,88913652261,82497640432,75926814979,69310606575,62751195801,56341125428,50161440074,44280368983,38752614127,33619143934,28907525491,24632672073,20797970188,17396653847,14413397935,11825963953,9606888077,7725086104,6147352841,4839686035,3768427295,2901180657,2207525424,1659523104,1232029758,902849916,652740802,465317391,326861179,226088811,153868654,102943207,67636449,43593400,27526013,17003541,10257224,6031377,3448307,1912219,1024743,529034,261537,123419,55039,23165,9036,3300,1075,342,88,26,4,1"
KsOGQ?@?Q?G?,"0,0,0,0,0,2,11,69,308,1131,3567,10053,25791,61285,136515,287614,577418,1111175,2059918,3692874,6423185,10868788,17932957,28907037,45600122,70494492,106934971,159344370,233469020,336644779,478078443,669128515,923576632,1257858882,1691243243,2245923887,2947003374,3822336062,4902206893,6218821926,7805592113,9696216899,11923548023,14518271202,17507422799,20912795727,24749276249,29023213923,33730857832,38856999688,44373877043,50240438968,56402038632,62790642532,69325555315,75914728027,82456614696,88842535798,94959499672,100693384708,105932349513,110570338145,114510558170,117668720072,119975954477,121381233206,121853189856,121381233206,119975954477,117668720072,114510558170,110570338145,105932349513,100693384708,94959499672,88842535798,82456614696,75914728027,69325555315,62790642532,56402038632,50240438968,44373877043,38856999688,33730857832,29023213923,24749276249,20912795727,17507422799,14518271202,11923548023,9696216899,7805592113,6218821926,4902206893,3822336062,2947003374,2245923887,1691243243,1257858882,923576632,669128515,478078443,336644779,233469020,159344370,106934971,70494492,45600122,28907037,17932957,10868788,6423185,3692874,2059918,1111175,577418,287614,136515,61285,25791,10053,3567,1131,308,69,11,2"
KsOGQ?@O??g?,"0,0,0,0,0,1,9,51,242,940,3070,8919,23354,56431,127274,270926,548273,1062260,1979879,3566072,6226802,10572240,17494212,28272101,44697444,69236228,105209507,157019249,230383768,332616358,472893998,662556951,915361603,1247736624,1678939496,2231177097,2929564308,3802000074,4878813257,6192290273,7775925332,9663534517,11888086023,14480414804,17467694563,20871877282,24707991338,28982528033,33691849552,38820846525,44341809264,50213706989,56381866840,62778175126,69321811740,75920549846,82472624649,88869088513,94996670237,100740923580,105989700462,110636621864,114584612957,117749107456,120061038540,121469194866,121942126954,121469194866,120061038540,117749107456,114584612957,110636621864,105989700462,100740923580,94996670237,88869088513,82472624649,75920549846,69321811740,62778175126,56381866840,50213706989,44341809264,38820846525,33691849552,28982528033,24707991338,20871877282,17467694563,14480414804,11888086023,9663534517,7775925332,6192290273,4878813257,3802000074,2929564308,2231177097,1678939496,1247736624,915361603,662556951,472893998,332616358,230383768,157019249,105209507,69236228,44697444,28272101,17494212,10572240,6226802,3566072,1979879,1062260,548273,270926,127274,56431,23354,8919,3070,940,242,51,9,1"
KsOGQ?@OA?G?,"0,0,0,0,0,2,18,100,428,1488,4532,12368,30910,71836,157100,325790,645388,1227758,2253494,4005034,6913284,11619190,19056200,30552558,47962688,73822604,111539206,165604494,241841168,347663432,492357256,687355364,946503516,1286284156,1725988988,2287801374,2996775324,3880669412,4969619604,6295625396,7891835368,9791625884,12027476554,14629657758,17624758004,21034109080,24872145466,29144788912,33847916246,38966025564,44471158028,50322190356,56464544658,62830401410,69339435784,75900124832,82411583742,88765920552,94851028146,100553728326,105763150018,110374197766,114290973474,117429989858,119723045188,121119609146,121588624172,121119609146,119723045188,117429989858,114290973474,110374197766,105763150018,100553728326,94851028146,88765920552,82411583742,75900124832,69339435784,62830401410,56464544658,50322190356,44471158028,38966025564,33847916246,29144788912,24872145466,21034109080,17624758004,14629657758,12027476554,9791625884,7891835368,6295625396,4969619604,3880669412,2996775324,2287801374,1725988988,1286284156,946503516,687355364,492357256,347663432,241841168,165604494,111539206,73822604,47962688,30552558,19056200,11619190,6913284,4005034,2253494,1227758,645388,325790,157100,71836,30910,12368,4532,1488,428,100,18,2"
KsOGQ@?OA?G?,"0,0,0,0,1,12,61,251,883,2694,7422,18780,44182,97880,205746,413069,796169,1480111,2663467,4653693,7914178,13129035,21285058,33777799,52541299,80206502,120287450,177396736,257484883,368099860,518657566,720712238,988210093,1337703875,1788510775,2362784377,3085479587,3984175459,5088739215,6430805145,8043059785,9958322710,12208433862,14822952364,17827711151,21243265488,25083292037,29353005275,34047670853,39151307328,44635652252,50459483450,56568361448,62894854653,69359286692,75871035249,82330351762,88630681606,94661412519,100310963300,105470099259,110035334032,113912278258,117018789274,119287780379,120669559591,121133587076,120669559591,119287780379,117018789274,113912278258,110035334032,105470099259,100310963300,94661412519,88630681606,82330351762,75871035249,69359286692,62894854653,56568361448,50459483450,44635652252,39151307328,34047670853,29353005275,25083292037,21243265488,17827711151,14822952364,12208433862,9958322710,8043059785,6430805145,5088739215,3984175459,3085479587,2362784377,1788510775,1337703875,988210093,720712238,518657566,368099860,257484883,177396736,120287450,80206502,52541299,33777799,21285058,13129035,7914178,4653693,2663467,1480111,796169,413069,205746,97880,44182,18780,7422,2694,883,251,61,12,1"
KsOI?D??I??@,"0,0,0,0,0,1,5,45,181,787,2615,7893,21040,51878,118353,254953,519929,1014775,1901560,3442003,6033570,10280602,17060966,27645016,43803658,67989819,103496892,154710837,227315845,328609211,467731114,656010367,907170020,1237640694,1666657816,2216452979,2912141221,3781677575,4855422304,6165756786,7746241703,9630827718,11852582891,14442507691,17427897294,20830882126,24666612089,28941742668,33652729843,38784581806,44309624055,50186867087,56361588843,62765619115,69317991978,75926320339,82488602327,88895641624,95033863506,100788518973,106047132230,110703016633,114658797364,117829649780,120146286248,121557333975,122031240900,121557333975,120146286248,117829649780,114658797364,110703016633,106047132230,100788518973,95033863506,88895641624,82488602327,75926320339,69317991978,62765619115,56361588843,50186867087,44309624055,38784581806,33652729843,28941742668,24666612089,20830882126,17427897294,14442507691,11852582891,9630827718,7746241703,6165756786,4855422304,3781677575,2912141221,2216452979,1666657816,1237640694,907170020,656010367,467731114,328609211,227315845,154710837,103496892,67989819,43803658,27645016,17060966,10280602,6033570,3442003,1901560,1014775,519929,254953,118353,51878,21040,7893,2615,787,181,45,5,1"
KsOI?D??I?G?,"0,0,0,0,0,0,11,67,320,1219,3878,10925,27953,66095,146434,306910,612923,1173928,2166519,3868446,6703629,11304981,18594385,29888060,47023225,72518926,109759268,163215217,238681937,343551424,487081308,680685221,938186157,1276059145,1713586482,2272964854,2979262755,3860281284,4946203397,6269107378,7862224888,9759047833,11992172890,14592014389,17585299738,20993515320,24831234967,29104519244,33809357421,38930339403,44439561319,50295916200,56444798497,62818308818,69336000155,75906168347,82427717035,88792487479,94888095987,100601045409,105820164624,110440035068,114364485815,117509755455,119807446808,121206850795,121676830202,121206850795,119807446808,117509755455,114364485815,110440035068,105820164624,100601045409,94888095987,88792487479,82427717035,75906168347,69336000155,62818308818,56444798497,50295916200,44439561319,38930339403,33809357421,29104519244,24831234967,20993515320,17585299738,14592014389,11992172890,9759047833,7862224888,6269107378,4946203397,3860281284,2979262755,2272964854,1713586482,1276059145,938186157,680685221,487081308,343551424,238681937,163215217,109759268,72518926,47023225,29888060,18594385,11304981,6703629,3868446,2166519,1173928,612923,306910,146434,66095,27953,10925,3878,1219,320,67,11"
KsOI?D?OA?G?,"0,0,0,0,0,6,41,185,704,2277,6487,16815,40353,90669,192813,390594,758458,1418479,2565592,4501758,7684063,12787230,20787899,33067727,51545594,78833246,118424961,174909440,254214056,363861157,513243803,713893291,979739772,1327324028,1775961647,2347814055,3067858690,3963710986,5065292727,6404309670,8013538147,9925904801,12173371605,14785632718,17788662533,21203161933,25042947171,29313363701,34009787874,39116324762,44604763463,50433896896,56549253468,62883325522,69356309681,75877411835,82346666688,88657268366,94698321898,100357947398,105526602741,110100501361,113984971414,117097620322,119371152591,120755720968,121220689072,120755720968,119371152591,117097620322,113984971414,110100501361,105526602741,100357947398,94698321898,88657268366,82346666688,75877411835,69356309681,62883325522,56549253468,50433896896,44604763463,39116324762,34009787874,29313363701,25042947171,21203161933,17788662533,14785632718,12173371605,9925904801,8013538147,6404309670,5065292727,3963710986,3067858690,2347814055,1775961647,1327324028,979739772,713893291,513243803,363861157,254214056,174909440,118424961,78833246,51545594,33067727,20787899,12787230,7684063,4501758,2565592,1418479,758458,390594,192813,90669,40353,16815,6487,2277,704,185,41,6"
KsOIA@?OA?G?,"0,0,0,0,4,26,117,439,1433,4127,10775,26094,59177,127017,259774,509304,961494,1755323,3108591,5355036,8992589,14750124,23671009,37220575,57416206,86987001,129558720,189867785,273997259,389631766,546320598,755740754,1031940458,1391541460,1853883942,2441086366,3177997247,4092006028,5212698322,6571328116,8200101732,10131262945,12395990532,15023111746,18037680855,21459457165,25301339484,29567820635,34253542458,39342037798,44804738191,50600328824,56674518667,62960282966,69378617285,75839830032,82245344401,88489983442,94464671590,100059468532,105166820230,109684890542,113520838805,116593900277,118838131720,120204699555,120663596402,120204699555,118838131720,116593900277,113520838805,109684890542,105166820230,100059468532,94464671590,88489983442,82245344401,75839830032,69378617285,62960282966,56674518667,50600328824,44804738191,39342037798,34253542458,29567820635,25301339484,21459457165,18037680855,15023111746,12395990532,10131262945,8200101732,6571328116,5212698322,4092006028,3177997247,2441086366,1853883942,1391541460,1031940458,755740754,546320598,389631766,273997259,189867785,129558720,86987001,57416206,37220575,23671009,14750124,8992589,5355036,3108591,1755323,961494,509304,259774,127017,59177,26094,10775,4127,1433,439,117,26,4"
KsPAA@?OA?G?,"0,0,0,3,15,75,277,909,2678,7065,17308,39664,86005,177489,351096,668421,1230137,2195564,3811340,6449141,10657468,17229637,27290343,42403906,64706271,97064604,143261248,208205156,298162886,421006791,586468060,806389842,1094954850,1468872349,1947504570,2552910295,3309778217,4245222831,5388426303,6770104115,8421786414,10374910959,12659733805,15304065434,18331881539,21761843423,25605780426,29867197274,34539885079,39606721014,45038730229,50794487949,56819927202,63048603412,69402457456,75793099381,82123583521,88290645239,94187338689,99705993817,104741379740,109193939706,112972970388,115999607279,118209483890,119554949092,120006728760,119554949092,118209483890,115999607279,112972970388,109193939706,104741379740,99705993817,94187338689,88290645239,82123583521,75793099381,69402457456,63048603412,56819927202,50794487949,45038730229,39606721014,34539885079,29867197274,25605780426,21761843423,18331881539,15304065434,12659733805,10374910959,8421786414,6770104115,5388426303,4245222831,3309778217,2552910295,1947504570,1468872349,1094954850,806389842,586468060,421006791,298162886,208205156,143261248,97064604,64706271,42403906,27290343,17229637,10657468,6449141,3811340,2195564,1230137,668421,351096,177489,86005,39664,17308,7065,2678,909,277,75,15,3"
KqD?I?@O??g?,"0,0,0,0,0,0,2,48,231,966,3295,9588,25156,60630,136230,288608,581513,1121374,2081606,3734302,6497814,10995026,18139091,29230508,46093947,71225636,107994266,160840162,235542860,339457340,481830357,674035288,929897218,1265853588,1701212566,2258142480,2961774132,3839895810,4922800698,6242573618,7832611351,9726429410,11956844717,14554301560,17545793620,20952822428,24790255600,29064125384,33770716230,38894513732,44407881344,50269501732,56424984205,62806092368,69332528803,75912121402,82443862178,88819010722,94925232609,100648372250,105877306361,110505933542,114438175965,117589622710,119892060674,121294216468,121765260694,121294216468,119892060674,117589622710,114438175965,110505933542,105877306361,100648372250,94925232609,88819010722,82443862178,75912121402,69332528803,62806092368,56424984205,50269501732,44407881344,38894513732,33770716230,29064125384,24790255600,20952822428,17545793620,14554301560,11956844717,9726429410,7832611351,6242573618,4922800698,3839895810,2961774132,2258142480,1701212566,1265853588,929897218,674035288,481830357,339457340,235542860,160840162,107994266,71225636,46093947,29230508,18139091,10995026,6497814,3734302,2081606,1121374,581513,288608,136230,60630,25156,9588,3295,966,231,48,2"
KqD?I?@OA?G?,"0,0,0,0,0,1,24,136,542,1888,5630,14986,36687,83811,180303,368869,721729,1358419,2469617,4352773,7457419,12450499,20296592,32365774,50558944,77472071,116575538,172438710,250960488,359643461,507850827,707098656,971291961,1316969061,1763433180,2332864927,3050251574,3943258341,5041847095,6377810368,7983998256,9893461749,12138267062,14748262694,17749545608,21162982666,25002510236,29273625968,33971796432,39081235233,44573762138,50408206759,56530044481,62871712861,69353260128,75883741066,82362952550,88683856463,94735254948,100404987484,105583184343,110165776657,114057790312,117176599969,119454682938,120842053436,121307960656,120842053436,119454682938,117176599969,114057790312,110165776657,105583184343,100404987484,94735254948,88683856463,82362952550,75883741066,69353260128,62871712861,56530044481,50408206759,44573762138,39081235233,33971796432,29273625968,25002510236,21162982666,17749545608,14748262694,12138267062,9893461749,7983998256,6377810368,5041847095,3943258341,3050251574,2332864927,1763433180,1316969061,971291961,707098656,507850827,359643461,250960488,172438710,116575538,77472071,50558944,32365774,20296592,12450499,7457419,4352773,2469617,1358419,721729,368869,180303,83811,36687,14986,5630,1888,542,136,24,1"
KqD?I@?OA?G?,"0,0,0,0,1,14,86,342,1172,3548,9572,23604,54453,118342,244510,483222,918477,1685856,2999634,5187688,8741651,14380554,23137882,36464524,56363237,85543504,127612144,187281350,270612618,385264720,540766144,748770984,1023313813,1381004530,1841184652,2425980166,3160264910,4071463908,5189219634,6544855506,8170669138,10099007928,12361172708,14986121298,17999048230,21419852226,25261569864,29528818216,34216347517,39307771188,44774570836,50575441842,56656061592,62949326934,69376108874,75846544874,82261846596,88516589114,94501422152,100106112038,105222805849,109749373790,113592700698,116671777388,118920458656,120289758642,120749577052,120289758642,118920458656,116671777388,113592700698,109749373790,105222805849,100106112038,94501422152,88516589114,82261846596,75846544874,69376108874,62949326934,56656061592,50575441842,44774570836,39307771188,34216347517,29528818216,25261569864,21419852226,17999048230,14986121298,12361172708,10099007928,8170669138,6544855506,5189219634,4071463908,3160264910,2425980166,1841184652,1381004530,1023313813,748770984,540766144,385264720,270612618,187281350,127612144,85543504,56363237,36464524,23137882,14380554,8741651,5187688,2999634,1685856,918477,483222,244510,118342,54453,23604,9572,3548,1172,342,86,14,1"
KqDAA@?OA?G?,"0,0,0,1,8,53,218,746,2269,6256,15622,36384,79876,166669,332338,637244,1179352,2115144,3686658,6260539,10377538,16822207,26707827,41585740,63575638,95526942,141201588,205486819,294626437,416470137,580727368,799222008,1086122612,1458130767,1934609542,2537629201,3291902938,4224584216,5364910473,6743668584,8392477167,10342877614,12625243885,15267515096,18293801600,21722900134,25566771133,29829038906,34503596358,39573396886,45009510349,50770519396,56802322707,63038397414,69400560397,75800254353,82140326349,88317271008,94223875265,99752185330,104796680430,109257520458,113043736355,116076228316,118290434453,119638557628,120091233440,119638557628,118290434453,116076228316,113043736355,109257520458,104796680430,99752185330,94223875265,88317271008,82140326349,75800254353,69400560397,63038397414,56802322707,50770519396,45009510349,39573396886,34503596358,29829038906,25566771133,21722900134,18293801600,15267515096,12625243885,10342877614,8392477167,6743668584,5364910473,4224584216,3291902938,2537629201,1934609542,1458130767,1086122612,799222008,580727368,416470137,294626437,205486819,141201588,95526942,63575638,41585740,26707827,16822207,10377538,6260539,3686658,2115144,1179352,637244,332338,166669,79876,36384,15622,6256,2269,746,218,53,8,1"
KqPAA@?OA?G?,"0,0,1,4,33,136,481,1452,4093,10414,24598,54560,115173,232016,449044,838300,1515536,2661436,4552408,7599738,12403725,19824326,31070009,47807114,72293037,107536610,157480600,227210312,323179994,453453232,627946177,858669962,1159943609,1548563562,2043911968,2667983330,3445300125,4402692528,5568927546,6974167016,8649247731,10624781692,12930081565,15591919034,18633168266,22071369998,25917264056,30173349550,34832553087,39877086898,45277566221,50992459458,56967933739,63138141830,69425993140,75744429718,81998173872,88085915240,93902882460,99343722252,104305573884,108691205742,112412094121,115391311970,117566100026,118890012370,119334523082,118890012370,117566100026,115391311970,112412094121,108691205742,104305573884,99343722252,93902882460,88085915240,81998173872,75744429718,69425993140,63138141830,56967933739,50992459458,45277566221,39877086898,34832553087,30173349550,25917264056,22071369998,18633168266,15591919034,12930081565,10624781692,8649247731,6974167016,5568927546,4402692528,3445300125,2667983330,2043911968,1548563562,1159943609,858669962,627946177,453453232,323179994,227210312,157480600,107536610,72293037,47807114,31070009,19824326,12403725,7599738,4552408,2661436,1515536,838300,449044,232016,115173,54560,24598,10414,4093,1452,481,136,33,4,1"
KiPAA@?OA?G?,"0,1,1,23,78,320,925,2674,6931,16688,37467,79972,163064,318924,601173,1096382,1941028,3344837,5624136,9242410,14868679,23450109,36304105,55228383,82636631,121718301,176619873,252649101,356495107,496459184,682685543,927390597,1245055593,1652575025,2169342891,2817258192,3620618870,4605881050,5801273666,7236247338,8940754219,10944357920,13275177884,15958675833,19016342171,22464315666,26311977319,30560577191,35201972564,40217560769,45577463988,51240039808,57151772393,63247586337,69451627191,75678526761,81835115264,87822544800,93538778774,98881373878,103750444171,108051673951,111699271355,114618735672,116749319149,118046083739,118481439254,118046083739,116749319149,114618735672,111699271355,108051673951,103750444171,98881373878,93538778774,87822544800,81835115264,75678526761,69451627191,63247586337,57151772393,51240039808,45577463988,40217560769,35201972564,30560577191,26311977319,22464315666,19016342171,15958675833,13275177884,10944357920,8940754219,7236247338,5801273666,4605881050,3620618870,2817258192,2169342891,1652575025,1245055593,927390597,682685543,496459184,356495107,252649101,176619873,121718301,82636631,55228383,36304105,23450109,14868679,9242410,5624136,3344837,1941028,1096382,601173,318924,163064,79972,37467,16688,6931,2674,925,320,78,23,1,1"
