graph6,polynomial
JpCI?C@?G?_,"0,0,0,0,0,1,6,45,205,758,2349,6504,16154,37229,79887,162401,313776,581665,1037333,1789710,2992841,4868445,7715003,11938918,18063109,26764908,38876306,55425481,77617089,106869054,144761389,193059278,253615563,328377494,419233665,528002497,656230121,805172975,975556522,1167583240,1380676914,1613545441,1863950332,2128858302,2404260393,2685446368,2966889024,3242636382,3506266365,3751372386,3971549833,4160938606,4314191956,4427004931,4496020235,4519281222,4496020235,4427004931,4314191956,4160938606,3971549833,3751372386,3506266365,3242636382,2966889024,2685446368,2404260393,2128858302,1863950332,1613545441,1380676914,1167583240,975556522,805172975,656230121,528002497,419233665,328377494,253615563,193059278,144761389,106869054,77617089,55425481,38876306,26764908,18063109,11938918,7715003,4868445,2992841,1789710,1037333,581665,313776,162401,79887,37229,16154,6504,2349,758,205,45,6,1"
JpCI?C@?G@?,"0,0,0,0,0,1,14,63,273,908,2741,7256,17750,40053,85099,171027,328296,604301,1072829,1842262,3070519,4978251,7869409,12148022,18344377,27131060,39349024,56018017,78353047,107758066,145824769,194297276,255041129,329974746,421001319,529902003,658241633,807232237,977624380,1169571348,1382532018,1615162527,1865272986,2129778756,2404734169,2685379936,2966267196,3241395828,3504434871,3748928946,3968571649,4157449864,4310316548,4422804681,4491652095,4514828850,4491652095,4422804681,4310316548,4157449864,3968571649,3748928946,3504434871,3241395828,2966267196,2685379936,2404734169,2129778756,1865272986,1615162527,1382532018,1169571348,977624380,807232237,658241633,529902003,421001319,329974746,255041129,194297276,145824769,107758066,78353047,56018017,39349024,27131060,18344377,12148022,7869409,4978251,3070519,1842262,1072829,604301,328296,171027,85099,40053,17750,7256,2741,908,273,63,14,1"
JpCI?C@?GA?,"0,0,0,0,0,1,8,51,229,834,2545,6954,17112,39085,83365,168505,324138,598561,1064083,1830564,3053853,4956835,7840295,12112124,18297753,27075486,39279952,55938713,78257963,107653108,145703593,194168406,254897997,329829166,420845349,529751713,658087427,807093167,977489424,1169462476,1382434448,1615101587,1865229844,2129779654,2404756907,2685451724,2966360344,3241539336,3504596543,3749137118,3968791597,4157710142,4310578412,4423098167,4491936659,4515133366,4491936659,4423098167,4310578412,4157710142,3968791597,3749137118,3504596543,3241539336,2966360344,2685451724,2404756907,2129779654,1865229844,1615101587,1382434448,1169462476,977489424,807093167,658087427,529751713,420845349,329829166,254897997,194168406,145703593,107653108,78257963,55938713,39279952,27075486,18297753,12112124,7840295,4956835,3053853,1830564,1064083,598561,324138,168505,83365,39085,17112,6954,2545,834,229,51,8,1"
JpCI?C@?GC?,"0,0,0,0,0,1,12,59,257,870,2645,7080,17374,39423,83983,169243,325414,600029,1066357,1833150,3057625,4960893,7846011,12117984,18305647,27083250,39290058,55947979,78269949,107663290,145716511,194178400,254910853,329837526,420856899,529757173,658096349,807094747,977495012,1169459252,1382436512,1615093743,1865228328,2129767676,2404752647,2685436304,2966354322,3241521590,3504589395,3749118208,3968784143,4157690338,4310571166,4423078211,4491929371,4515113482,4491929371,4423078211,4310571166,4157690338,3968784143,3749118208,3504589395,3241521590,2966354322,2685436304,2404752647,2129767676,1865228328,1615093743,1382436512,1169459252,977495012,807094747,658096349,529757173,420856899,329837526,254910853,194178400,145716511,107663290,78269949,55947979,39290058,27083250,18305647,12117984,7846011,4960893,3057625,1833150,1066357,600029,325414,169243,83983,39423,17374,7080,2645,870,257,59,12,1"
JpCI?C@?I??,"0,0,0,0,0,1,10,55,243,856,2603,7034,17284,39323,83781,169069,325062,599709,1065823,1832706,3056833,4960327,7844987,12117316,18304443,27082624,39288652,55947557,78268549,107663108,145715143,194178722,254909533,329838412,420855759,529758553,658095289,807096779,977493836,1169461788,1382435332,1615096603,1865226906,2129770962,2404750875,2685439728,2966352364,3241525132,3504587083,3749122002,3968781485,4157694098,4310568478,4423081999,4491926487,4515117394,4491926487,4423081999,4310568478,4157694098,3968781485,3749122002,3504587083,3241525132,2966352364,2685439728,2404750875,2129770962,1865226906,1615096603,1382435332,1169461788,977493836,807096779,658095289,529758553,420855759,329838412,254909533,194178722,145715143,107663108,78268549,55947557,39288652,27082624,18304443,12117316,7844987,4960327,3056833,1832706,1065823,599709,325062,169069,83781,39323,17284,7034,2603,856,243,55,10,1"
JpCOa?@?G?_,"0,0,0,0,1,4,27,107,401,1233,3493,8822,20861,45801,95364,188434,356979,649799,1143177,1947587,3224801,5198120,8176415,12566593,18904291,27863786,40290967,57203992,79820469,109537960,147946493,196776481,257887130,333174894,424531505,533709757,662260265,811362588,981756338,1173562887,1386238096,1618414665,1867913367,2131638368,2405674407,2685265636,2965011891,3238931399,3500755793,3744055287,3962594217,4150482876,4302540039,4414412377,4482888293,4505930934,4482888293,4414412377,4302540039,4150482876,3962594217,3744055287,3500755793,3238931399,2965011891,2685265636,2405674407,2131638368,1867913367,1618414665,1386238096,1173562887,981756338,811362588,662260265,533709757,424531505,333174894,257887130,196776481,147946493,109537960,79820469,57203992,40290967,27863786,18904291,12566593,8176415,5198120,3224801,1947587,1143177,649799,356979,188434,95364,45801,20861,8822,3493,1233,401,107,27,4,1"
JpCPA?@?G?_,"0,0,0,0,0,1,9,63,264,926,2791,7464,18191,41118,87141,174954,335161,616142,1091942,1872642,3116665,5046988,7968263,12287656,18535740,27388810,39687347,56454259,78902505,108438312,146648084,195276521,256180495,331276164,422454196,531492020,659938168,809000537,979412786,1171325214,1384181351,1616639923,1866499249,2130684865,2405247063,2685444768,2965832076,3240436470,3502934758,3746904233,3966049689,4154490735,4306988497,4419205684,4487880049,4511002102,4487880049,4419205684,4306988497,4154490735,3966049689,3746904233,3502934758,3240436470,2965832076,2685444768,2405247063,2130684865,1866499249,1616639923,1384181351,1171325214,979412786,809000537,659938168,531492020,422454196,331276164,256180495,195276521,146648084,108438312,78902505,56454259,39687347,27388810,18535740,12287656,7968263,5046988,3116665,1872642,1091942,616142,335161,174954,87141,41118,18191,7464,2791,926,264,63,9,1"
JpCSA?@?G?_,"0,0,0,0,1,4,25,91,351,1079,3127,8006,19233,42695,89804,178862,341223,624567,1104249,1889053,3139281,5076012,8006459,12334745,18595257,27459552,39773147,56552748,79017703,108565576,146791671,195429309,256346414,331445456,422630999,531663317,660109119,809155660,979558070,1171443599,1384281256,1616702473,1866536169,2130677108,2405209279,2685358224,2965715579,3240270995,3502742941,3746668055,3965794005,4154198216,4306686981,4418877313,4487554137,4510661610,4487554137,4418877313,4306686981,4154198216,3965794005,3746668055,3502742941,3240270995,2965715579,2685358224,2405209279,2130677108,1866536169,1616702473,1384281256,1171443599,979558070,809155660,660109119,531663317,422630999,331445456,256346414,195429309,146791671,108565576,79017703,56552748,39773147,27459552,18595257,12334745,8006459,5076012,3139281,1889053,1104249,624567,341223,178862,89804,42695,19233,8006,3127,1079,351,91,25,4,1"
JpCQ?C@?G@?,"0,0,0,0,1,4,21,91,341,1087,3141,8080,19375,43049,90390,179980,343009,627527,1108679,1895793,3148763,5089520,8024613,12359115,18626539,27499696,39822495,56613244,79089221,108649610,146887181,195537171,256463902,331572686,422763863,531800671,660245367,809289258,979682038,1171556227,1384375322,1616776505,1866583397,2130697710,2405196869,2685314976,2965637039,3240160955,3502598653,3746496015,3965592693,4153975910,4306443771,4418622283,4487288397,4510395514,4487288397,4418622283,4306443771,4153975910,3965592693,3746496015,3502598653,3240160955,2965637039,2685314976,2405196869,2130697710,1866583397,1616776505,1384375322,1171556227,979682038,809289258,660245367,531800671,422763863,331572686,256463902,195537171,146887181,108649610,79089221,56613244,39822495,27499696,18626539,12359115,8024613,5089520,3148763,1895793,1108679,627527,343009,179980,90390,43049,19375,8080,3141,1087,341,91,21,4,1"
JpCQ?C@?GA?,"0,0,0,0,0,1,13,71,296,994,2943,7746,18729,42012,88659,177344,338857,621626,1099952,1883848,3132165,5067758,7995631,12322808,18580170,27443582,39753893,56533305,78994811,108543958,146767010,195407463,256322179,331426124,422609618,531649268,660093274,809148729,979549594,1171445606,1384280443,1616713431,1866543213,2130695927,2405222759,2685383664,2965733334,3240300976,3502763622,3746700167,3965816019,4154231987,4306708923,4418911380,4487576373,4510695490,4487576373,4418911380,4306708923,4154231987,3965816019,3746700167,3502763622,3240300976,2965733334,2685383664,2405222759,2130695927,1866543213,1616713431,1384280443,1171445606,979549594,809148729,660093274,531649268,422609618,331426124,256322179,195407463,146767010,108543958,78994811,56533305,39753893,27443582,18580170,12322808,7995631,5067758,3132165,1883848,1099952,621626,338857,177344,88659,42012,18729,7746,2943,994,296,71,13,1"
JpCQ?C@?GC?,"0,0,0,0,1,4,23,87,337,1049,3065,7904,19039,42403,89346,178164,340211,623191,1102327,1886541,3136045,5071942,8001419,12328761,18588117,27451406,39764001,56542634,79006727,108554158,146779815,195417423,256334870,331434514,422620947,531654757,660101983,809150336,979554934,1171442511,1384282232,1616705773,1866541455,2130684122,2405218219,2685368524,2965726973,3240283533,3502756177,3746681541,3965808223,4154212516,4306701265,4418891777,4487568729,4510675898,4487568729,4418891777,4306701265,4154212516,3965808223,3746681541,3502756177,3240283533,2965726973,2685368524,2405218219,2130684122,1866541455,1616705773,1384282232,1171442511,979554934,809150336,660101983,531654757,422620947,331434514,256334870,195417423,146779815,108554158,79006727,56542634,39764001,27451406,18588117,12328761,8001419,5071942,3136045,1886541,1102327,623191,340211,178164,89346,42403,19039,7904,3065,1049,337,87,23,4,1"
JpCQ?C@?I??,"0,0,0,0,0,1,11,71,290,1000,2950,7775,18788,42144,88844,177713,339384,622439,1101087,1885526,3134271,5070658,7999197,12327315,18585516,27450094,39761055,56541712,79003836,108553811,146777010,195418151,256332225,331436333,422618713,531657636,660099882,809154559,979552690,1171447660,1384280004,1616711599,1866538703,2130690815,2405214825,2685375425,2965723240,3240290662,3502751672,3746689181,3965803085,4154220027,4306696092,4418899338,4487563110,4510683750,4487563110,4418899338,4306696092,4154220027,3965803085,3746689181,3502751672,3240290662,2965723240,2685375425,2405214825,2130690815,1866538703,1616711599,1384280004,1171447660,979552690,809154559,660099882,531657636,422618713,331436333,256332225,195418151,146777010,108553811,79003836,56541712,39761055,27450094,18585516,12327315,7999197,5070658,3134271,1885526,1101087,622439,339384,177713,88844,42144,18788,7775,2950,1000,290,71,11,1"
JpCQ?C@?OA?,"0,0,0,0,0,7,29,143,468,1448,3913,9754,22557,49056,100873,197922,372183,674034,1179924,2002792,3304495,5311894,8333685,12781114,19188956,28236538,40766977,57803471,80558373,110433108,149008740,198018197,259306625,334771728,426286560,535603764,664251822,813411347,983797694,1175536972,1388062381,1620017425,1869204653,2132548505,2406121009,2685197308,2964371522,3237701130,3498917264,3741635913,3959621323,4147030933,4298680211,4410257908,4478541523,4501527658,4478541523,4410257908,4298680211,4147030933,3959621323,3741635913,3498917264,3237701130,2964371522,2685197308,2406121009,2132548505,1869204653,1620017425,1388062381,1175536972,983797694,813411347,664251822,535603764,426286560,334771728,259306625,198018197,149008740,110433108,80558373,57803471,40766977,28236538,19188956,12781114,8333685,5311894,3304495,2002792,1179924,674034,372183,197922,100873,49056,22557,9754,3913,1448,468,143,29,7"
JpCQ?C@?OC?,"0,0,0,0,0,3,19,89,344,1114,3217,8318,19885,44186,92591,184076,350165,639702,1128312,1926720,3195741,5159116,8124637,12499940,18819428,27758828,40162575,57050889,79640267,109330896,147711568,196516471,257603269,332872740,424215046,533387480,661938382,811052265,981465262,1173303332,1386018253,1618246503,1867803411,2131596909,2405705009,2685375120,2965199862,3239200290,3501100414,3744473727,3963076633,4151023119,4303124773,4415032306,4483527497,4506578602,4483527497,4415032306,4303124773,4151023119,3963076633,3744473727,3501100414,3239200290,2965199862,2685375120,2405705009,2131596909,1867803411,1618246503,1386018253,1173303332,981465262,811052265,661938382,533387480,424215046,332872740,257603269,196516471,147711568,109330896,79640267,57050889,40162575,27758828,18819428,12499940,8124637,5159116,3195741,1926720,1128312,639702,350165,184076,92591,44186,19885,8318,3217,1114,344,89,19,3"
JpCQ?C@?Q??,"0,0,0,0,0,5,23,115,394,1250,3478,8817,20760,45682,94944,187835,355742,647887,1139877,1942850,3217295,5187798,8161483,12546721,18877250,27829468,40246323,57149532,79753226,109458719,147852612,196670523,257766373,333043925,424388929,533561406,662106070,811211027,981606922,1173426076,1386114374,1618314167,1867836023,2131595245,2405662491,2685295145,2965078482,3239041924,3500903176,3744245393,3962815193,4150738553,4302817570,4414712088,4483195550,4506246578,4483195550,4414712088,4302817570,4150738553,3962815193,3744245393,3500903176,3239041924,2965078482,2685295145,2405662491,2131595245,1867836023,1618314167,1386114374,1173426076,981606922,811211027,662106070,533561406,424388929,333043925,257766373,196670523,147852612,109458719,79753226,57149532,40246323,27829468,18877250,12546721,8161483,5187798,3217295,1942850,1139877,647887,355742,187835,94944,45682,20760,8817,3478,1250,394,115,23,5"
JpCQ?C@?_?_,"0,0,0,0,0,1,15,67,292,956,2867,7570,18393,41366,87615,175528,336059,617290,1093600,1874596,3119447,5050180,7972437,12292454,18541748,27395292,39695399,56462695,78912317,108448506,146659644,195287715,256193147,331287952,422466702,531503354,659949890,809009807,979422490,1171331890,1384187353,1616642699,1866501271,2130682339,2405244109,2685437212,2965823268,3240423554,3502921146,3746885693,3966031549,4154468593,4306966417,4419180874,4487856705,4510975874,4487856705,4419180874,4306966417,4154468593,3966031549,3746885693,3502921146,3240423554,2965823268,2685437212,2405244109,2130682339,1866501271,1616642699,1384187353,1171331890,979422490,809009807,659949890,531503354,422466702,331287952,256193147,195287715,146659644,108448506,78912317,56462695,39695399,27395292,18541748,12292454,7972437,5050180,3119447,1874596,1093600,617290,336059,175528,87615,41366,18393,7570,2867,956,292,67,15,1"
JpCQ?C@?_C?,"0,0,0,0,1,6,29,117,421,1287,3613,9136,21467,47095,97778,192820,364517,662499,1163441,1979341,3272763,5268892,8277775,12708977,19098801,28124678,40632811,57643322,80372949,110220436,148771495,197755825,259025764,334473308,425980007,535292935,663948479,813119812,983532978,1175302707,1387873292,1619876929,1869125901,2132530698,2406176867,2685321450,2964572153,3237970249,3499259249,3742036743,3960084249,4147538020,4299230629,4410833239,4479139131,4502125838,4479139131,4410833239,4299230629,4147538020,3960084249,3742036743,3499259249,3237970249,2964572153,2685321450,2406176867,2132530698,1869125901,1619876929,1387873292,1175302707,983532978,813119812,663948479,535292935,425980007,334473308,259025764,197755825,148771495,110220436,80372949,57643322,40632811,28124678,19098801,12708977,8277775,5268892,3272763,1979341,1163441,662499,364517,192820,97778,47095,21467,9136,3613,1287,421,117,29,6,1"
JpCQ?C@?a??,"0,0,0,0,0,1,13,73,306,1034,3056,8041,19360,43330,91162,181913,346722,634787,1121019,1916706,3181683,5140612,8099785,12468631,18779148,27709784,40102049,56980054,79555886,109235847,147602562,196398191,257472821,332737115,424071047,533245088,661794018,810917885,981336866,1173194906,1385923496,1618181329,1867759029,2131589243,2405722889,2685434427,2965285474,3239328486,3501252606,3744664849,3963285915,4151265111,4303375646,4415307022,4483800802,4506864350,4483800802,4415307022,4303375646,4151265111,3963285915,3744664849,3501252606,3239328486,2965285474,2685434427,2405722889,2131589243,1867759029,1618181329,1385923496,1173194906,981336866,810917885,661794018,533245088,424071047,332737115,257472821,196398191,147602562,109235847,79555886,56980054,40102049,27709784,18779148,12468631,8099785,5140612,3181683,1916706,1121019,634787,346722,181913,91162,43330,19360,8041,3056,1034,306,73,13,1"
JpCQ?C@O??_,"0,0,0,0,0,1,13,67,286,962,2874,7599,18452,41498,87800,175897,336586,618103,1094735,1876274,3121553,5053080,7976003,12296961,18547094,27401804,39702561,56471102,78921342,108458359,146669644,195298403,256203193,331298161,422475797,531511722,659956498,809015637,979425586,1171333944,1384186914,1616640867,1866496761,2130677227,2405236175,2685428973,2965813174,3240413240,3502909196,3746874707,3966018615,4154456633,4306953586,4419168832,4487843442,4510964134,4487843442,4419168832,4306953586,4154456633,3966018615,3746874707,3502909196,3240413240,2965813174,2685428973,2405236175,2130677227,1866496761,1616640867,1384186914,1171333944,979425586,809015637,659956498,531511722,422475797,331298161,256203193,195298403,146669644,108458359,78921342,56471102,39702561,27401804,18547094,12296961,7976003,5053080,3121553,1876274,1094735,618103,336586,175897,87800,41498,18452,7599,2874,962,286,67,13,1"
JpCQ?C@OA??,"0,0,0,0,0,5,23,119,416,1316,3656,9255,21670,47496,98352,193845,365952,664651,1166345,1983472,3277933,5275806,8286149,12719429,19111004,28139308,40648839,57661822,80392600,110241775,148792992,197778473,259047023,334494631,425998775,535310174,663961872,813131309,983538946,1175306300,1387871570,1619872405,1869115841,2132519131,2406159765,2685303611,2964550324,3237948120,3499233752,3742012899,3960056801,4147512445,4299203062,4410807438,4479110898,4502100410,4479110898,4410807438,4299203062,4147512445,3960056801,3742012899,3499233752,3237948120,2964550324,2685303611,2406159765,2132519131,1869115841,1619872405,1387871570,1175306300,983538946,813131309,663961872,535310174,425998775,334494631,259047023,197778473,148792992,110241775,80392600,57661822,40648839,28139308,19111004,12719429,8286149,5275806,3277933,1983472,1166345,664651,365952,193845,98352,47496,21670,9255,3656,1316,416,119,23,5"
JpC_I?@?G?_,"0,0,0,0,0,1,6,47,213,796,2449,6778,16736,38455,82249,166721,321256,594289,1057611,1821452,3040959,4939477,7816897,12082086,18259023,27027676,39220986,55868675,78174865,107558332,145595335,194049530,254767721,329691946,420700929,529606883,657942143,806955677,977360056,1169350380,1382338942,1615032803,1865185186,2129768574,2404775385,2685508092,2966447470,3241665098,3504751067,3749326380,3969004091,4157950616,4310833030,4423371697,4492213935,4515417998,4492213935,4423371697,4310833030,4157950616,3969004091,3749326380,3504751067,3241665098,2966447470,2685508092,2404775385,2129768574,1865185186,1615032803,1382338942,1169350380,977360056,806955677,657942143,529606883,420700929,329691946,254767721,194049530,145595335,107558332,78174865,55868675,39220986,27027676,18259023,12082086,7816897,4939477,3040959,1821452,1057611,594289,321256,166721,82249,38455,16736,6778,2449,796,213,47,6,1"
JpC`A?@?G?_,"0,0,0,0,0,1,15,79,324,1072,3143,8206,19677,43870,92115,183408,349131,638414,1126440,1924436,3192703,5155588,8120065,12495134,18813492,27752900,40155819,57045007,79633753,109326662,147707396,196515831,257603723,332878372,424221838,533401106,661953066,811073867,981487086,1173331874,1386044125,1618278083,1867829219,2131625523,2405724601,2685395428,2965206928,3239206914,3501091898,3744463505,3963051213,4150997701,4303084765,4414995778,4483479945,4506537522,4483479945,4414995778,4303084765,4150997701,3963051213,3744463505,3501091898,3239206914,2965206928,2685395428,2405724601,2131625523,1867829219,1618278083,1386044125,1173331874,981487086,811073867,661953066,533401106,424221838,332878372,257603723,196515831,147707396,109326662,79633753,57045007,40155819,27752900,18813492,12495134,8120065,5155588,3192703,1924436,1126440,638414,349131,183408,92115,43870,19677,8206,3143,1072,324,79,15,1"
JpCcA?@?G?_,"0,0,0,0,0,1,9,55,246,882,2677,7264,17787,40426,85937,173098,332099,611714,1085238,1863316,3103411,5029422,7944393,12257426,18496564,27340902,39627893,56384497,78819001,108344096,146539656,195158665,256050151,331140574,422309782,531349206,659792998,808865359,979283230,1171215810,1384085221,1616573735,1866453537,2130676241,2405263733,2685503436,2965916638,3240564256,3503086194,3747095183,3966258455,4154732845,4307238953,4419480670,4488153077,4511288082,4488153077,4419480670,4307238953,4154732845,3966258455,3747095183,3503086194,3240564256,2965916638,2685503436,2405263733,2130676241,1866453537,1616573735,1384085221,1171215810,979283230,808865359,659792998,531349206,422309782,331140574,256050151,195158665,146539656,108344096,78819001,56384497,39627893,27340902,18496564,12257426,7944393,5029422,3103411,1863316,1085238,611714,332099,173098,85937,40426,17787,7264,2677,882,246,55,9,1"
JpCa?C@?GA?,"0,0,0,0,0,1,10,61,262,919,2769,7443,18124,41037,86989,174788,334786,615818,1091315,1872030,3115657,5046119,7966738,12286595,18533832,27387571,39685277,56453433,78900369,108438320,146646706,195277795,256180263,331279575,422455211,531497871,659940923,809008288,979416847,1171335059,1384185346,1616650467,1866502718,2130694379,2405248300,2685452544,2965829387,3240441229,3502928252,3746904694,3966038982,4154488352,4306973822,4419200783,4487863995,4510995898,4487863995,4419200783,4306973822,4154488352,3966038982,3746904694,3502928252,3240441229,2965829387,2685452544,2405248300,2130694379,1866502718,1616650467,1384185346,1171335059,979416847,809008288,659940923,531497871,422455211,331279575,256180263,195277795,146646706,108438320,78900369,56453433,39685277,27387571,18533832,12286595,7966738,5046119,3115657,1872030,1091315,615818,334786,174788,86989,41037,18124,7443,2769,919,262,61,10,1"
JpCa?C@?GC?,"0,0,0,0,0,1,11,63,272,940,2815,7518,18281,41262,87375,175336,335663,616950,1092992,1874136,3118563,5049592,7971317,12291762,18540400,27394692,39693847,56462271,78910777,108448354,146658100,195288127,256191643,331288920,422465414,531504866,659948626,809012055,979421126,1171334602,1384186057,1616645795,1866499655,2130685935,2405242149,2685440928,2965821196,3240427390,3502918634,3746889873,3966028725,4154472661,4306963613,4419184990,4487853629,4510980202,4487853629,4419184990,4306963613,4154472661,3966028725,3746889873,3502918634,3240427390,2965821196,2685440928,2405242149,2130685935,1866499655,1616645795,1384186057,1171334602,979421126,809012055,659948626,531504866,422465414,331288920,256191643,195288127,146658100,108448354,78910777,56462271,39693847,27394692,18540400,12291762,7971317,5049592,3118563,1874136,1092992,616950,335663,175336,87375,41262,18281,7518,2815,940,272,63,11,1"
JpCa?C@?I??,"0,0,0,0,0,1,12,69,284,969,2880,7620,18467,41561,87834,176029,336677,618327,1094906,1876664,3121791,5053655,7976368,12297754,18547522,27402855,39702991,56472376,78921770,108459773,146669930,195300047,256203173,331299840,422475498,531513419,659955727,809017410,979424255,1171335665,1384185111,1616642475,1866494344,2130678967,2405233198,2685430581,2965809857,3240414835,3502905378,3746876428,3966014488,4154458332,4306949395,4419170489,4487839024,4510965958,4487839024,4419170489,4306949395,4154458332,3966014488,3746876428,3502905378,3240414835,2965809857,2685430581,2405233198,2130678967,1866494344,1616642475,1384185111,1171335665,979424255,809017410,659955727,531513419,422475498,331299840,256203173,195300047,146669930,108459773,78921770,56472376,39702991,27402855,18547522,12297754,7976368,5053655,3121791,1876664,1094906,618327,336677,176029,87834,41561,18467,7620,2880,969,284,69,12,1"
JpCa?C@?OA?,"0,0,0,0,1,6,32,127,451,1354,3767,9417,21998,47998,99288,195208,368216,667979,1171440,1990567,3288245,5289659,8305160,12744130,19143209,28179493,40699341,57722372,80465293,110326078,148890401,197886841,259167420,334623251,426135488,535450160,664103540,813268065,983669731,1175423044,1387972441,1619950361,1869169796,2132541822,2406152494,2685260258,2964473508,3237834684,3499088071,3741832768,3959850558,4147279227,4298951214,4410538888,4478835457,4501819366,4478835457,4410538888,4298951214,4147279227,3959850558,3741832768,3499088071,3237834684,2964473508,2685260258,2406152494,2132541822,1869169796,1619950361,1387972441,1175423044,983669731,813268065,664103540,535450160,426135488,334623251,259167420,197886841,148890401,110326078,80465293,57722372,40699341,28179493,19143209,12744130,8305160,5289659,3288245,1990567,1171440,667979,368216,195208,99288,47998,21998,9417,3767,1354,451,127,32,6,1"
JpCa?C@?OC?,"0,0,0,0,0,1,11,69,290,1006,2993,7934,19167,43042,90689,181218,345711,633400,1119094,1914204,3178423,5136550,8094763,12462632,18772006,27701686,40092881,56969965,79544957,109224418,147590722,196386383,257461247,332726182,424061054,533236486,661786858,810912617,981333636,1173193756,1385924515,1618184511,1867764229,2131596289,2405731711,2685444642,2965296948,3239340924,3501265796,3744678443,3963300119,4151279391,4303390115,4415321476,4483815425,4506878830,4483815425,4415321476,4303390115,4151279391,3963300119,3744678443,3501265796,3239340924,2965296948,2685444642,2405731711,2131596289,1867764229,1618184511,1385924515,1173193756,981333636,810912617,661786858,533236486,424061054,332726182,257461247,196386383,147590722,109224418,79544957,56969965,40092881,27701686,18772006,12462632,8094763,5136550,3178423,1914204,1119094,633400,345711,181218,90689,43042,19167,7934,2993,1006,290,69,11,1"
JpCa?C@?Q??,"0,0,0,0,1,6,30,113,403,1222,3430,8666,20487,45088,94011,186123,353125,643720,1133825,1933853,3204997,5170585,8138860,12516849,18839569,27781759,40188731,57079631,79671756,109364015,147746417,196551551,257638554,332906492,424247195,533416110,661963796,811072459,981480725,1173312470,1386021866,1618243115,1867794352,2131580902,2405683706,2685347509,2965167872,3239162934,3501059851,3744428934,3963029602,4150973015,4303073711,4414979238,4483474488,4506524562,4483474488,4414979238,4303073711,4150973015,3963029602,3744428934,3501059851,3239162934,2965167872,2685347509,2405683706,2131580902,1867794352,1618243115,1386021866,1173312470,981480725,811072459,661963796,533416110,424247195,332906492,257638554,196551551,147746417,109364015,79671756,57079631,40188731,27781759,18839569,12516849,8138860,5170585,3204997,1933853,1133825,643720,353125,186123,94011,45088,20487,8666,3430,1222,403,113,30,6,1"
JpCa?C@?_?_,"0,0,0,0,0,1,8,53,238,865,2641,7215,17676,40287,85705,172780,331592,611142,1084355,1862318,3102055,5027953,7942424,12255549,18494062,27338681,39625231,56382399,78816335,108342716,146537796,195158459,256049727,331142371,422311007,531353469,659796275,808871614,979288379,1171224055,1384090960,1616582831,1866459160,2130684387,2405267690,2685509808,2965917249,3240567643,3503083264,3747094400,3966251688,4154729026,4307228512,4419474393,4488141251,4511280610,4488141251,4419474393,4307228512,4154729026,3966251688,3747094400,3503083264,3240567643,2965917249,2685509808,2405267690,2130684387,1866459160,1616582831,1384090960,1171224055,979288379,808871614,659796275,531353469,422311007,331142371,256049727,195158459,146537796,108342716,78816335,56382399,39625231,27338681,18494062,12255549,7942424,5027953,3102055,1862318,1084355,611142,331592,172780,85705,40287,17676,7215,2641,865,238,53,8,1"
JpCa?C@?_C?,"0,0,0,0,0,1,14,83,342,1139,3325,8653,20608,45759,95607,189616,359620,655644,1153561,1966052,3254543,5245325,8246814,12670493,19050168,28066341,40561927,57561305,80276675,110113116,148650008,197625349,258883553,334326831,425826381,535142479,663797721,812981152,983402413,1175194317,1387780860,1619816181,1869087942,2132531299,2406204612,2685391916,2964670145,3238111555,3499425194,3742241974,3960308036,4147794490,4299496192,4411122475,4479427099,4502426190,4479427099,4411122475,4299496192,4147794490,3960308036,3742241974,3499425194,3238111555,2964670145,2685391916,2406204612,2132531299,1869087942,1619816181,1387780860,1175194317,983402413,812981152,663797721,535142479,425826381,334326831,258883553,197625349,148650008,110113116,80276675,57561305,40561927,28066341,19050168,12670493,8246814,5245325,3254543,1966052,1153561,655644,359620,189616,95607,45759,20608,8653,3325,1139,342,83,14,1"
JpCa?C@?a??,"0,0,0,0,0,1,11,67,284,986,2942,7827,18940,42624,89944,179983,343652,630253,1114269,1907232,3168389,5122778,8075935,12438045,18739960,27661486,40042747,56909726,79472730,109141019,147494630,196279727,257343307,332600727,423927885,533101434,661650274,810781779,981209128,1173084200,1385829574,1618113607,1867715561,2131578823,2405741975,2685490783,2965372700,3239453644,3501406592,3744852961,3963497337,4151503969,4303628898,4415578618,4484076496,4507147082,4484076496,4415578618,4303628898,4151503969,3963497337,3744852961,3501406592,3239453644,2965372700,2685490783,2405741975,2131578823,1867715561,1618113607,1385829574,1173084200,981209128,810781779,661650274,533101434,423927885,332600727,257343307,196279727,147494630,109141019,79472730,56909726,40042747,27661486,18739960,12438045,8075935,5122778,3168389,1907232,1114269,630253,343652,179983,89944,42624,18940,7827,2942,986,284,67,11,1"
JpCa?C@O??_,"0,0,0,0,0,1,10,61,260,915,2752,7392,18019,40811,86550,174021,333483,613651,1087946,1866952,3108189,5035489,7952054,12266708,18507752,27353965,39642945,56401342,78837736,108364169,146561020,195180711,256072637,331162636,422331294,531369017,659811079,808880736,979295787,1171224661,1384090725,1616574839,1866450786,2130668975,2405252588,2685487845,2965897719,3240541249,3503060390,3747066134,3966227194,4154699006,4307204085,4419444099,4488116280,4511250670,4488116280,4419444099,4307204085,4154699006,3966227194,3747066134,3503060390,3240541249,2965897719,2685487845,2405252588,2130668975,1866450786,1616574839,1384090725,1171224661,979295787,808880736,659811079,531369017,422331294,331162636,256072637,195180711,146561020,108364169,78837736,56401342,39642945,27353965,18507752,12266708,7952054,5035489,3108189,1866952,1087946,613651,333483,174021,86550,40811,18019,7392,2752,915,260,61,10,1"
JpCa?C@OA??,"0,0,0,0,1,6,32,125,441,1326,3688,9226,21621,47254,97947,192931,364487,662034,1162433,1977279,3269197,5263063,8269060,12696083,19081053,28100473,40601155,57602861,80323018,110159423,148699629,197672453,258931752,334369134,425868125,535174382,663827550,812998865,983416497,1175194230,1387778450,1619798131,1869068756,2132497518,2406171478,2685344889,2964627436,3238055410,3499375807,3742181486,3960255348,4147730809,4299443139,4411058142,4479373260,4502362214,4479373260,4411058142,4299443139,4147730809,3960255348,3742181486,3499375807,3238055410,2964627436,2685344889,2406171478,2132497518,1869068756,1619798131,1387778450,1175194230,983416497,812998865,663827550,535174382,425868125,334369134,258931752,197672453,148699629,110159423,80323018,57602861,40601155,28100473,19081053,12696083,8269060,5263063,3269197,1977279,1162433,662034,364487,192931,97947,47254,21621,9226,3688,1326,441,125,32,6,1"
JpE?I?@?G?_,"0,0,0,0,0,1,8,51,227,818,2507,6858,16908,38693,82665,167285,322180,595437,1059351,1823594,3043939,4942969,7821589,12087278,18265713,27034814,39229686,55877519,78185451,107568332,145606885,194059846,254779257,329701192,420711339,529613723,657950005,806959289,977364468,1169349692,1382339826,1615027819,1865182248,2129759882,2404769353,2685496096,2966439490,3241650894,3504741607,3749311264,3968993979,4157934572,4310823096,4423355529,4492203763,4515402026,4492203763,4423355529,4310823096,4157934572,3968993979,3749311264,3504741607,3241650894,2966439490,2685496096,2404769353,2129759882,1865182248,1615027819,1382339826,1169349692,977364468,806959289,657950005,529613723,420711339,329701192,254779257,194059846,145606885,107568332,78185451,55877519,39229686,27034814,18265713,12087278,7821589,4942969,3043939,1823594,1059351,595437,322180,167285,82665,38693,16908,6858,2507,818,227,51,8,1"
JpECA?@?G?_,"0,0,0,0,1,4,27,99,379,1157,3327,8466,20181,44553,93260,184926,351497,641355,1130737,1929641,3199819,5163842,8130893,12507071,18828579,27768870,40175073,57064450,79656645,109348280,147732057,196537677,257627958,332897704,424243219,533415155,661968911,811080798,981495562,1173329867,1386044938,1618267125,1867822175,2131606704,2405711121,2685369988,2965189173,3239176933,3501071217,3744431393,3963029199,4150963930,4303062823,4414961711,4483457709,4506503642,4483457709,4414961711,4303062823,4150963930,3963029199,3744431393,3501071217,3239176933,2965189173,2685369988,2405711121,2131606704,1867822175,1618267125,1386044938,1173329867,981495562,811080798,661968911,533415155,424243219,332897704,257627958,196537677,147732057,109348280,79656645,57064450,40175073,27768870,18828579,12507071,8130893,5163842,3199819,1929641,1130737,641355,351497,184926,93260,44553,20181,8466,3327,1157,379,99,27,4,1"
JpEA?C@?GC?,"0,0,0,0,1,4,25,87,341,1039,3041,7824,18875,42045,88722,177028,338381,620211,1097823,1879785,3126471,5058412,7983169,12304367,18556691,27411288,39714507,56482136,78935069,108470154,146684129,195309651,256217198,331307366,422487935,531517535,659965531,809016954,979430778,1171330059,1384188050,1616631977,1866494033,2130663830,2405230441,2685412064,2965805399,3240393867,3502900265,3746853967,3966009369,4154435130,4306944359,4419147135,4487834277,4510942410,4487834277,4419147135,4306944359,4154435130,3966009369,3746853967,3502900265,3240393867,2965805399,2685412064,2405230441,2130663830,1866494033,1616631977,1384188050,1171330059,979430778,809016954,659965531,531517535,422487935,331307366,256217198,195309651,146684129,108470154,78935069,56482136,39714507,27411288,18556691,12304367,7983169,5058412,3126471,1879785,1097823,620211,338381,177028,88722,42045,18875,7824,3041,1039,341,87,25,4,1"
JpEA?C@?I??,"0,0,0,0,0,1,9,59,254,902,2726,7339,17936,40658,86324,173641,332978,612847,1086907,1865438,3106309,5032888,7948983,12262601,18503114,27348040,39636461,56393326,78829426,108354131,146551024,195169031,256061517,331149897,422320017,531356194,659800666,808869157,979287502,1171215328,1384085962,1616569043,1866450449,2130667843,2405257571,2685491773,2965908502,3240550400,3503076556,3747080403,3966248179,4154717125,4307228810,4419464840,4488142698,4511272430,4488142698,4419464840,4307228810,4154717125,3966248179,3747080403,3503076556,3240550400,2965908502,2685491773,2405257571,2130667843,1866450449,1616569043,1384085962,1171215328,979287502,808869157,659800666,531356194,422320017,331149897,256061517,195169031,146551024,108354131,78829426,56393326,39636461,27348040,18503114,12262601,7948983,5032888,3106309,1865438,1086907,612847,332978,173641,86324,40658,17936,7339,2726,902,254,59,9,1"
JpEA?C@?OA?,"0,0,0,0,0,5,25,123,434,1354,3745,9434,22015,48100,99403,195540,368637,668754,1172430,1992170,3290187,5292510,8308483,12748590,19148290,28185960,40706225,57730767,80473951,110335998,148900068,197897569,259177149,334633654,426144172,535458846,664109832,813274207,983672570,1175425574,1387971665,1619949157,1869165047,2132537223,2406144343,2685252766,2964463018,3237825110,3499075830,3741822369,3959837347,4147267981,4298937865,4410527588,4478821829,4501808182,4478821829,4410527588,4298937865,4147267981,3959837347,3741822369,3499075830,3237825110,2964463018,2685252766,2406144343,2132537223,1869165047,1619949157,1387971665,1175425574,983672570,813274207,664109832,535458846,426144172,334633654,259177149,197897569,148900068,110335998,80473951,57730767,40706225,28185960,19148290,12748590,8308483,5292510,3290187,1992170,1172430,668754,368637,195540,99403,48100,22015,9434,3745,1354,434,123,25,5"
JpEA?C@?OC?,"0,0,0,0,0,3,17,87,332,1084,3151,8182,19621,43702,91765,182694,347973,636304,1123238,1919350,3185367,5144748,8105359,12474530,18786810,27717628,40111855,56989387,79567499,109246104,147615024,196408303,257485151,332745686,424082056,533250846,661802352,810919891,981341848,1173192200,1385925021,1618174161,1867756921,2131578029,2405718003,2685419902,2965278852,3239311666,3501244804,3744646959,3963277809,4151246305,4303367721,4415288114,4483792811,4506845550,4483792811,4415288114,4303367721,4151246305,3963277809,3744646959,3501244804,3239311666,2965278852,2685419902,2405718003,2131578029,1867756921,1618174161,1385925021,1173192200,981341848,810919891,661802352,533250846,424082056,332745686,257485151,196408303,147615024,109246104,79567499,56989387,40111855,27717628,18786810,12474530,8105359,5144748,3185367,1919350,1123238,636304,347973,182694,91765,43702,19621,8182,3151,1084,332,87,17,3"
JpEA?C@?Q??,"0,0,0,0,0,3,19,91,348,1112,3214,8289,19814,43990,92238,183389,348984,637691,1125163,1921852,3188627,5148810,8110381,12480529,18793952,27725726,40121023,56999476,79578428,109257533,147626864,196420111,257496725,332756619,424092049,533259448,661809512,810925159,981345078,1173193350,1385924002,1618170979,1867751721,2131570983,2405709181,2685409687,2965267378,3239299228,3501231614,3744633365,3963263605,4151232025,4303353252,4415273660,4483778188,4506831070,4483778188,4415273660,4303353252,4151232025,3963263605,3744633365,3501231614,3239299228,2965267378,2685409687,2405709181,2131570983,1867751721,1618170979,1385924002,1173193350,981345078,810925159,661809512,533259448,424092049,332756619,257496725,196420111,147626864,109257533,79578428,56999476,40121023,27725726,18793952,12480529,8110381,5148810,3188627,1921852,1125163,637691,348984,183389,92238,43990,19814,8289,3214,1112,348,91,19,3"
JpEA?C@?_?_,"0,0,0,0,0,1,13,63,276,930,2791,7438,18117,40904,86751,174200,333833,613970,1088488,1867380,3108989,5036062,7953067,12267368,18508974,27354574,39644353,56401773,78839119,108364350,146562414,195180355,256073971,331161772,422332402,531367644,659812174,808878673,979296970,1171222150,1384091875,1616571999,1866452233,2130665643,2405254371,2685484468,2965899622,3240537724,3503062722,3747062299,3966229871,4154695275,4307206707,4419440348,4488119177,4511246714,4488119177,4419440348,4307206707,4154695275,3966229871,3747062299,3503062722,3240537724,2965899622,2685484468,2405254371,2130665643,1866452233,1616571999,1384091875,1171222150,979296970,808878673,659812174,531367644,422332402,331161772,256073971,195180355,146562414,108364350,78839119,56401773,39644353,27354574,18508974,12267368,7953067,5036062,3108989,1867380,1088488,613970,333833,174200,86751,40904,18117,7438,2791,930,276,63,13,1"
JpEA?C@?_C?,"0,0,0,0,1,6,31,119,429,1297,3623,9124,21435,46955,97488,192238,363473,660657,1160519,1974751,3265969,5259000,8264009,12690091,19073931,28092310,40592011,57592756,80312025,110148004,148687799,197660533,258920222,334358214,425858041,535165829,663820449,812993510,983413368,1175193167,1387779396,1619801451,1869074067,2132504486,2406180429,2685355236,2964638775,3238067965,3499389063,3742194931,3960269585,4147745138,4299457357,4411072643,4479387865,4502376458,4479387865,4411072643,4299457357,4147745138,3960269585,3742194931,3499389063,3238067965,2964638775,2685355236,2406180429,2132504486,1869074067,1619801451,1387779396,1175193167,983413368,812993510,663820449,535165829,425858041,334358214,258920222,197660533,148687799,110148004,80312025,57592756,40592011,28092310,19073931,12690091,8264009,5259000,3265969,1974751,1160519,660657,363473,192238,97488,46955,21435,9124,3623,1297,429,119,31,6,1"
JpEA?C@?a??,"0,0,0,0,0,1,11,63,274,956,2866,7673,18640,42062,88976,178395,341102,626333,1108421,1898784,3156501,5106480,8054055,12409425,18703302,27615480,39986149,56841600,79392210,109047739,147388566,196161551,257214243,332462733,423783397,532953762,661503224,810639563,981076224,1172965486,1385729740,1618037091,1867666363,2131560351,2405756975,2685541021,2965458932,3239575606,3501563216,3745041833,3963715199,4151746713,4303891998,4415856570,4484363576,4507437138,4484363576,4415856570,4303891998,4151746713,3963715199,3745041833,3501563216,3239575606,2965458932,2685541021,2405756975,2131560351,1867666363,1618037091,1385729740,1172965486,981076224,810639563,661503224,532953762,423783397,332462733,257214243,196161551,147388566,109047739,79392210,56841600,39986149,27615480,18703302,12409425,8054055,5106480,3156501,1898784,1108421,626333,341102,178395,88976,42062,18640,7673,2866,956,274,63,11,1"
JpEA?C@O??_,"0,0,0,0,0,1,11,59,258,892,2702,7259,17772,40300,85700,172505,331148,609867,1082403,1858682,3096735,5019358,7930733,12238207,18471688,27307922,39586967,56332828,78757768,108270127,146455338,195061259,255943845,331022749,422187005,531218972,659664214,808735775,979163346,1171102876,1383991780,1616495247,1866403027,2130647551,2405269793,2685535313,2965986928,3240660734,3503220644,3747252829,3966449325,4154939739,4307471904,4419720198,4488408246,4511538942,4488408246,4419720198,4307471904,4154939739,3966449325,3747252829,3503220644,3240660734,2965986928,2685535313,2405269793,2130647551,1866403027,1616495247,1383991780,1171102876,979163346,808735775,659664214,531218972,422187005,331022749,255943845,195061259,146455338,108270127,78757768,56332828,39586967,27307922,18471688,12238207,7930733,5019358,3096735,1858682,1082403,609867,331148,172505,85700,40300,17772,7259,2702,892,258,59,11,1"
JpEA?C@OA??,"0,0,0,0,0,3,19,91,354,1142,3300,8527,20352,45124,94458,187487,356162,649795,1144775,1952642,3235473,5218074,8210103,12620709,18986326,27983946,40460275,57436006,80128742,109937677,148450804,197398861,258636575,334057285,425545423,534848532,663506822,812692701,983134578,1174946710,1387575114,1619648169,1868980155,2132476941,2406224311,2685474041,2964834144,3238338532,3499732618,3742606363,3960741621,4148269261,4300024272,4411670242,4480004584,4502999558,4480004584,4411670242,4300024272,4148269261,3960741621,3742606363,3499732618,3238338532,2964834144,2685474041,2406224311,2132476941,1868980155,1619648169,1387575114,1174946710,983134578,812692701,663506822,534848532,425545423,334057285,258636575,197398861,148450804,109937677,80128742,57436006,40460275,27983946,18986326,12620709,8210103,5218074,3235473,1952642,1144775,649795,356162,187487,94458,45124,20352,8527,3300,1142,354,91,19,3"
JpD?GC@O??_,"0,0,0,0,0,1,6,47,213,804,2465,6812,16818,38593,82463,167111,321828,595117,1058817,1823150,3043147,4942403,7820565,12086610,18264509,27034188,39228280,55877097,78184051,107568150,145605517,194060168,254777937,329702078,420710199,529615103,657948945,806961321,977363292,1169352228,1382338646,1615030679,1865180826,2129763168,2404767581,2685499520,2966437532,3241654436,3504739295,3749315058,3968991321,4157938332,4310820408,4423359317,4492200879,4515405938,4492200879,4423359317,4310820408,4157938332,3968991321,3749315058,3504739295,3241654436,2966437532,2685499520,2404767581,2129763168,1865180826,1615030679,1382338646,1169352228,977363292,806961321,657948945,529615103,420710199,329702078,254777937,194060168,145605517,107568150,78184051,55877097,39228280,27034188,18264509,12086610,7820565,4942403,3043147,1823150,1058817,595117,321828,167111,82463,38593,16818,6812,2465,804,213,47,6,1"
JpD?GC@OA??,"0,0,0,0,0,1,15,83,332,1108,3212,8337,19930,44294,92758,184475,350670,640603,1129497,1928626,3198045,5162558,8128671,12505625,18825978,27767558,40172127,57063528,79653754,109347933,147729252,196538405,257625313,332899523,424240985,533418034,661966810,811085021,981493318,1173335016,1386042710,1618272951,1867819423,2131613397,2405707727,2685376889,2965185440,3239184062,3501066712,3744439033,3963024061,4150971441,4303057650,4414969272,4483452090,4506511494,4483452090,4414969272,4303057650,4150971441,3963024061,3744439033,3501066712,3239184062,2965185440,2685376889,2405707727,2131613397,1867819423,1618272951,1386042710,1173335016,981493318,811085021,661966810,533418034,424240985,332899523,257625313,196538405,147729252,109347933,79653754,57063528,40172127,27767558,18825978,12505625,8128671,5162558,3198045,1928626,1129497,640603,350670,184475,92758,44294,19930,8337,3212,1108,332,83,15,1"
JpD?GCA?_C?,"0,0,0,0,1,10,43,187,597,1761,4641,11290,25569,54671,110902,214980,400283,718803,1249087,2106719,3456785,5529416,8637515,13196339,19744503,28964928,41703735,58984826,82020513,112209374,151126497,200496193,262152024,337975208,429820903,539421031,668280689,817557642,987945774,1179550107,1391788340,1623294191,1871865267,2134430900,2407077143,2685099570,2963122615,3235242687,3495232319,3736755051,3953624589,4140044334,4290872789,4401837173,4469740637,4492597698,4469740637,4401837173,4290872789,4140044334,3953624589,3736755051,3495232319,3235242687,2963122615,2685099570,2407077143,2134430900,1871865267,1623294191,1391788340,1179550107,987945774,817557642,668280689,539421031,429820903,337975208,262152024,200496193,151126497,112209374,82020513,58984826,41703735,28964928,19744503,13196339,8637515,5529416,3456785,2106719,1249087,718803,400283,214980,110902,54671,25569,11290,4641,1761,597,187,43,10,1"
JpD?GCA?_G?,"0,0,0,0,0,3,21,97,376,1202,3441,8816,20923,46162,96251,190462,360903,657110,1155704,1968448,3257743,5248744,8251255,12674732,19055624,28071134,40567599,57565643,80282019,110115744,148653442,197625173,258883771,334322348,425822870,535132844,663789934,812967251,983390902,1175176580,1387768145,1619797037,1869075867,2132514247,2406196327,2685379066,2964668860,3238105222,3499431622,3742244217,3960322601,4147803375,4299518155,4411136524,4479452205,4502442518,4479452205,4411136524,4299518155,4147803375,3960322601,3742244217,3499431622,3238105222,2964668860,2685379066,2406196327,2132514247,1869075867,1619797037,1387768145,1175176580,983390902,812967251,663789934,535132844,425822870,334322348,258883771,197625173,148653442,110115744,80282019,57565643,40567599,28071134,19055624,12674732,8251255,5248744,3257743,1968448,1155704,657110,360903,190462,96251,46162,20923,8816,3441,1202,376,97,21,3"
JpD?GCA?a??,"0,0,0,0,1,8,36,149,489,1462,3953,9759,22566,48942,100668,197374,371244,672241,1177150,1998267,3297889,5302043,8320144,12762290,19164353,28204167,40726477,57752892,80497769,110360620,148925361,197922787,259201430,334656431,426164946,535476382,664124132,813284677,983678435,1175427018,1387968779,1619941437,1869153144,2132521748,2406124906,2685230432,2964438460,3237798206,3499047415,3741793406,3959806950,4147237357,4298907272,4410496580,4478790591,4501777530,4478790591,4410496580,4298907272,4147237357,3959806950,3741793406,3499047415,3237798206,2964438460,2685230432,2406124906,2132521748,1869153144,1619941437,1387968779,1175427018,983678435,813284677,664124132,535476382,426164946,334656431,259201430,197922787,148925361,110360620,80497769,57752892,40726477,28204167,19164353,12762290,8320144,5302043,3297889,1998267,1177150,672241,371244,197374,100668,48942,22566,9759,3953,1462,489,149,36,8,1"
JpD?GCA@??_,"0,0,0,0,0,1,13,63,274,918,2777,7390,18049,40764,86555,173836,333375,613182,1087512,1865902,3107183,5033480,7950109,12263286,18504458,27348666,39637999,56393763,78830987,108354278,146552574,195168659,256063007,331148934,422321332,531354666,659801920,808866939,979288818,1171212586,1384087285,1616565891,1866452021,2130664263,2405259473,2685488016,2965910616,3240546510,3503079046,3747076273,3966251001,4154713041,4307231707,4419460714,4488145789,4511268198,4488145789,4419460714,4307231707,4154713041,3966251001,3747076273,3503079046,3240546510,2965910616,2685488016,2405259473,2130664263,1866452021,1616565891,1384087285,1171212586,979288818,808866939,659801920,531354666,422321332,331148934,256063007,195168659,146552574,108354278,78830987,56393763,39637999,27348666,18504458,12263286,7950109,5033480,3107183,1865902,1087512,613182,333375,173836,86555,40764,18049,7390,2777,918,274,63,13,1"
JpD?GCA@?G?,"0,0,0,0,0,3,17,89,344,1134,3289,8534,20385,45268,94733,188072,357207,651626,1147694,1957242,3242243,5227974,8223887,12639580,19011194,28016362,40501053,57486597,80189713,110010098,148534516,197494231,258742087,334172388,425667448,534975596,663634828,812819059,983254094,1175056188,1387669053,1619723529,1869031903,2132503185,2406220631,2685440170,2964767602,3238240716,3499602758,3742448283,3960556271,4148062123,4299797729,4411430828,4479755881,4502749130,4479755881,4411430828,4299797729,4148062123,3960556271,3742448283,3499602758,3238240716,2964767602,2685440170,2406220631,2132503185,1869031903,1619723529,1387669053,1175056188,983254094,812819059,663634828,534975596,425667448,334172388,258742087,197494231,148534516,110010098,80189713,57486597,40501053,28016362,19011194,12639580,8223887,5227974,3242243,1957242,1147694,651626,357207,188072,94733,45268,20385,8534,3289,1134,344,89,17,3"
JpD?GCA@A??,"0,0,0,0,0,1,13,69,294,1006,2981,7884,19053,42778,90189,180320,344173,630864,1115164,1908276,3169773,5124314,8077923,12440010,18742470,27663818,40045437,56911931,79475403,109142566,147496478,196280085,257343727,332599110,423926622,533097384,661646922,810775735,981203910,1173076136,1385823713,1618104741,1867709765,2131570833,2405737819,2685484576,2965371806,3239450374,3501409188,3744853821,3963503747,4151507807,4303638907,4415584932,4484087883,4507154538,4484087883,4415584932,4303638907,4151507807,3963503747,3744853821,3501409188,3239450374,2965371806,2685484576,2405737819,2131570833,1867709765,1618104741,1385823713,1173076136,981203910,810775735,661646922,533097384,423926622,332599110,257343727,196280085,147496478,109142566,79475403,56911931,40045437,27663818,18742470,12440010,8077923,5124314,3169773,1908276,1115164,630864,344173,180320,90189,42778,19053,7884,2981,1006,294,69,13,1"
JpD?GCAO??_,"0,0,0,0,0,1,15,71,300,992,2936,7701,18646,41790,88258,176595,337598,619479,1096657,1878786,3124789,5057150,7981043,12302945,18554234,27409950,39711707,56481216,78932318,108469777,146681500,195310289,256214737,331309103,422485849,531520282,659963634,809020961,979428722,1171335032,1384185938,1616637567,1866491475,2130670213,2405227235,2685418673,2965801780,3240400702,3502895960,3746861221,3966004397,4154442333,4306939302,4419154368,4487828850,4510949846,4487828850,4419154368,4306939302,4154442333,3966004397,3746861221,3502895960,3240400702,2965801780,2685418673,2405227235,2130670213,1866491475,1616637567,1384185938,1171335032,979428722,809020961,659963634,531520282,422485849,331309103,256214737,195310289,146681500,108469777,78932318,56481216,39711707,27409950,18554234,12302945,7981043,5057150,3124789,1878786,1096657,619479,337598,176595,88258,41790,18646,7701,2936,992,300,71,15,1"
JpD?GCAOA??,"0,0,0,0,1,8,35,143,473,1425,3861,9580,22229,48331,99616,195684,368557,668137,1171073,1989553,3285643,5285346,8297799,12733121,19127085,28157498,40669093,57683956,80416401,110266396,148818311,197803657,259071318,334517430,426019517,535327717,663976207,813141748,983544818,1175307769,1387868654,1619864705,1869103963,2132503610,2406140339,2685281324,2964525711,3237921233,3499205357,3741983895,3960026423,4147481850,4299172403,4410776467,4479079673,4502069714,4479079673,4410776467,4299172403,4147481850,3960026423,3741983895,3499205357,3237921233,2964525711,2685281324,2406140339,2132503610,1869103963,1619864705,1387868654,1175307769,983544818,813141748,663976207,535327717,426019517,334517430,259071318,197803657,148818311,110266396,80416401,57683956,40669093,28157498,19127085,12733121,8297799,5285346,3285643,1989553,1171073,668137,368557,195684,99616,48331,22229,9580,3861,1425,473,143,35,8,1"
JpD?GCC?GG?,"0,0,0,0,0,1,11,63,274,960,2877,7724,18735,42284,89393,179162,342373,628502,1111726,1903904,3163949,5117252,8068827,12429752,18729886,27650220,40029819,56896199,79457943,109126800,147480042,196267033,257331695,332592822,423922002,533101044,661652790,810790497,981220722,1173102078,1385848903,1618138387,1867739543,2131605837,2405765575,2685515200,2965390232,3239470194,3501414470,3744858521,3963493649,4151498559,4303614795,4415565068,4484056649,4507130114,4484056649,4415565068,4303614795,4151498559,3963493649,3744858521,3501414470,3239470194,2965390232,2685515200,2405765575,2131605837,1867739543,1618138387,1385848903,1173102078,981220722,810790497,661652790,533101044,423922002,332592822,257331695,196267033,147480042,109126800,79457943,56896199,40029819,27650220,18729886,12429752,8068827,5117252,3163949,1903904,1111726,628502,342373,179162,89393,42284,18735,7724,2877,960,274,63,11,1"
JpD?GCC?I??,"0,0,0,0,0,1,10,57,248,871,2656,7184,17615,40075,85314,171957,330271,608735,1080726,1856576,3093829,5015885,7926154,12233040,18465120,27300801,39578397,56323990,78747360,108260093,146443944,195050927,255932465,331013404,422176802,531211977,659656511,808732008,979159067,1171103333,1383991069,1616499919,1866406090,2130655995,2405275944,2685546929,2965995119,3240674573,3503230262,3747267650,3966459582,4154955430,4307482113,4419735991,4488418612,4511554638,4488418612,4419735991,4307482113,4154955430,3966459582,3747267650,3503230262,3240674573,2965995119,2685546929,2405275944,2130655995,1866406090,1616499919,1383991069,1171103333,979159067,808732008,659656511,531211977,422176802,331013404,255932465,195050927,146443944,108260093,78747360,56323990,39578397,27300801,18465120,12233040,7926154,5015885,3093829,1856576,1080726,608735,330271,171957,85314,40075,17615,7184,2656,871,248,57,10,1"
JpD?GCC@?G?,"0,0,0,0,1,6,35,141,505,1515,4169,10352,23935,51777,106280,207520,389003,701879,1224867,2072375,3410033,5466266,8555085,13089957,19611171,28799524,41504357,58746998,81744159,111892010,150771199,200103169,261729170,337525828,429357213,538950111,667818801,817113546,987538982,1179189715,1391494104,1623073803,1871736481,2134396642,2407152461,2685281328,2963419953,3235646779,3495746677,3737363355,3954325867,4140816776,4291710733,4402715789,4470651319,4493512558,4470651319,4402715789,4291710733,4140816776,3954325867,3737363355,3495746677,3235646779,2963419953,2685281328,2407152461,2134396642,1871736481,1623073803,1391494104,1179189715,987538982,817113546,667818801,538950111,429357213,337525828,261729170,200103169,150771199,111892010,81744159,58746998,41504357,28799524,19611171,13089957,8555085,5466266,3410033,2072375,1224867,701879,389003,207520,106280,51777,23935,10352,4169,1515,505,141,35,6,1"
JpD?GCC@A??,"0,0,0,0,0,1,12,75,310,1063,3145,8279,19890,44471,93383,186006,353902,646892,1140623,1947512,3228521,5209869,8199518,12608819,18971504,27968021,40441299,57416575,80106217,109915992,148426476,197376975,258612657,334037759,425524453,534834165,663491293,812685458,983126359,1174948241,1387574638,1619658499,1868987438,2132495247,2406238008,2685498734,2964852295,3238367773,3499753590,3742637888,3960763912,4148302318,4300046732,4411703567,4480027185,4503032882,4480027185,4411703567,4300046732,4148302318,3960763912,3742637888,3499753590,3238367773,2964852295,2685498734,2406238008,2132495247,1868987438,1619658499,1387574638,1174948241,983126359,812685458,663491293,534834165,425524453,334037759,258612657,197376975,148426476,109915992,80106217,57416575,40441299,27968021,18971504,12608819,8199518,5209869,3228521,1947512,1140623,646892,353902,186006,93383,44471,19890,8279,3145,1063,310,75,12,1"
JpD?GCCO??_,"0,0,0,0,0,1,8,53,234,857,2614,7138,17525,39975,85112,171783,329919,608415,1080192,1856132,3093037,5015319,7925130,12232372,18463916,27300175,39576991,56323568,78745960,108259911,146442576,195051249,255931145,331014290,422175662,531213357,659655451,808734040,979157891,1171105869,1383989889,1616502779,1866404668,2130659281,2405274172,2685550353,2965993161,3240678115,3503227950,3747271444,3966456924,4154959190,4307479425,4419739779,4488415728,4511558550,4488415728,4419739779,4307479425,4154959190,3966456924,3747271444,3503227950,3240678115,2965993161,2685550353,2405274172,2130659281,1866404668,1616502779,1383989889,1171105869,979157891,808734040,659655451,531213357,422175662,331014290,255931145,195051249,146442576,108259911,78745960,56323568,39576991,27300175,18463916,12232372,7925130,5015319,3093037,1856132,1080192,608415,329919,171783,85112,39975,17525,7138,2614,857,234,53,8,1"
JpD?GCCOA??,"0,0,0,0,0,1,14,79,324,1093,3207,8381,20084,44763,93841,186704,354914,648268,1142545,1950024,3231757,5213939,8204558,12614803,18978644,27976167,40450445,57426689,80117193,109927410,148438332,197388861,258624201,334048701,425534505,534842725,663498429,812690782,983129495,1174949329,1387573662,1619655199,1868982152,2132488233,2406229068,2685488434,2964840901,3238355235,3499740354,3742624402,3960749694,4148288018,4300032448,4411689103,4480012593,4503018594,4480012593,4411689103,4300032448,4148288018,3960749694,3742624402,3499740354,3238355235,2964840901,2685488434,2406229068,2132488233,1868982152,1619655199,1387573662,1174949329,983129495,812690782,663498429,534842725,425534505,334048701,258624201,197388861,148438332,109927410,80117193,57426689,40450445,27976167,18978644,12614803,8204558,5213939,3231757,1950024,1142545,648268,354914,186704,93841,44763,20084,8381,3207,1093,324,79,14,1"
JpD?GD??G?_,"0,0,0,0,0,1,10,55,241,840,2565,6938,17080,38931,83081,167849,323104,596585,1061091,1825736,3046919,4946461,7826281,12092470,18272403,27041952,39238386,55886363,78196037,107578332,145618435,194070162,254790793,329710438,420721749,529620563,657957867,806962901,977368880,1169349004,1382340710,1615022835,1865179310,2129751190,2404763321,2685484100,2966431510,3241636690,3504732147,3749296148,3968983867,4157918528,4310813162,4423339361,4492193591,4515386054,4492193591,4423339361,4310813162,4157918528,3968983867,3749296148,3504732147,3241636690,2966431510,2685484100,2404763321,2129751190,1865179310,1615022835,1382340710,1169349004,977368880,806962901,657957867,529620563,420721749,329710438,254790793,194070162,145618435,107578332,78196037,55886363,39238386,27041952,18272403,12092470,7826281,4946461,3046919,1825736,1061091,596585,323104,167849,83081,38931,17080,6938,2565,840,241,55,10,1"
JpD?GD??G@?,"0,0,0,0,0,1,11,63,268,924,2784,7419,18108,40896,86740,174205,333902,613995,1088647,1867580,3109289,5036380,7953675,12267793,18509804,27355178,39645161,56402170,78840012,108364131,146562574,195179347,256073053,331159143,422330427,531363034,659808528,808872769,979291914,1171214640,1384086846,1616564059,1866447511,2130659151,2405251539,2685479777,2965900522,3240536196,3503067096,3747065287,3966238067,4154701081,4307218876,4419448672,4488132526,4511256458,4488132526,4419448672,4307218876,4154701081,3966238067,3747065287,3503067096,3240536196,2965900522,2685479777,2405251539,2130659151,1866447511,1616564059,1384086846,1171214640,979291914,808872769,659808528,531363034,422330427,331159143,256073053,195179347,146562574,108364131,78840012,56402170,39645161,27355178,18509804,12267793,7953675,5036380,3109289,1867580,1088647,613995,333902,174205,86740,40896,18108,7419,2784,924,268,63,11,1"
JpD?GD??I??,"0,0,0,0,0,1,13,71,296,1010,2988,7901,19078,42808,90238,180403,344264,631011,1115317,1908538,3170083,5124788,8078457,12440911,18743576,27665504,40047533,56915142,79479344,109148253,147503266,196289285,257354605,332613087,423942289,533116592,661667594,810799619,981228130,1173102684,1385848668,1618130395,1867731169,2131590425,2405750473,2685493237,2965370702,3239443800,3501391596,3744830255,3963469155,4151468539,4303590368,4415534774,4484031678,4507100174,4484031678,4415534774,4303590368,4151468539,3963469155,3744830255,3501391596,3239443800,2965370702,2685493237,2405750473,2131590425,1867731169,1618130395,1385848668,1173102684,981228130,810799619,661667594,533116592,423942289,332613087,257354605,196289285,147503266,109148253,79479344,56915142,40047533,27665504,18743576,12440911,8078457,5124788,3170083,1908538,1115317,631011,344264,180403,90238,42808,19078,7901,2988,1010,296,71,13,1"
JpD?GD?OA??,"0,0,0,0,1,8,39,163,543,1623,4355,10694,24503,52721,107660,209686,392031,706141,1230577,2080075,3419677,5478650,8570069,13108117,19632315,28824198,41531493,58777518,81776635,111926552,150806159,200139115,261763180,337559008,429386671,538976333,667839393,817130158,987547686,1179193689,1391490442,1623064879,1871719829,2134376568,2407124873,2685251502,2963384905,3235610301,3495706021,3737323993,3954282259,4140774906,4291666791,4402673481,4470606453,4493470722,4470606453,4402673481,4291666791,4140774906,3954282259,3737323993,3495706021,3235610301,2963384905,2685251502,2407124873,2134376568,1871719829,1623064879,1391490442,1179193689,987547686,817130158,667839393,538976333,429386671,337559008,261763180,200139115,150806159,111926552,81776635,58777518,41531493,28824198,19632315,13108117,8570069,5478650,3419677,2080075,1230577,706141,392031,209686,107660,52721,24503,10694,4355,1623,543,163,39,8,1"
JpG`@@??G?_,"0,0,0,1,3,24,83,314,914,2543,6316,14778,32213,66953,132360,251319,459410,812449,1392636,2321558,3769603,5974941,9257058,14040736,20870493,30438274,43593141,61363748,84958488,115773323,155368053,205453743,267835388,344367807,436864372,547021499,676292673,825797119,996177971,1187508241,1399166360,1629774709,1877113929,2138132564,2408933252,2684864532,2960599925,3230322259,3487876854,3727032495,3941687090,4126148930,4275349198,4385101311,4452248937,4474854220,4452248937,4385101311,4275349198,4126148930,3941687090,3727032495,3487876854,3230322259,2960599925,2684864532,2408933252,2138132564,1877113929,1629774709,1399166360,1187508241,996177971,825797119,676292673,547021499,436864372,344367807,267835388,205453743,155368053,115773323,84958488,61363748,43593141,30438274,20870493,14040736,9257058,5974941,3769603,2321558,1392636,812449,459410,251319,132360,66953,32213,14778,6316,2543,914,314,83,24,3,1"
JpG`C@??G?_,"0,0,0,0,1,7,42,164,563,1677,4518,11076,25319,54391,110806,215288,401634,721995,1255769,2118902,3477769,5563305,8690284,13274987,19858400,29124440,41921700,59274585,82397097,112686742,151718991,201214888,263005763,338966561,430947657,540671561,669636718,818989492,989416346,1181011488,1393186961,1624568132,1872951747,2135264561,2407598434,2685253432,2962867470,3234547819,3494086803,3735163362,3951613443,4137657079,4288173628,4398902096,4466660457,4489467300,4466660457,4398902096,4288173628,4137657079,3951613443,3735163362,3494086803,3234547819,2962867470,2685253432,2407598434,2135264561,1872951747,1624568132,1393186961,1181011488,989416346,818989492,669636718,540671561,430947657,338966561,263005763,201214888,151718991,112686742,82397097,59274585,41921700,29124440,19858400,13274987,8690284,5563305,3477769,2118902,1255769,721995,401634,215288,110806,54391,25319,11076,4518,1677,563,164,42,7,1"
JpG`A?@?G@?,"0,0,0,1,3,20,67,248,726,2057,5208,12424,27603,58359,117098,225307,416706,744521,1287868,2164262,3539567,5646579,8798972,13415258,20034309,29342622,42185283,59588976,82763062,113107543,152191075,201737419,263569810,339566523,431568566,541303359,670258709,819588311,989968279,1181501593,1393590520,1624872889,1873135343,2135319530,2407507906,2685017310,2962475847,3234009775,3493400124,3734345683,3950671092,4136614792,4287042842,4397713739,4465430135,4488228360,4465430135,4397713739,4287042842,4136614792,3950671092,3734345683,3493400124,3234009775,2962475847,2685017310,2407507906,2135319530,1873135343,1624872889,1393590520,1181501593,989968279,819588311,670258709,541303359,431568566,339566523,263569810,201737419,152191075,113107543,82763062,59588976,42185283,29342622,20034309,13415258,8798972,5646579,3539567,2164262,1287868,744521,416706,225307,117098,58359,27603,12424,5208,2057,726,248,67,20,3,1"
JpG`A?@?GA?,"0,0,0,0,1,9,46,190,629,1837,4867,11785,26620,56713,114697,221549,411407,736808,1277396,2149730,3520607,5621349,8767190,13374772,19984948,29282024,42114082,59504634,82667078,112998023,152070801,201604950,263430007,339418326,431418518,541151415,670112652,819448030,989843414,1181391288,1393504386,1624809612,1873104055,2135316587,2407542416,2685083193,2962580416,3234145483,3493572509,3734544194,3950901121,4136863833,4287314371,4397995058,4465724086,4488520576,4465724086,4397995058,4287314371,4136863833,3950901121,3734544194,3493572509,3234145483,2962580416,2685083193,2407542416,2135316587,1873104055,1624809612,1393504386,1181391288,989843414,819448030,670112652,541151415,431418518,339418326,263430007,201604950,152070801,112998023,82667078,59504634,42114082,29282024,19984948,13374772,8767190,5621349,3520607,2149730,1277396,736808,411407,221549,114697,56713,26620,11785,4867,1837,629,190,46,9,1"
JpG`A?@?I??,"0,0,0,1,3,22,67,260,744,2099,5268,12524,27733,58515,117232,225409,416588,744065,1286746,2162184,3535915,5640807,8790146,13402566,20016579,29318804,42153951,59549304,82713680,113047841,152120267,201655775,263477386,339464705,431458478,541187625,670139823,819470059,989853787,1181395755,1393496976,1624796237,1873078825,2135287312,2407502112,2685040900,2962529287,3234094035,3493513950,3734488175,3950838556,4136804804,4287250672,4397935379,4465659549,4488461036,4465659549,4397935379,4287250672,4136804804,3950838556,3734488175,3493513950,3234094035,2962529287,2685040900,2407502112,2135287312,1873078825,1624796237,1393496976,1181395755,989853787,819470059,670139823,541187625,431458478,339464705,263477386,201655775,152120267,113047841,82713680,59549304,42153951,29318804,20016579,13402566,8790146,5640807,3535915,2162184,1286746,744065,416588,225409,117232,58515,27733,12524,5268,2099,744,260,67,22,3,1"
JpGc?D??G?_,"0,0,0,0,1,4,28,103,397,1216,3481,8821,20932,46048,96046,189914,359964,655317,1152930,1963923,3251137,5238893,8237714,12655908,19031021,28038763,40527099,57515064,80221415,110043256,148570063,197529763,258778576,334207051,425701256,535005462,663662244,812840581,983271643,1175066626,1387674543,1619721049,1869024358,2132487490,2406200224,2685412190,2964735798,3238202298,3499561773,3742401710,3960508228,4148009799,4299745216,4411375196,4479701273,4502692390,4479701273,4411375196,4299745216,4148009799,3960508228,3742401710,3499561773,3238202298,2964735798,2685412190,2406200224,2132487490,1869024358,1619721049,1387674543,1175066626,983271643,812840581,663662244,535005462,425701256,334207051,258778576,197529763,148570063,110043256,80221415,57515064,40527099,28038763,19031021,12655908,8237714,5238893,3251137,1963923,1152930,655317,359964,189914,96046,46048,20932,8821,3481,1216,397,103,28,4,1"
JpGcC@??G?_,"0,0,0,0,0,4,26,120,434,1384,3862,9756,22807,49858,102919,202226,380576,689150,1205988,2045497,3371981,5414641,8485704,12999402,19494619,28653584,41323420,58528938,81484403,111589678,150424182,199714652,261299182,337062729,428865716,538442410,667304297,816609991,987057098,1178751209,1391111802,1622768392,1871519625,2134288442,2407157922,2685416220,2963684117,3236046688,3496274092,3738018780,3955089815,4141682682,4292654006,4403721353,4471689727,4494567788,4471689727,4403721353,4292654006,4141682682,3955089815,3738018780,3496274092,3236046688,2963684117,2685416220,2407157922,2134288442,1871519625,1622768392,1391111802,1178751209,987057098,816609991,667304297,538442410,428865716,337062729,261299182,199714652,150424182,111589678,81484403,58528938,41323420,28653584,19494619,12999402,8485704,5414641,3371981,2045497,1205988,689150,380576,202226,102919,49858,22807,9756,3862,1384,434,120,26,4"
JpGcA?@?G@?,"0,0,0,0,1,5,31,130,453,1404,3878,9721,22636,49366,101782,199868,376139,681237,1192538,2023570,3337627,5362480,8408893,12889328,19340884,28444081,41044420,58165341,81020787,111010878,149716301,198866302,260303241,335917542,427576822,537023760,665778955,815011305,985428401,1177144659,1389587724,1621393178,1870362516,2133418293,2406639609,2685306464,2964027799,3236873748,3497595903,3739827207,3957356192,4144357232,4295667931,4406990341,4475116857,4498048480,4475116857,4406990341,4295667931,4144357232,3957356192,3739827207,3497595903,3236873748,2964027799,2685306464,2406639609,2133418293,1870362516,1621393178,1389587724,1177144659,985428401,815011305,665778955,537023760,427576822,335917542,260303241,198866302,149716301,111010878,81020787,58165341,41044420,28444081,19340884,12889328,8408893,5362480,3337627,2023570,1192538,681237,376139,199868,101782,49366,22636,9721,3878,1404,453,130,31,5,1"
JpGcA?@?GA?,"0,0,0,0,0,3,24,110,413,1316,3705,9408,22098,48443,100334,197546,372654,676080,1185174,2013160,3323517,5343412,8384026,12857245,19300652,28394095,40984244,58093363,80937053,110914587,149608413,198746618,260174581,335780402,427435260,536879741,665637659,814874935,985303795,1177033803,1389497263,1621325116,1870322803,2133406904,2406662440,2685361384,2964118462,3236996862,3497753249,3740012480,3957570744,4144592891,4295923947,4407258447,4475395410,4498327458,4475395410,4407258447,4295923947,4144592891,3957570744,3740012480,3497753249,3236996862,2964118462,2685361384,2406662440,2133406904,1870322803,1621325116,1389497263,1177033803,985303795,814874935,665637659,536879741,427435260,335780402,260174581,198746618,149608413,110914587,80937053,58093363,40984244,28394095,19300652,12857245,8384026,5343412,3323517,2013160,1185174,676080,372654,197546,100334,48443,22098,9408,3705,1316,413,110,24,3"
JpGcA?@?I??,"0,0,0,0,1,5,29,120,437,1338,3740,9429,22084,48314,100036,196906,371455,673983,1181776,2007864,3315681,5332088,8368243,12835854,19272474,28357721,40938508,58037115,80869375,110834782,149516289,198642414,260059287,335655472,427302844,536742702,665499541,814739559,985175479,1176917227,1389397040,1621245680,1870268186,2133380693,2406667511,2685399814,2964191145,3237103936,3497893777,3740184439,3957770892,4144817530,4296168495,4407517745,4475663595,4498598700,4475663595,4407517745,4296168495,4144817530,3957770892,3740184439,3497893777,3237103936,2964191145,2685399814,2406667511,2133380693,1870268186,1621245680,1389397040,1176917227,985175479,814739559,665499541,536742702,427302844,335655472,260059287,198642414,149516289,110834782,80869375,58037115,40938508,28357721,19272474,12835854,8368243,5332088,3315681,2007864,1181776,673983,371455,196906,100036,48314,22084,9429,3740,1338,437,120,29,5,1"
JpGa?C@?OA?,"0,0,0,1,3,20,62,234,672,1916,4878,11705,26166,55662,112248,216991,402961,722545,1253823,2112976,3464281,5538830,8648297,13209071,19758113,28980125,41718745,59000058,82033642,112220813,151133225,200498851,262146878,337963594,429799243,539391524,668239894,817509624,987887860,1179487778,1391719657,1623226473,1871797150,2134370986,2407023561,2685061290,2963097142,3235238106,3495243862,3736789652,3953675421,4140116247,4290956279,4401935360,4469842657,4492705696,4469842657,4401935360,4290956279,4140116247,3953675421,3736789652,3495243862,3235238106,2963097142,2685061290,2407023561,2134370986,1871797150,1623226473,1391719657,1179487778,987887860,817509624,668239894,539391524,429799243,337963594,262146878,200498851,151133225,112220813,82033642,59000058,41718745,28980125,19758113,13209071,8648297,5538830,3464281,2112976,1253823,722545,402961,216991,112248,55662,26166,11705,4878,1916,672,234,62,20,3,1"
JpGa?C@?OC?,"0,0,0,0,1,5,33,134,473,1452,3983,9938,23047,50102,103033,201885,379308,686066,1199621,2033680,3351739,5381638,8434327,12922381,19382870,28496435,41108436,58241948,81110762,111114721,149833749,198996570,260445043,336068609,427734325,537184370,665938287,815164849,985571499,1177271965,1389694163,1621474272,1870413756,2133435935,2406621143,2685249795,2963931981,3236739418,3497424089,3739620265,3957118148,4144092100,4295380652,4406687159,4474803852,4497731976,4474803852,4406687159,4295380652,4144092100,3957118148,3739620265,3497424089,3236739418,2963931981,2685249795,2406621143,2133435935,1870413756,1621474272,1389694163,1177271965,985571499,815164849,665938287,537184370,427734325,336068609,260445043,198996570,149833749,111114721,81110762,58241948,41108436,28496435,19382870,12922381,8434327,5381638,3351739,2033680,1199621,686066,379308,201885,103033,50102,23047,9938,3983,1452,473,134,33,5,1"
JpGa?C@?Q??,"0,0,0,1,3,20,58,222,624,1794,4558,10993,24724,52870,107148,208219,388295,698927,1217085,2057512,3382625,5421940,8484691,12985291,19458735,28587731,41214317,58364952,81248784,111268985,150000601,199176705,260632046,336262682,427927379,537375234,666117918,815332646,985716194,1177394546,1389784043,1621532797,1870431368,2133417344,2406556515,2685146870,2963783494,3236554132,3497196658,3739363148,3956825075,4143777821,4295041535,4406337174,4474439847,4497370248,4474439847,4406337174,4295041535,4143777821,3956825075,3739363148,3497196658,3236554132,2963783494,2685146870,2406556515,2133417344,1870431368,1621532797,1389784043,1177394546,985716194,815332646,666117918,537375234,427927379,336262682,260632046,199176705,150000601,111268985,81248784,58364952,41214317,28587731,19458735,12985291,8484691,5421940,3382625,2057512,1217085,698927,388295,208219,107148,52870,24724,10993,4558,1794,624,222,58,20,3,1"
JpGa?C@?_?_,"0,0,0,0,1,4,28,107,417,1260,3599,9097,21456,47042,97818,192826,364670,662699,1163946,1979945,3273937,5270275,8279958,12711606,19102543,28128915,40638589,57649668,80380871,110228968,148781729,197766213,259037944,334485177,425993100,535305242,663961550,813130925,983544607,1175311646,1387881725,1619882093,1869130190,2132530540,2406175828,2685315716,2964565004,3237958664,3499246637,3742019224,3960066582,4147516275,4299208868,4410808568,4479115763,4502099890,4479115763,4410808568,4299208868,4147516275,3960066582,3742019224,3499246637,3237958664,2964565004,2685315716,2406175828,2132530540,1869130190,1619882093,1387881725,1175311646,983544607,813130925,663961550,535305242,425993100,334485177,259037944,197766213,148781729,110228968,80380871,57649668,40638589,28128915,19102543,12711606,8279958,5270275,3273937,1979945,1163946,662699,364670,192826,97818,47042,21456,9097,3599,1260,417,107,28,4,1"
JpGa?C@?_C?,"0,0,0,0,0,6,32,150,524,1588,4317,10691,24518,52910,108082,210501,393517,708809,1234701,2086419,3428969,5491831,8588014,13132263,19663153,28863452,41579848,58835557,81844286,112004819,150893414,200234866,261865274,337665548,429493989,539082942,667939601,817221991,987627404,1179258409,1391535607,1623091146,1871723301,2134358062,2407083616,2685189441,2963301127,3235510168,3495588054,3737192504,3954139475,4140624328,4291507193,4402511143,4470440304,4493304272,4470440304,4402511143,4291507193,4140624328,3954139475,3737192504,3495588054,3235510168,2963301127,2685189441,2407083616,2134358062,1871723301,1623091146,1391535607,1179258409,987627404,817221991,667939601,539082942,429493989,337665548,261865274,200234866,150893414,112004819,81844286,58835557,41579848,28863452,19663153,13132263,8588014,5491831,3428969,2086419,1234701,708809,393517,210501,108082,52910,24518,10691,4317,1588,524,150,32,6"
JpGa?C@?a??,"0,0,0,0,1,7,35,142,493,1466,4019,9962,23059,50016,102867,201397,378430,684416,1196973,2029352,3345371,5372090,8421085,12904023,19358694,28464591,41068536,58192056,81050770,111043071,149751123,198901992,260340713,335954233,427613441,537057966,665811333,815038871,985452899,1177162647,1389600769,1621398674,1870362268,2133409019,2406624721,2685282513,2963997969,3236835768,3497553091,3739776399,3957302340,4144297148,4295605798,4406924257,4475051122,4497980008,4475051122,4406924257,4295605798,4144297148,3957302340,3739776399,3497553091,3236835768,2963997969,2685282513,2406624721,2133409019,1870362268,1621398674,1389600769,1177162647,985452899,815038871,665811333,537057966,427613441,335954233,260340713,198901992,149751123,111043071,81050770,58192056,41068536,28464591,19358694,12904023,8421085,5372090,3345371,2029352,1196973,684416,378430,201397,102867,50016,23059,9962,4019,1466,493,142,35,7,1"
JpGa?C@O??_,"0,0,0,0,1,6,32,129,455,1368,3785,9439,22024,47986,99198,194992,367698,666961,1169656,1987645,3283581,5282659,8294942,12729766,19123687,28153589,40665725,57680188,80413347,110263510,148816689,197802159,259071954,334518357,426022558,535331464,663982142,813147537,983553311,1175315620,1387878063,1619873169,1869113538,2132510466,2406148240,2685285890,2964529956,3237922186,3499205981,3741979862,3960022974,4147474405,4299164926,4410766260,4479070897,4502058054,4479070897,4410766260,4299164926,4147474405,3960022974,3741979862,3499205981,3237922186,2964529956,2685285890,2406148240,2132510466,1869113538,1619873169,1387878063,1175315620,983553311,813147537,663982142,535331464,426022558,334518357,259071954,197802159,148816689,110263510,80413347,57680188,40665725,28153589,19123687,12729766,8294942,5282659,3283581,1987645,1169656,666961,367698,194992,99198,47986,22024,9439,3785,1368,455,129,32,6,1"
JpGa?C@OA??,"0,0,0,1,3,22,64,246,694,1958,4926,11755,26182,55554,111882,216195,401305,719553,1248771,2104970,3451979,5520822,8622631,13173757,19710847,28918439,41639969,58902352,81914706,112079259,150968173,200310909,261936934,337734704,429554723,539136688,667981072,817254490,987643642,1179264320,1391525311,1623070051,1871686168,2134313312,2407023875,2685124814,2963225440,3235431816,3495501080,3737107522,3954046513,4140534675,4291412901,4402420456,4470344529,4493214080,4470344529,4402420456,4291412901,4140534675,3954046513,3737107522,3495501080,3235431816,2963225440,2685124814,2407023875,2134313312,1871686168,1623070051,1391525311,1179264320,987643642,817254490,667981072,539136688,429554723,337734704,261936934,200310909,150968173,112079259,81914706,58902352,41639969,28918439,19710847,13173757,8622631,5520822,3451979,2104970,1248771,719553,401305,216195,111882,55554,26182,11755,4926,1958,694,246,64,22,3,1"
JpGa?CA?_C?,"0,0,0,0,4,16,82,282,866,2388,6031,14111,30970,64570,128146,243893,447231,792669,1361891,2274561,3700247,5874451,9115652,13845223,20606751,30089132,43141080,60788331,84241590,114895859,154315662,204213846,266404164,342746298,435066629,545068988,674221935,823654087,994024618,1185412191,1397209121,1628039640,1875691173,2137105560,2408384434,2684859467,2961194467,3231546988,3489744270,3729525018,3944768253,4129749512,4279383069,4389457569,4456807504,4479479020,4456807504,4389457569,4279383069,4129749512,3944768253,3729525018,3489744270,3231546988,2961194467,2684859467,2408384434,2137105560,1875691173,1628039640,1397209121,1185412191,994024618,823654087,674221935,545068988,435066629,342746298,266404164,204213846,154315662,114895859,84241590,60788331,43141080,30089132,20606751,13845223,9115652,5874451,3700247,2274561,1361891,792669,447231,243893,128146,64570,30970,14111,6031,2388,866,282,82,16,4"
JpGa?CA?a??,"0,0,0,0,2,11,52,204,635,1858,4842,11717,26391,56261,113677,219837,408339,731879,1269523,2138048,3503135,5596884,8732924,13328830,19923936,29203915,42014586,59382398,82518160,112821698,151864341,201370240,263165487,339129375,431106475,540824521,669775565,819113227,989516725,1181088457,1393233090,1624585628,1872934549,2135217516,2407516802,2685144415,2962727790,3234386138,3493899937,3734961112,3951392866,4137427895,4287932052,4398657709,4466409159,4489218374,4466409159,4398657709,4287932052,4137427895,3951392866,3734961112,3493899937,3234386138,2962727790,2685144415,2407516802,2135217516,1872934549,1624585628,1393233090,1181088457,989516725,819113227,669775565,540824521,431106475,339129375,263165487,201370240,151864341,112821698,82518160,59382398,42014586,29203915,19923936,13328830,8732924,5596884,3503135,2138048,1269523,731879,408339,219837,113677,56261,26391,11717,4842,1858,635,204,52,11,2"
JpGa?CAO??_,"0,0,0,0,0,6,28,138,476,1466,3997,9979,23076,50118,102982,201729,378851,685191,1197963,2030955,3347313,5374941,8424408,12908483,19363775,28471058,41075420,58200451,81059428,111052991,149760790,198912720,260350442,335964636,427622125,537066652,665817625,815045013,985455738,1177165177,1389599993,1621397470,1870357519,2133404420,2406616570,2685275021,2963987479,3236826194,3497540850,3739766000,3957289129,4144285902,4295592449,4406912957,4475037494,4497968824,4475037494,4406912957,4295592449,4144285902,3957289129,3739766000,3497540850,3236826194,2963987479,2685275021,2406616570,2133404420,1870357519,1621397470,1389599993,1177165177,985455738,815045013,665817625,537066652,427622125,335964636,260350442,198912720,149760790,111052991,81059428,58200451,41075420,28471058,19363775,12908483,8424408,5374941,3347313,2030955,1197963,685191,378851,201729,102982,50118,23076,9979,3997,1466,476,138,28,6"
JpGa?CAOA??,"0,0,0,0,3,12,59,212,654,1886,4876,11726,26378,56137,113362,219197,407140,729762,1266129,2132767,3495259,5585573,8717177,13307414,19895765,29167606,41968826,59326189,82450558,112741874,151772248,201266148,263050144,339004458,430974155,540687403,669637405,818977929,989388268,1180971787,1393132914,1624506008,1872879804,2135191357,2407521689,2685182713,2962800590,3234493072,3494040394,3735133247,3951592977,4137652521,4288176877,4398917007,4466677389,4489489910,4466677389,4398917007,4288176877,4137652521,3951592977,3735133247,3494040394,3234493072,2962800590,2685182713,2407521689,2135191357,1872879804,1624506008,1393132914,1180971787,989388268,818977929,669637405,540687403,430974155,339004458,263050144,201266148,151772248,112741874,82450558,59326189,41968826,29167606,19895765,13307414,8717177,5585573,3495259,2132767,1266129,729762,407140,219197,113362,56137,26378,11726,4876,1886,654,212,59,12,3"
JpGa?D??I??,"0,0,0,0,1,9,41,166,563,1630,4387,10724,24517,52700,107601,209373,391440,705042,1228659,2076810,3414725,5470972,8559025,13092489,19610806,28795299,41494188,58729456,81716692,111853345,150718695,200036196,261645601,337426255,429240785,538819420,667674487,816960715,987380347,1179032421,1391342037,1622935928,1871617068,2134304987,2407092081,2685260457,2963439915,3235713452,3495857513,3737520773,3954523778,4141054002,4291977164,4403007539,4470955804,4493823840,4470955804,4403007539,4291977164,4141054002,3954523778,3737520773,3495857513,3235713452,2963439915,2685260457,2407092081,2134304987,1871617068,1622935928,1391342037,1179032421,987380347,816960715,667674487,538819420,429240785,337426255,261645601,200036196,150718695,111853345,81716692,58729456,41494188,28795299,19610806,13092489,8559025,5470972,3414725,2076810,1228659,705042,391440,209373,107601,52700,24517,10724,4387,1630,563,166,41,9,1"
JpGa?D?OA??,"0,0,0,1,5,27,92,320,919,2472,6099,14161,30861,64163,127119,241867,443385,786193,1351339,2258411,3676175,5840087,9067703,13780612,20521526,29979674,43003325,60619509,84038276,114656684,154039416,203902121,266058923,342372877,434670613,544659717,673809034,823250098,993641253,1185064612,1396909880,1627803077,1875528218,2137028210,2408399779,2684975116,2961412027,3231867974,3490164517,3730039948,3945366704,4130421964,4280114374,4390233580,4457609478,4480290970,4457609478,4390233580,4280114374,4130421964,3945366704,3730039948,3490164517,3231867974,2961412027,2684975116,2408399779,2137028210,1875528218,1627803077,1396909880,1185064612,993641253,823250098,673809034,544659717,434670613,342372877,266058923,203902121,154039416,114656684,84038276,60619509,43003325,29979674,20521526,13780612,9067703,5840087,3676175,2258411,1351339,786193,443385,241867,127119,64163,30861,14161,6099,2472,919,320,92,27,5,1"
JpI?GH??G?_,"0,0,0,0,1,4,25,89,349,1091,3165,8144,19557,43461,91334,181838,346539,633805,1119461,1913481,3176889,5132568,8088751,12451947,18757557,27679788,40064691,56931374,79498295,109164184,147521139,196301931,257367962,332618442,423948003,533111433,661662767,810782666,981212386,1173074129,1385824526,1618093783,1867702721,2131552014,2405724339,2685459136,2965354051,3239420393,3501388507,3744821709,3963481733,4151474036,4303616965,4415550865,4484065647,4507120658,4484065647,4415550865,4303616965,4151474036,3963481733,3744821709,3501388507,3239420393,2965354051,2685459136,2405724339,2131552014,1867702721,1618093783,1385824526,1173074129,981212386,810782666,661662767,533111433,423948003,332618442,257367962,196301931,147521139,109164184,79498295,56931374,40064691,27679788,18757557,12451947,8088751,5132568,3176889,1913481,1119461,633805,346539,181838,91334,43461,19557,8144,3165,1091,349,89,25,4,1"
JpI?K@??G?_,"0,0,0,0,0,1,11,69,294,1026,3053,8100,19553,43860,92331,184316,351215,642788,1134546,1938798,3216275,5193172,8177173,12579650,18934236,27921352,40383915,57347639,80024849,109821768,148319426,197257845,258482545,333898758,425379024,534685500,663343368,812542529,982992742,1174828992,1387474513,1619581767,1868938257,2132477109,2406253441,2685549626,2964939546,3238490800,3499911532,3742828377,3960983385,4148546811,4300311863,4411983454,4480316267,4503325066,4480316267,4411983454,4300311863,4148546811,3960983385,3742828377,3499911532,3238490800,2964939546,2685549626,2406253441,2132477109,1868938257,1619581767,1387474513,1174828992,982992742,812542529,663343368,534685500,425379024,333898758,258482545,197257845,148319426,109821768,80024849,57347639,40383915,27921352,18934236,12579650,8177173,5193172,3216275,1938798,1134546,642788,351215,184316,92331,43860,19553,8100,3053,1026,294,69,11,1"
JpI?I?@?G@?,"0,0,0,0,1,4,23,89,347,1089,3178,8199,19670,43721,91849,182733,348076,636352,1123394,1919399,3185563,5144796,8105573,12474584,18787095,27717608,40112157,56989383,79567802,109246047,147615367,196408151,257485512,332745505,424082376,533250577,661802727,810919492,981342206,1173191811,1385925285,1618173671,1867757271,2131577438,2405718349,2685419287,2965279113,3239311043,3501245161,3744646223,3963278119,4151245640,4303367988,4415287419,4483793158,4506844758,4483793158,4415287419,4303367988,4151245640,3963278119,3744646223,3501245161,3239311043,2965279113,2685419287,2405718349,2131577438,1867757271,1618173671,1385925285,1173191811,981342206,810919492,661802727,533250577,424082376,332745505,257485512,196408151,147615367,109246047,79567802,56989383,40112157,27717608,18787095,12474584,8105573,5144796,3185563,1919399,1123394,636352,348076,182733,91849,43721,19670,8199,3178,1089,347,89,23,4,1"
JpI?I?@?GA?,"0,0,0,0,0,1,12,69,294,1007,2988,7902,19097,42849,90330,180531,344529,631385,1115946,1909338,3171295,5126251,8080514,12443212,18746528,27668607,40051317,56918564,79483138,109151053,147506024,196290059,257354687,332610072,423938088,533108429,661657977,810785546,981213407,1173083743,1385830285,1618108935,1867712498,2131570379,2405735824,2685479167,2965364509,3239439805,3501396974,3744838140,3963487080,4151488278,4303618689,4415562825,4484066130,4507131386,4484066130,4415562825,4303618689,4151488278,3963487080,3744838140,3501396974,3239439805,2965364509,2685479167,2405735824,2131570379,1867712498,1618108935,1385830285,1173083743,981213407,810785546,661657977,533108429,423938088,332610072,257354687,196290059,147506024,109151053,79483138,56918564,40051317,27668607,18746528,12443212,8080514,5126251,3171295,1909338,1115946,631385,344529,180531,90330,42849,19097,7902,2988,1007,294,69,12,1"
JpI?I?@?I??,"0,0,0,0,1,4,25,87,343,1055,3092,7979,19234,42845,90323,180087,343820,629594,1113252,1904433,3164409,5115300,8065907,12422030,18719593,27632076,40006809,56861465,79416502,109069539,147414595,196183075,257239798,332481179,423805918,532966431,661520129,810644462,981085876,1172960943,1385731733,1618023273,1867660741,2131538246,2405745267,2685512157,2965443135,3239542083,3501544847,3745005927,3963695843,4151709182,4303872744,4415818715,4484344224,4507399346,4484344224,4415818715,4303872744,4151709182,3963695843,3745005927,3501544847,3239542083,2965443135,2685512157,2405745267,2131538246,1867660741,1618023273,1385731733,1172960943,981085876,810644462,661520129,532966431,423805918,332481179,257239798,196183075,147414595,109069539,79416502,56861465,40006809,27632076,18719593,12422030,8065907,5115300,3164409,1904433,1113252,629594,343820,180087,90323,42845,19234,7979,3092,1055,343,87,25,4,1"
JpICC@??G?_,"0,0,0,0,0,4,31,134,488,1525,4192,10475,24244,52555,107769,210542,394321,711126,1240033,2096783,3447267,5522390,8636379,13205589,19770815,29016081,41789958,59117856,82213823,112476408,151482032,200953220,262722114,338665658,430635039,540354245,669323112,818688678,989137517,1180765024,1392982665,1624414808,1872857818,2135236986,2407642267,2685372240,2963062822,3234818357,3494430354,3735574811,3952085486,4138181227,4288740569,4399499732,4467277205,4490090452,4467277205,4399499732,4288740569,4138181227,3952085486,3735574811,3494430354,3234818357,2963062822,2685372240,2407642267,2135236986,1872857818,1624414808,1392982665,1180765024,989137517,818688678,669323112,540354245,430635039,338665658,262722114,200953220,151482032,112476408,82213823,59117856,41789958,29016081,19770815,13205589,8636379,5522390,3447267,2096783,1240033,711126,394321,210542,107769,52555,24244,10475,4192,1525,488,134,31,4"
JpICA?@?G@?,"0,0,0,0,0,2,21,106,398,1297,3660,9341,21964,48271,100003,197134,371997,675204,1183877,2011571,3321243,5340712,8380421,12852999,19295265,28388071,40976700,58085198,80927479,110904394,149596754,198734898,260161396,335767680,427421707,536867073,665624660,814864040,985292709,1177025508,1389489881,1621320990,1870319844,2133408390,2406665025,2685368600,2964127350,3237009985,3497767644,3740031697,3957590184,4144616223,4295947567,4407284758,4475420571,4498355076,4475420571,4407284758,4295947567,4144616223,3957590184,3740031697,3497767644,3237009985,2964127350,2685368600,2406665025,2133408390,1870319844,1621320990,1389489881,1177025508,985292709,814864040,665624660,536867073,427421707,335767680,260161396,198734898,149596754,110904394,80927479,58085198,40976700,28388071,19295265,12852999,8380421,5340712,3321243,2011571,1183877,675204,371997,197134,100003,48271,21964,9341,3660,1297,398,106,21,2"
JpICA?@?GA?,"0,0,0,0,0,3,23,108,399,1287,3631,9249,21791,47892,99352,195956,370107,672150,1179315,2004738,3311597,5327115,8362175,12828618,19263974,28348154,40927622,58025253,80856597,110821297,149502339,198628554,260045473,335642395,427290863,536732020,665490550,814732806,985170790,1176915002,1389397502,1621248462,1870273494,2133388510,2406677311,2685411490,2964204829,3237118707,3497909807,3740201501,3957788573,4144835586,4296187298,4407536352,4475682508,4498617750,4475682508,4407536352,4296187298,4144835586,3957788573,3740201501,3497909807,3237118707,2964204829,2685411490,2406677311,2133388510,1870273494,1621248462,1389397502,1176915002,985170790,814732806,665490550,536732020,427290863,335642395,260045473,198628554,149502339,110821297,80856597,58025253,40927622,28348154,19263974,12828618,8362175,5327115,3311597,2004738,1179315,672150,370107,195956,99352,47892,21791,9249,3631,1287,399,108,23,3"
JpICA?@?I??,"0,0,0,0,0,2,15,88,346,1155,3354,8725,20808,46195,96533,191460,363133,661734,1164107,1983253,3281925,5287100,8309315,12760473,19177727,28241259,40797604,57870276,80675163,110613026,149267454,198368934,259764066,335343610,426980233,536416803,665178754,814433482,984893459,1176669620,1389193777,1621095580,1870179474,2133360194,2406720215,2685528834,2964397988,3237386941,3498250522,3740609465,3958257132,4145355933,4296749879,4408129798,4476294937,4499236280,4476294937,4408129798,4296749879,4145355933,3958257132,3740609465,3498250522,3237386941,2964397988,2685528834,2406720215,2133360194,1870179474,1621095580,1389193777,1176669620,984893459,814433482,665178754,536416803,426980233,335343610,259764066,198368934,149267454,110613026,80675163,57870276,40797604,28241259,19177727,12760473,8309315,5287100,3281925,1983253,1164107,661734,363133,191460,96533,46195,20808,8725,3354,1155,346,88,15,2"
JpIA?C@?OC?,"0,0,0,0,0,1,16,86,337,1140,3298,8565,20451,45433,94975,188523,357883,652709,1149207,1959454,3245113,5231916,8228788,12645824,19018520,28025331,40511012,57497980,80201646,110022980,148547107,197506966,258753193,334182517,425674687,534980761,663635805,812817447,983247863,1175047379,1387655866,1619708684,1869013745,2132485192,2406200970,2685422777,2964750580,3238227832,3499591405,3742442204,3960552318,4148063473,4299800474,4411437741,4479762661,4502758330,4479762661,4411437741,4299800474,4148063473,3960552318,3742442204,3499591405,3238227832,2964750580,2685422777,2406200970,2132485192,1869013745,1619708684,1387655866,1175047379,983247863,812817447,663635805,534980761,425674687,334182517,258753193,197506966,148547107,110022980,80201646,57497980,40511012,28025331,19018520,12645824,8228788,5231916,3245113,1959454,1149207,652709,357883,188523,94975,45433,20451,8565,3298,1140,337,86,16,1"
JpIA?C@?Q??,"0,0,0,0,1,5,27,110,401,1244,3503,8904,21009,46262,96265,190359,360486,656222,1153935,1965512,3252873,5241442,8240391,12659547,19034594,28043431,40531300,57520062,80225344,110047629,148572385,197531996,258777551,334205305,425695305,534998400,663650195,812827787,983253925,1175048973,1387652881,1619701234,1869002040,2132469603,2406181787,2685400665,2964725815,3238201128,3499563105,3742412975,3960521980,4148032892,4299769448,4411406775,4479731374,4502727236,4479731374,4411406775,4299769448,4148032892,3960521980,3742412975,3499563105,3238201128,2964725815,2685400665,2406181787,2132469603,1869002040,1619701234,1387652881,1175048973,983253925,812827787,663650195,534998400,425695305,334205305,258777551,197531996,148572385,110047629,80225344,57520062,40531300,28043431,19034594,12659547,8240391,5241442,3252873,1965512,1153935,656222,360486,190359,96265,46262,21009,8904,3503,1244,401,110,27,5,1"
JpIA?C@?_?_,"0,0,0,0,0,1,9,67,278,976,2927,7798,18903,42558,89863,179836,343519,630002,1114020,1906834,3168049,5122182,8075485,12437222,18739388,27660486,40042161,56908463,79472189,109139626,147494178,196278215,257343129,332599128,423928064,533099852,661650828,810780243,981210222,1173082624,1385831283,1618112169,1867717739,2131577409,2405744705,2685489424,2965375938,3239452300,3501410186,3744851675,3963501295,4151502577,4303633063,4415577284,4484080739,4507145778,4484080739,4415577284,4303633063,4151502577,3963501295,3744851675,3501410186,3239452300,2965375938,2685489424,2405744705,2131577409,1867717739,1618112169,1385831283,1173082624,981210222,810780243,661650828,533099852,423928064,332599128,257343129,196278215,147494178,109139626,79472189,56908463,40042161,27660486,18739388,12437222,8075485,5122182,3168049,1906834,1114020,630002,343519,179836,89863,42558,18903,7798,2927,976,278,67,9,1"
JpIA?C@?_C?,"0,0,0,0,0,3,24,114,419,1332,3738,9469,22201,48625,100609,197973,373277,676983,1186397,2014846,3325723,5346266,8387602,12861680,19305962,28400485,40991650,58101848,80946552,110925142,149619781,198758786,260187291,335793451,427448335,536892655,665649893,814886315,985313933,1177042339,1389503920,1621329608,1870324775,2133406136,2406658904,2685354863,2964108966,3236984434,3497738015,3739994500,3957550540,4144570473,4295899924,4407233175,4475369489,4498301158,4475369489,4407233175,4295899924,4144570473,3957550540,3739994500,3497738015,3236984434,2964108966,2685354863,2406658904,2133406136,1870324775,1621329608,1389503920,1177042339,985313933,814886315,665649893,536892655,427448335,335793451,260187291,198758786,149619781,110925142,80946552,58101848,40991650,28400485,19305962,12861680,8387602,5346266,3325723,2014846,1186397,676983,373277,197973,100609,48625,22201,9469,3738,1332,419,114,24,3"
JpIA?C@?a??,"0,0,0,0,0,1,12,72,305,1046,3100,8187,19709,44125,92765,184971,352193,644235,1136567,1941532,3219913,5197872,8183070,12586948,18942882,27931539,40395540,57360540,80038592,109836364,148334115,197272292,258495895,333910643,425388313,534692325,663346307,812541979,982988147,1174820903,1387462132,1619566920,1868920367,2132458064,2406233256,2685530473,2964920896,3238475402,3499898023,3742818694,3960976682,4148544351,4300311114,4411986153,4480319625,4503329698,4480319625,4411986153,4300311114,4148544351,3960976682,3742818694,3499898023,3238475402,2964920896,2685530473,2406233256,2132458064,1868920367,1619566920,1387462132,1174820903,982988147,812541979,663346307,534692325,425388313,333910643,258495895,197272292,148334115,109836364,80038592,57360540,40395540,27931539,18942882,12586948,8183070,5197872,3219913,1941532,1136567,644235,352193,184971,92765,44125,19709,8187,3100,1046,305,72,12,1"
JpIA?C@O??_,"0,0,0,0,0,1,11,67,282,976,2915,7748,18789,42294,89363,178938,341981,627466,1110090,1900906,3159399,5109946,8058645,12414600,18709852,27622618,39994717,56850429,79402635,109057774,147399934,196171917,257225609,332472056,423793632,532960750,661510892,810643361,981080496,1172965004,1385730481,1618032399,1867663275,2131551953,2405750813,2685529358,2965450796,3239561750,3501553578,3745027053,3963704923,4151730993,4303881855,4415840740,4484353197,4507421486,4484353197,4415840740,4303881855,4151730993,3963704923,3745027053,3501553578,3239561750,2965450796,2685529358,2405750813,2131551953,1867663275,1618032399,1385730481,1172965004,981080496,810643361,661510892,532960750,423793632,332472056,257225609,196171917,147399934,109057774,79402635,56850429,39994717,27622618,18709852,12414600,8058645,5109946,3159399,1900906,1110090,627466,341981,178938,89363,42294,18789,7748,2915,976,282,67,11,1"
JpIA?C@OA??,"0,0,0,0,1,5,29,116,425,1310,3665,9272,21777,47762,99063,195313,368906,670060,1175921,1999434,3303771,5315790,8346381,12807233,19235796,28311755,40881896,57968992,80788892,110741501,149410205,198524308,259930193,335517467,427158419,536594998,665352445,814597409,985042523,1176798457,1389297257,1621169092,1870218922,2133362283,2406682441,2685449963,2964277477,3237225824,3498050359,3740373411,3957988724,4145060226,4296431756,4407795655,4475950676,4498888888,4475950676,4407795655,4296431756,4145060226,3957988724,3740373411,3498050359,3237225824,2964277477,2685449963,2406682441,2133362283,1870218922,1621169092,1389297257,1176798457,985042523,814597409,665352445,536594998,427158419,335517467,259930193,198524308,149410205,110741501,80788892,57968992,40881896,28311755,19235796,12807233,8346381,5315790,3303771,1999434,1175921,670060,368906,195313,99063,47762,21777,9272,3665,1310,425,116,29,5,1"
JpIA?CA?_C?,"0,0,0,0,3,13,67,244,745,2128,5425,12880,28619,60284,120637,231433,427014,761046,1313807,2203530,3597625,5730098,8916671,13576987,20252416,29630397,42557852,60061638,83351962,113826841,153054119,202752982,264742809,340894321,433042205,542903142,671957029,821345763,991737167,1183223449,1395201497,1626301458,1874310292,2136168681,2407966507,2685027355,2961994793,3233008196,3491870383,3732297955,3948139688,4133652176,4283723888,4394126337,4461677820,4484419252,4461677820,4394126337,4283723888,4133652176,3948139688,3732297955,3491870383,3233008196,2961994793,2685027355,2407966507,2136168681,1874310292,1626301458,1395201497,1183223449,991737167,821345763,671957029,542903142,433042205,340894321,264742809,202752982,153054119,113826841,83351962,60061638,42557852,29630397,20252416,13576987,8916671,5730098,3597625,2203530,1313807,761046,427014,231433,120637,60284,28619,12880,5425,2128,745,244,67,13,3"
JpIA?CA?a??,"0,0,0,0,0,5,28,128,461,1428,3966,9955,23157,50431,103871,203635,382709,692247,1210313,2051324,3379829,5424678,8498434,13015132,19513630,28676019,41349634,58558376,81517054,111625138,150461845,199753394,261338635,337101125,428902195,538475791,667333263,816633183,987074651,1178761411,1391114582,1622763654,1871507479,2134268486,2407132044,2685384149,2963647088,3236005820,3496230137,3737971626,3955041892,4141633249,4292603742,4403670929,4471639601,4494516894,4471639601,4403670929,4292603742,4141633249,3955041892,3737971626,3496230137,3236005820,2963647088,2685384149,2407132044,2134268486,1871507479,1622763654,1391114582,1178761411,987074651,816633183,667333263,538475791,428902195,337101125,261338635,199753394,150461845,111625138,81517054,58558376,41349634,28676019,19513630,13015132,8498434,5424678,3379829,2051324,1210313,692247,382709,203635,103871,50431,23157,9955,3966,1428,461,128,28,5"
JpIA?CAO??_,"0,0,0,0,0,3,18,90,347,1124,3258,8435,20163,44785,93841,186447,354455,647139,1140711,1946678,3226857,5206070,8193666,12598846,18957686,27947481,40414514,57379962,80061134,109858050,148358417,197294212,258519799,333930147,425409315,534706685,663361801,812549253,982996359,1174819347,1387462638,1619556570,1868913059,2132439804,2406219548,2685505733,2964902800,3238446144,3499877031,3742787210,3960954372,4148511265,4300288720,4411952791,4480297011,4503296418,4480297011,4411952791,4300288720,4148511265,3960954372,3742787210,3499877031,3238446144,2964902800,2685505733,2406219548,2132439804,1868913059,1619556570,1387462638,1174819347,982996359,812549253,663361801,534706685,425409315,333930147,258519799,197294212,148358417,109858050,80061134,57379962,40414514,27947481,18957686,12598846,8193666,5206070,3226857,1946678,1140711,647139,354455,186447,93841,44785,20163,8435,3258,1124,347,90,18,3"
JpIA?CAOA??,"0,0,0,0,0,3,22,106,403,1302,3688,9419,22175,48739,101035,199139,375735,681811,1195109,2029854,3350117,5384676,8445610,12946962,19427390,28569189,41219592,58403438,81335696,111416848,150226991,199493886,261057179,336802353,428591661,538160495,667021425,816333937,986797179,1178515935,1390910904,1622610588,1871413331,2134240222,2407174764,2685501361,2963840364,3236273914,3496570781,3738379766,3955510414,4142153583,4293166600,4404264375,4472252075,4495135718,4472252075,4404264375,4293166600,4142153583,3955510414,3738379766,3496570781,3236273914,2963840364,2685501361,2407174764,2134240222,1871413331,1622610588,1390910904,1178515935,986797179,816333937,667021425,538160495,428591661,336802353,261057179,199493886,150226991,111416848,81335696,58403438,41219592,28569189,19427390,12946962,8445610,5384676,3350117,2029854,1195109,681811,375735,199139,101035,48739,22175,9419,3688,1302,403,106,22,3"
JpIA?D??I??,"0,0,0,0,0,1,14,78,329,1112,3262,8555,20477,45625,95563,189925,360613,658073,1158553,1975454,3270811,5272220,8289060,12734634,19144084,28199863,40746136,57809470,80602140,110530236,149171935,198264604,259648537,335222805,426851427,536288923,665048557,814311601,984776745,1176570387,1389106508,1621034778,1870137249,2133350744,2406733910,2685579771,2964472558,3237500098,3498385277,3740779130,3958443426,4145571685,4296973422,4408375033,4476538927,4499491350,4476538927,4408375033,4296973422,4145571685,3958443426,3740779130,3498385277,3237500098,2964472558,2685579771,2406733910,2133350744,1870137249,1621034778,1389106508,1176570387,984776745,814311601,665048557,536288923,426851427,335222805,259648537,198264604,149171935,110530236,80602140,57809470,40746136,28199863,19144084,12734634,8289060,5272220,3270811,1975454,1158553,658073,360613,189925,95563,45625,20477,8555,3262,1112,329,78,14,1"
JpIA?D?OA??,"0,0,0,0,1,7,39,162,563,1680,4535,11160,25545,54912,111915,217455,405608,729016,1267551,2138002,3507707,5608698,8757193,13371099,19992942,29308373,42167588,59595970,82808244,113201947,152351299,201975156,263901667,339999979,432114589,541960282,671026727,820450741,990910497,1182490159,1394595139,1625844514,1874032162,2136084051,2408097617,2685377873,2962575095,3233809864,3492891899,3733517025,3949543434,4135207516,4285408742,4395900063,4463511942,4486268112,4463511942,4395900063,4285408742,4135207516,3949543434,3733517025,3492891899,3233809864,2962575095,2685377873,2408097617,2136084051,1874032162,1625844514,1394595139,1182490159,990910497,820450741,671026727,541960282,432114589,339999979,263901667,201975156,152351299,113201947,82808244,59595970,42167588,29308373,19992942,13371099,8757193,5608698,3507707,2138002,1267551,729016,405608,217455,111915,54912,25545,11160,4535,1680,563,162,39,7,1"
JpH?GCAO??_,"0,0,0,0,1,6,27,115,397,1225,3439,8698,20545,45217,94202,186492,353653,644537,1134959,1935529,3207117,5173478,8142419,12521365,18844917,27788248,40195905,57088026,79680761,109373870,147756411,196562203,257648616,332916690,424256259,533424503,661970415,811078254,981483866,1173314555,1386021406,1618241335,1867789883,2131575774,2405675831,2685339312,2965157733,3239152677,3501047923,3744417889,3963016679,4150961074,4303060785,4414967201,4483461211,4506512734,4483461211,4414967201,4303060785,4150961074,3963016679,3744417889,3501047923,3239152677,2965157733,2685339312,2405675831,2131575774,1867789883,1618241335,1386021406,1173314555,981483866,811078254,661970415,533424503,424256259,332916690,257648616,196562203,147756411,109373870,79680761,57088026,40195905,27788248,18844917,12521365,8142419,5173478,3207117,1935529,1134959,644537,353653,186492,94202,45217,20545,8698,3439,1225,397,115,27,6,1"
JpH?GCAOA??,"0,0,0,1,3,20,59,224,626,1793,4547,10941,24610,52607,106639,207324,386759,696384,1213151,2051592,3373965,5409705,8467862,12962663,19429199,28549888,41166863,58306931,81179257,111187124,149906367,199070449,260514512,336135608,427792975,537236115,665977969,815195785,985586419,1177276895,1389683263,1621452961,1870376859,2133391904,2406562564,2685186761,2963858387,3236663539,3497340026,3739538575,3957028700,4144006236,4295290417,4406600625,4474712322,4497646060,4474712322,4406600625,4295290417,4144006236,3957028700,3739538575,3497340026,3236663539,2963858387,2685186761,2406562564,2133391904,1870376859,1621452961,1389683263,1177276895,985586419,815195785,665977969,537236115,427792975,336135608,260514512,199070449,149906367,111187124,81179257,58306931,41166863,28549888,19429199,12962663,8467862,5409705,3373965,2051592,1213151,696384,386759,207324,106639,52607,24610,10941,4547,1793,626,224,59,20,3,1"
JpH?GCC?GG?,"0,0,0,0,0,1,13,77,328,1100,3234,8479,20270,45144,94570,187923,356932,651551,1147487,1957328,3242321,5228620,8224451,12641339,19012902,28019624,40504565,57492344,80195260,110018903,148542942,197506141,258753471,334187821,425680893,534993856,663649820,812838167,983268890,1175075130,1387680692,1619739567,1869038847,2132513129,2406220163,2685442893,2964757316,3238234682,3499583182,3742432355,3960527523,4148039003,4299761138,4411402372,4479716150,4502718182,4479716150,4411402372,4299761138,4148039003,3960527523,3742432355,3499583182,3238234682,2964757316,2685442893,2406220163,2132513129,1869038847,1619739567,1387680692,1175075130,983268890,812838167,663649820,534993856,425680893,334187821,258753471,197506141,148542942,110018903,80195260,57492344,40504565,28019624,19012902,12641339,8224451,5228620,3242321,1957328,1147487,651551,356932,187923,94570,45144,20270,8479,3234,1100,328,77,13,1"
JpH?GCC?I??,"0,0,0,0,1,4,26,89,357,1084,3166,8138,19541,43396,91305,181677,346367,633524,1119111,1912855,3176329,5131597,8087758,12450657,18756271,27678017,40063431,56929575,79496958,109162829,147520669,196301139,257368906,332619186,423950315,533114152,661667238,810786591,981218881,1173079744,1385831494,1618099927,1867710050,2131556640,2405730396,2685462051,2965356768,3239420238,3501388289,3744816906,3963478014,4151466487,4303609393,4415540810,4484057126,4507109054,4484057126,4415540810,4303609393,4151466487,3963478014,3744816906,3501388289,3239420238,2965356768,2685462051,2405730396,2131556640,1867710050,1618099927,1385831494,1173079744,981218881,810786591,661667238,533114152,423950315,332619186,257368906,196301139,147520669,109162829,79496958,56929575,40063431,27678017,18756271,12450657,8087758,5131597,3176329,1912855,1119111,633524,346367,181677,91305,43396,19541,8138,3166,1084,357,89,26,4,1"
JpH?GCC@?G?,"0,0,0,0,0,6,35,160,558,1681,4542,11193,25544,54871,111681,216800,404093,725956,1261663,2127595,3490143,5580422,8713255,13305397,19897363,29173595,41982370,59347868,82483731,112787706,151833816,201343166,263146404,339117410,431105809,540834167,669799084,819147134,989564725,1181144918,1393300031,1624656468,1873010254,2135288964,2407586427,2685202130,2962775650,3234416167,3493916130,3734955477,3951373190,4137388005,4287881035,4398592704,4466340787,4489143440,4466340787,4398592704,4287881035,4137388005,3951373190,3734955477,3493916130,3234416167,2962775650,2685202130,2407586427,2135288964,1873010254,1624656468,1393300031,1181144918,989564725,819147134,669799084,540834167,431105809,339117410,263146404,201343166,151833816,112787706,82483731,59347868,41982370,29173595,19897363,13305397,8713255,5580422,3490143,2127595,1261663,725956,404093,216800,111681,54871,25544,11193,4542,1681,558,160,35,6"
JpH?GCC@A??,"0,0,0,0,0,4,22,108,406,1282,3631,9263,21790,47886,99378,195953,370105,672177,1179315,2004715,3311647,5327101,8362128,12828649,19263967,28348064,40927656,58025201,80856494,110821325,149502298,198628400,260045536,335642384,427290739,536732116,665490605,814732707,985170980,1176915127,1389397433,1621248712,1870273667,2133388442,2406677554,2685411665,2964204677,3237118890,3497909902,3740201276,3957788613,4144835600,4296186931,4407536357,4475682446,4498617352,4475682446,4407536357,4296186931,4144835600,3957788613,3740201276,3497909902,3237118890,2964204677,2685411665,2406677554,2133388442,1870273667,1621248712,1389397433,1176915127,985170980,814732707,665490605,536732116,427290739,335642384,260045536,198628400,149502298,110821325,80856494,58025201,40927656,28348064,19263967,12828649,8362128,5327101,3311647,2004715,1179315,672177,370105,195953,99378,47886,21790,9263,3631,1282,406,108,22,4"
JpH?GCCO??_,"0,0,0,0,0,1,14,73,310,1035,3051,8009,19290,43137,90803,181226,345540,632772,1117871,1911840,3174555,5130313,8085536,12449211,18753670,27676705,40060485,56928653,79494067,109162482,147517864,196301867,257366261,332621005,423948081,533117031,661665137,810790814,981216637,1173084893,1385829266,1618105753,1867707298,2131563333,2405727002,2685468952,2965353035,3239427367,3501383784,3744824546,3963472876,4151473998,4303604220,4415548371,4484051507,4507116906,4484051507,4415548371,4303604220,4151473998,3963472876,3744824546,3501383784,3239427367,2965353035,2685468952,2405727002,2131563333,1867707298,1618105753,1385829266,1173084893,981216637,810790814,661665137,533117031,423948081,332621005,257366261,196301867,147517864,109162482,79494067,56928653,40060485,27676705,18753670,12449211,8085536,5130313,3174555,1911840,1117871,632772,345540,181226,90803,43137,19290,8009,3051,1035,310,73,14,1"
JpH?GCCOA??,"0,0,0,0,1,7,34,132,463,1391,3836,9588,22349,48721,100642,197792,372710,675663,1184043,2010796,3319357,5336641,8373778,12842341,19280048,28366254,40947910,58047335,80880295,110845946,149527617,198653584,260069831,335665183,427311481,536749659,665504940,814743146,985176852,1176916596,1389394517,1621241012,1870261789,2133372921,2406658128,2685389378,2964180064,3237092003,3497881507,3740172272,3957758235,4144805005,4296156272,4407505386,4475651221,4498586656,4475651221,4407505386,4296156272,4144805005,3957758235,3740172272,3497881507,3237092003,2964180064,2685389378,2406658128,2133372921,1870261789,1621241012,1389394517,1176916596,985176852,814743146,665504940,536749659,427311481,335665183,260069831,198653584,149527617,110845946,80880295,58047335,40947910,28366254,19280048,12842341,8373778,5336641,3319357,2010796,1184043,675663,372710,197792,100642,48721,22349,9588,3836,1391,463,132,34,7,1"
JpH?GD??G?_,"0,0,0,0,1,4,25,87,341,1047,3058,7859,18956,42181,88945,177415,338952,621044,1099032,1881479,3128669,5061334,7986831,12308898,18562181,27417774,39721815,56490545,78944234,108479977,146694305,195320249,256227428,331317493,422497178,531525771,659972343,809022568,979434062,1171331937,1384187727,1616629909,1866489717,2130658408,2405222695,2685403533,2965795419,3240383259,3502888515,3746842595,3965996601,4154422862,4306931644,4419134765,4487821206,4510930254,4487821206,4419134765,4306931644,4154422862,3965996601,3746842595,3502888515,3240383259,2965795419,2685403533,2405222695,2130658408,1866489717,1616629909,1384187727,1171331937,979434062,809022568,659972343,531525771,422497178,331317493,256227428,195320249,146694305,108479977,78944234,56490545,39721815,27417774,18562181,12308898,7986831,5061334,3128669,1881479,1099032,621044,338952,177415,88945,42181,18956,7859,3058,1047,341,87,25,4,1"
JpH?GD??G@?,"0,0,0,0,0,3,17,91,342,1118,3221,8318,19873,44122,92423,183758,349511,638504,1126298,1923530,3190733,5151710,8113947,12485036,18799298,27732238,40128185,57007883,79587453,109267386,147636864,196430799,257506771,332766828,424101144,533267816,661816120,810930989,981348174,1173195404,1385923563,1618169147,1867747211,2131565871,2405701247,2685401448,2965257284,3239288914,3501219664,3744622379,3963250671,4151220065,4303340421,4415261618,4483764925,4506819330,4483764925,4415261618,4303340421,4151220065,3963250671,3744622379,3501219664,3239288914,2965257284,2685401448,2405701247,2131565871,1867747211,1618169147,1385923563,1173195404,981348174,810930989,661816120,533267816,424101144,332766828,257506771,196430799,147636864,109267386,79587453,57007883,40128185,27732238,18799298,12485036,8113947,5151710,3190733,1923530,1126298,638504,349511,183758,92423,44122,19873,8318,3221,1118,342,91,17,3"
JpH?GD??I??,"0,0,0,0,1,6,31,119,427,1287,3597,9052,21283,46639,96910,191238,361799,657941,1156359,1968555,3256975,5246358,8246697,12666929,19043787,28053756,40543793,57533900,80241603,110065210,148592563,197553245,258801670,334230124,425722637,535025759,663679649,812855880,983282974,1175075043,1387678282,1619721517,1869019661,2132479348,2406187029,2685395866,2964714607,3238178537,3499533795,3742371867,3960474835,4147975322,4299708085,4411338039,4479662311,4502654206,4479662311,4411338039,4299708085,4147975322,3960474835,3742371867,3499533795,3238178537,2964714607,2685395866,2406187029,2132479348,1869019661,1619721517,1387678282,1175075043,983282974,812855880,663679649,535025759,425722637,334230124,258801670,197553245,148592563,110065210,80241603,57533900,40543793,28053756,19043787,12666929,8246697,5246358,3256975,1968555,1156359,657941,361799,191238,96910,46639,21283,9052,3597,1287,427,119,31,6,1"
JpH?GD?OA??,"0,0,0,1,3,22,67,256,728,2051,5151,12257,27208,57515,115481,222494,411881,736700,1275733,2146146,3513153,5609413,8747872,13346891,19945057,29228582,42042491,59414663,82554151,112862146,151908575,201419209,263218064,339186566,431166543,540887913,669840555,819179633,989580963,1181150829,1393289735,1624635373,1872973121,2135244214,2407526686,2685137503,2962699963,3234337815,3493829156,3734870495,3951280228,4137298352,4287786743,4398502017,4466245012,4489053248,4466245012,4398502017,4287786743,4137298352,3951280228,3734870495,3493829156,3234337815,2962699963,2685137503,2407526686,2135244214,1872973121,1624635373,1393289735,1181150829,989580963,819179633,669840555,540887913,431166543,339186566,263218064,201419209,151908575,112862146,82554151,59414663,42042491,29228582,19945057,13346891,8747872,5609413,3513153,2146146,1275733,736700,411881,222494,115481,57515,27208,12257,5151,2051,728,256,67,22,3,1"
JpH?GGC@?G?,"0,0,0,0,5,19,99,332,1007,2734,6806,15721,34108,70350,138380,261286,475725,837871,1431582,2379102,3853091,6092608,9420021,14260842,21162652,30817697,44077556,61969457,85703419,116671558,156432949,206691758,269249557,345950630,438602680,548888624,678254623,827805671,998178545,1189432489,1400943458,1631324766,1878360342,2138996419,2409347485,2684767172,2959949281,3229088868,3486057105,3724639425,3938762950,4122751446,4271562607,4381021167,4447989807,4470532296,4447989807,4381021167,4271562607,4122751446,3938762950,3724639425,3486057105,3229088868,2959949281,2684767172,2409347485,2138996419,1878360342,1631324766,1400943458,1189432489,998178545,827805671,678254623,548888624,438602680,345950630,269249557,206691758,156432949,116671558,85703419,61969457,44077556,30817697,21162652,14260842,9420021,6092608,3853091,2379102,1431582,837871,475725,261286,138380,70350,34108,15721,6806,2734,1007,332,99,19,5"
JpH?GGC@A??,"0,0,0,0,2,12,54,210,668,1936,5040,12176,27331,58084,117077,225812,418438,748376,1295568,2177963,3562701,5683357,8855466,13498642,20154023,29509060,42411246,59887756,83149497,113595412,152794362,202466898,264433958,340567473,432703566,542560488,671619303,821022463,991438702,1182960413,1394984212,1626139800,1874212861,2136142758,2408017828,2685159432,2962208941,3233303718,3492244294,3732744812,3948651939,4134220780,4284338048,4394774067,4462345915,4485094124,4462345915,4394774067,4284338048,4134220780,3948651939,3732744812,3492244294,3233303718,2962208941,2685159432,2408017828,2136142758,1874212861,1626139800,1394984212,1182960413,991438702,821022463,671619303,542560488,432703566,340567473,264433958,202466898,152794362,113595412,83149497,59887756,42411246,29509060,20154023,13498642,8855466,5683357,3562701,2177963,1295568,748376,418438,225812,117077,58084,27331,12176,5040,1936,668,210,54,12,2"
JpH?GGCO??_,"0,0,0,0,0,6,26,134,456,1418,3892,9762,22665,49382,101731,199712,375682,680362,1190880,2020845,3333201,5355783,8398974,12875430,19321789,28418704,41011404,58123844,80969453,110949148,149643342,198782452,260208640,335813569,427464622,536906042,665658293,814891469,985312640,1177037871,1389493554,1621316376,1870306279,2133386778,2406635036,2685331690,2964083297,3236960524,3497712664,3739972942,3957527173,4144551034,4295879728,4407216139,4475350499,4498285328,4475350499,4407216139,4295879728,4144551034,3957527173,3739972942,3497712664,3236960524,2964083297,2685331690,2406635036,2133386778,1870306279,1621316376,1389493554,1177037871,985312640,814891469,665658293,536906042,427464622,335813569,260208640,198782452,149643342,110949148,80969453,58123844,41011404,28418704,19321789,12875430,8398974,5355783,3333201,2020845,1190880,680362,375682,199712,101731,49382,22665,9762,3892,1418,456,134,26,6"
JpH?GGCOA??,"0,0,0,0,2,10,46,180,570,1696,4493,11011,25090,53940,109782,213579,398567,717069,1247889,2107221,3460299,5538839,8656012,13229047,19797381,29046336,41822198,59152347,82248176,112510419,151512526,200980182,262741246,338677610,430635609,540344678,669299635,818654693,989089658,1180708657,1392915677,1624344152,1872782241,2135165486,2407572826,2685314657,2963014845,3234788468,3494414232,3735580270,3952105199,4138221130,4288791309,4399564737,4467345532,4490165092,4467345532,4399564737,4288791309,4138221130,3952105199,3735580270,3494414232,3234788468,2963014845,2685314657,2407572826,2135165486,1872782241,1624344152,1392915677,1180708657,989089658,818654693,669299635,540344678,430635609,338677610,262741246,200980182,151512526,112510419,82248176,59152347,41822198,29046336,19797381,13229047,8656012,5538839,3460299,2107221,1247889,717069,398567,213579,109782,53940,25090,11011,4493,1696,570,180,46,10,2"
JpH?GH??G@?,"0,0,0,0,0,4,21,112,396,1273,3546,9023,21212,46663,96839,191384,361921,658374,1156839,1969643,3258043,5248356,8248765,12669999,19046797,28058061,40547328,57538562,80244995,110068968,148593882,197554644,258798810,334226628,425714073,535015639,663663588,812839284,983259893,1175052566,1387651159,1619696710,1868991980,2132458036,2406164685,2685382826,2964703986,3238178999,3499537608,3742389131,3960494532,4148007317,4299741881,4411380974,4479703141,4502701808,4479703141,4411380974,4299741881,4148007317,3960494532,3742389131,3499537608,3238178999,2964703986,2685382826,2406164685,2132458036,1868991980,1619696710,1387651159,1175052566,983259893,812839284,663663588,535015639,425714073,334226628,258798810,197554644,148593882,110068968,80244995,57538562,40547328,28058061,19046797,12669999,8248765,5248356,3258043,1969643,1156839,658374,361921,191384,96839,46663,21212,9023,3546,1273,396,112,21,4"
JpH?GH??I??,"0,0,0,0,0,4,23,110,408,1281,3620,9211,21676,47623,98869,195058,368569,669634,1175381,1998795,3302987,5314866,8345299,12806021,19234431,28310221,40880202,57967180,80786967,110739464,149408064,198522144,259928002,335515310,427156335,536592997,665350656,814595846,985041205,1176797476,1389296653,1621168876,1870219158,2133363002,2406683603,2685451556,2964279570,3237228297,3498053270,3740376703,3957992238,4145064015,4296435813,4407799808,4475954921,4498893164,4475954921,4407799808,4296435813,4145064015,3957992238,3740376703,3498053270,3237228297,2964279570,2685451556,2406683603,2133363002,1870219158,1621168876,1389296653,1176797476,985041205,814595846,665350656,536592997,427156335,335515310,259928002,198522144,149408064,110739464,80786967,57967180,40880202,28310221,19234431,12806021,8345299,5314866,3302987,1998795,1175381,669634,368569,195058,98869,47623,21676,9211,3620,1281,408,110,23,4"
JpH?GH?OA??,"0,0,0,0,3,13,59,214,667,1916,4969,11968,26907,57224,115511,223155,414070,741430,1285091,2162572,3540713,5652888,8814285,13444173,20083866,29420397,42301470,59754940,82991920,113411745,152584821,202232538,264176813,340291489,432413743,542262760,671321811,820733621,991167147,1182716437,1394777597,1625979086,1874106876,2136098957,2408041181,2685254399,2962377559,3233544982,3492556565,3733123889,3949090094,4134710538,4284870152,4395336547,4462927150,4485682164,4462927150,4395336547,4284870152,4134710538,3949090094,3733123889,3492556565,3233544982,2962377559,2685254399,2408041181,2136098957,1874106876,1625979086,1394777597,1182716437,991167147,820733621,671321811,542262760,432413743,340291489,264176813,202232538,152584821,113411745,82991920,59754940,42301470,29420397,20083866,13444173,8814285,5652888,3540713,2162572,1285091,741430,414070,223155,115511,57224,26907,11968,4969,1916,667,214,59,13,3"
JpH?I?@O??_,"0,0,0,0,0,1,18,77,340,1097,3209,8363,20028,44559,93511,185972,353686,646176,1139271,1944866,3224413,5203193,8189814,12594775,18952540,27942213,40408373,57374527,80054909,109853822,148354016,197292909,258519315,333934439,425414459,534718287,663374371,812568440,983015745,1174845381,1387486142,1619585935,1868937076,2132466907,2406238200,2685525506,2964909909,3238453227,3499869656,3742778524,3960931032,4148488246,4300251520,4411919209,4480252607,4503258378,4480252607,4411919209,4300251520,4148488246,3960931032,3742778524,3499869656,3238453227,2964909909,2685525506,2406238200,2132466907,1868937076,1619585935,1387486142,1174845381,983015745,812568440,663374371,534718287,425414459,333934439,258519315,197292909,148354016,109853822,80054909,57374527,40408373,27942213,18952540,12594775,8189814,5203193,3224413,1944866,1139271,646176,353686,185972,93511,44559,20028,8363,3209,1097,340,77,18,1"
JpH?I?@OA??,"0,0,0,0,1,9,42,164,565,1649,4440,10904,24947,53629,109484,212962,397832,715979,1246625,2105350,3458545,5536349,8653788,13226569,19795906,29044948,41823538,59155067,82255189,112520968,151529825,201002344,262773383,338716141,430685049,540401457,669367526,818726994,989171396,1180790530,1393000989,1624423424,1872858051,2135225231,2407622250,2685340120,2963021640,3234766279,3494370637,3735504192,3952009763,4138097121,4288652598,4399406778,4467183911,4489993844,4467183911,4399406778,4288652598,4138097121,3952009763,3735504192,3494370637,3234766279,2963021640,2685340120,2407622250,2135225231,1872858051,1624423424,1393000989,1180790530,989171396,818726994,669367526,540401457,430685049,338716141,262773383,201002344,151529825,112520968,82255189,59155067,41823538,29044948,19795906,13226569,8653788,5536349,3458545,2105350,1246625,715979,397832,212962,109484,53629,24947,10904,4440,1649,565,164,42,9,1"
JpH?I@?OA??,"0,0,0,1,5,28,98,342,996,2676,6596,15273,33122,68482,135024,255659,466475,823531,1409873,2347516,3808171,6030668,9336341,14150917,21021029,30639323,43857189,61703400,85387698,116304771,156014429,206224335,268737220,345401428,438025621,548297238,677663284,827231990,997639668,1188949086,1400533419,1631007441,1878151064,2138910840,2409395501,2684958096,2960285278,3229570920,3486679376,3725394436,3939635579,4123727375,4272621065,4382141726,4449146919,4471702924,4449146919,4382141726,4272621065,4123727375,3939635579,3725394436,3486679376,3229570920,2960285278,2684958096,2409395501,2138910840,1878151064,1631007441,1400533419,1188949086,997639668,827231990,677663284,548297238,438025621,345401428,268737220,206224335,156014429,116304771,85387698,61703400,43857189,30639323,21021029,14150917,9336341,6030668,3808171,2347516,1409873,823531,466475,255659,135024,68482,33122,15273,6596,2676,996,342,98,28,5,1"
Jp_K?D??G?_,"0,0,0,0,0,1,6,53,230,875,2666,7338,17957,40993,87092,175591,336585,619947,1098852,1885884,3138331,5082957,8022544,12370338,18653258,27555729,39912817,56757494,79292986,108938387,147264342,196030245,257071013,332318274,423632102,532809667,661359411,810512698,980957299,1172873521,1385652619,1617995607,1867644362,2131579493,2405797410,2685624917,2965562083,3239721213,3501723586,3745240478,3963921682,4151985396,4304130491,4416120185,4484618556,4507708878,4484618556,4416120185,4304130491,4151985396,3963921682,3745240478,3501723586,3239721213,2965562083,2685624917,2405797410,2131579493,1867644362,1617995607,1385652619,1172873521,980957299,810512698,661359411,532809667,423632102,332318274,257071013,196030245,147264342,108938387,79292986,56757494,39912817,27555729,18653258,12370338,8022544,5082957,3138331,1885884,1098852,619947,336585,175591,87092,40993,17957,7338,2666,875,230,53,6,1"
Jp_KC@??G?_,"0,0,0,0,0,1,18,99,394,1291,3701,9495,22358,49153,101885,200706,378388,686272,1202049,2040546,3365791,5407243,8476828,12989799,19483874,28642867,41312845,58520251,81477427,111587566,150426180,199724319,261316063,337090279,428901659,538491341,667361615,816679192,987132363,1178835249,1391195450,1622855373,1871598018,2134361191,2407213602,2685458612,2963700095,3236044303,3496241018,3737964500,3955005530,4141581074,4292526836,4403586117,4471539373,4494419602,4471539373,4403586117,4292526836,4141581074,3955005530,3737964500,3496241018,3236044303,2963700095,2685458612,2407213602,2134361191,1871598018,1622855373,1391195450,1178835249,987132363,816679192,667361615,538491341,428901659,337090279,261316063,199724319,150426180,111587566,81477427,58520251,41312845,28642867,19483874,12989799,8476828,5407243,3365791,2040546,1202049,686272,378388,200706,101885,49153,22358,9495,3701,1291,394,99,18,1"
Jp_KA?@?GA?,"0,0,0,0,0,1,13,79,322,1090,3200,8387,20074,44790,93880,186791,355014,648567,1142877,1950658,3232589,5215256,8206135,12617279,18981444,27980200,40455171,57432956,80123992,109936427,148447842,197400629,258636505,334063369,425548815,534859706,663514028,812708185,983144900,1174965960,1387586158,1619668623,1868989965,2132495439,2406229747,2685488163,2964832264,3238346120,3499722548,3742605513,3960723083,4148261763,4299998326,4411657522,4479975268,4502984734,4479975268,4411657522,4299998326,4148261763,3960723083,3742605513,3499722548,3238346120,2964832264,2685488163,2406229747,2132495439,1868989965,1619668623,1387586158,1174965960,983144900,812708185,663514028,534859706,425548815,334063369,258636505,197400629,148447842,109936427,80123992,57432956,40455171,27980200,18981444,12617279,8206135,5215256,3232589,1950658,1142877,648567,355014,186791,93880,44790,20074,8387,3200,1090,322,79,13,1"
Jp_KA?@?I??,"0,0,0,0,0,1,11,63,280,986,2952,7911,19178,43196,91196,182493,348280,638437,1128033,1929574,3203347,5175744,8153777,12549605,18895676,27873700,40325401,57278130,79942524,109727883,148212506,197140301,258354093,333763399,425236771,534542846,663200534,812407105,982865724,1174718846,1387380852,1619514281,1868894797,2132466309,2406272105,2685605375,2965025698,3238614910,3500064220,3743014831,3961193215,4148783949,4300563018,4412253152,4480589972,4503605626,4480589972,4412253152,4300563018,4148783949,3961193215,3743014831,3500064220,3238614910,2965025698,2685605375,2406272105,2132466309,1868894797,1619514281,1387380852,1174718846,982865724,812407105,663200534,534542846,425236771,333763399,258354093,197140301,148212506,109727883,79942524,57278130,40325401,27873700,18895676,12549605,8153777,5175744,3203347,1929574,1128033,638437,348280,182493,91196,43196,19178,7911,2952,986,280,63,11,1"
Jp_I?C@?_?_,"0,0,0,0,0,1,6,49,222,839,2565,7083,17400,39825,84841,171452,329366,607822,1079243,1855102,3091597,5013835,7923054,12230463,18461288,27297963,39574185,56321477,78743137,108258560,146440566,195051099,255930551,331016191,422176707,531217759,659658559,808740480,979162859,1171114315,1383995482,1616512131,1866410122,2130667691,2405277952,2685557064,2965993603,3240681813,3503224840,3747271006,3966450010,4154955708,4307468802,4419733867,4488403723,4511551450,4488403723,4419733867,4307468802,4154955708,3966450010,3747271006,3503224840,3240681813,2965993603,2685557064,2405277952,2130667691,1866410122,1616512131,1383995482,1171114315,979162859,808740480,659658559,531217759,422176707,331016191,255930551,195051099,146440566,108258560,78743137,56321477,39574185,27297963,18461288,12230463,7923054,5013835,3091597,1855102,1079243,607822,329366,171452,84841,39825,17400,7083,2565,839,222,49,6,1"
Jp_I?C@?_C?,"0,0,0,0,0,1,16,85,350,1149,3335,8641,20576,45619,95317,189034,358576,653802,1150639,1961462,3247749,5235433,8233048,12651607,19025298,28033973,40521127,57510739,80215751,110040684,148566312,197530057,258778011,334211737,425704415,535015373,663669691,812854850,983282803,1175084777,1387686964,1619740703,1869036108,2132505087,2406208174,2685425702,2964736767,3238209271,3499555008,3742400162,3960493372,4148001608,4299722920,4411361879,4479675833,4502676810,4479675833,4411361879,4299722920,4148001608,3960493372,3742400162,3499555008,3238209271,2964736767,2685425702,2406208174,2132505087,1869036108,1619740703,1387686964,1175084777,983282803,812854850,663669691,535015373,425704415,334211737,258778011,197530057,148566312,110040684,80215751,57510739,40521127,28033973,19025298,12651607,8233048,5235433,3247749,1961462,1150639,653802,358576,189034,95317,45619,20576,8641,3335,1149,350,85,16,1"
Jp_I?C@?a??,"0,0,0,0,0,1,9,57,252,908,2752,7459,18220,41356,87758,176465,338032,621799,1101671,1889310,3143207,5088646,8030205,12378839,18664114,27567182,39926847,56771272,79309054,108952911,147280634,196043087,257084729,332326345,423640235,532810108,661359480,810503457,980948486,1172854780,1385635818,1617969369,1867622895,2131549931,2405776061,2685597377,2965546158,3239700764,3501717202,3745229945,3963926621,4151985571,4304145250,4416128166,4484639270,4507719870,4484639270,4416128166,4304145250,4151985571,3963926621,3745229945,3501717202,3239700764,2965546158,2685597377,2405776061,2131549931,1867622895,1617969369,1385635818,1172854780,980948486,810503457,661359480,532810108,423640235,332326345,257084729,196043087,147280634,108952911,79309054,56771272,39926847,27567182,18664114,12378839,8030205,5088646,3143207,1889310,1101671,621799,338032,176465,87758,41356,18220,7459,2752,908,252,57,9,1"
Jp_I?C@O??_,"0,0,0,0,0,1,8,53,232,845,2580,7052,17339,39613,84450,170629,328045,605415,1075614,1849360,3083371,5001767,7906784,12207954,18432346,27260083,39527351,56263068,78674162,108175937,146346714,194943567,255813289,330887224,422042502,531076267,659518795,808600874,979033547,1170993593,1383895591,1616429219,1866357052,2130639299,2405286206,2685594185,2966071473,3240788743,3503371838,3747444256,3966657904,4155182112,4307722403,4419995465,4488681084,4511825478,4488681084,4419995465,4307722403,4155182112,3966657904,3747444256,3503371838,3240788743,2966071473,2685594185,2405286206,2130639299,1866357052,1616429219,1383895591,1170993593,979033547,808600874,659518795,531076267,422042502,330887224,255813289,194943567,146346714,108175937,78674162,56263068,39527351,27260083,18432346,12207954,7906784,5001767,3083371,1849360,1075614,605415,328045,170629,84450,39613,17339,7052,2580,845,232,53,8,1"
Jp_I?C@OA??,"0,0,0,0,1,4,28,97,379,1152,3332,8498,20303,44882,94053,186573,354697,647178,1140863,1946449,3226737,5205331,8193014,12597363,18956375,27945111,40412591,57377045,80059160,109855325,148357441,197292841,258521304,333931788,425414773,534712740,663372500,812560257,983012129,1174834640,1387481994,1619573895,1868933070,2132455328,2406236024,2685515319,2964911256,3238445822,3499874673,3742774950,3960940168,4148487625,4300264349,4411920946,4480266946,4503261362,4480266946,4411920946,4300264349,4148487625,3960940168,3742774950,3499874673,3238445822,2964911256,2685515319,2406236024,2132455328,1868933070,1619573895,1387481994,1174834640,983012129,812560257,663372500,534712740,425414773,333931788,258521304,197292841,148357441,109855325,80059160,57377045,40412591,27945111,18956375,12597363,8193014,5205331,3226737,1946449,1140863,647178,354697,186573,94053,44882,20303,8498,3332,1152,379,97,28,4,1"
Jp_I?CA?_C?,"0,0,0,0,1,11,46,202,647,1879,4927,11885,26750,56869,114831,221651,411289,736352,1276274,2147652,3516955,5615577,8758364,13362080,19967218,29258206,42082750,59464962,82617696,112938321,151999993,201523306,263337583,339316508,431308430,541035681,669993766,819329778,989728922,1181285450,1393410842,1624732960,1873047537,2135284369,2407536622,2685106783,2962633856,3234229743,3493686335,3734686686,3951068585,4137053845,4287522201,4398216698,4465953500,4488753252,4465953500,4398216698,4287522201,4137053845,3951068585,3734686686,3493686335,3234229743,2962633856,2685106783,2407536622,2135284369,1873047537,1624732960,1393410842,1181285450,989728922,819329778,669993766,541035681,431308430,339316508,263337583,201523306,151999993,112938321,82617696,59464962,42082750,29258206,19967218,13362080,8758364,5615577,3516955,2147652,1276274,736352,411289,221651,114831,56869,26750,11885,4927,1879,647,202,46,11,1"
Jp_I?CA?a??,"0,0,0,0,0,3,22,100,397,1250,3567,9116,21546,47391,98588,194584,367970,668826,1174412,1997454,3301571,5313020,8343376,12803771,19232242,28307735,40878332,57965137,80785641,110738491,149408401,198522730,259930627,335518332,427161282,536598683,665358245,814603189,985050873,1176806371,1389306579,1621177618,1870228473,2133369304,2406690342,2685454734,2964281808,3237227050,3498051123,3740369712,3957985444,4145053189,4296424511,4407785851,4475942148,4498877678,4475942148,4407785851,4296424511,4145053189,3957985444,3740369712,3498051123,3237227050,2964281808,2685454734,2406690342,2133369304,1870228473,1621177618,1389306579,1176806371,985050873,814603189,665358245,536598683,427161282,335518332,259930627,198522730,149408401,110738491,80785641,57965137,40878332,28307735,19232242,12803771,8343376,5313020,3301571,1997454,1174412,668826,367970,194584,98588,47391,21546,9116,3567,1250,397,100,22,3"
Jp_I?CAO??_,"0,0,0,0,0,1,14,67,290,973,2902,7682,18661,41973,88804,177885,340273,624627,1105804,1894372,3150141,5096755,8040848,12390658,18679026,27583075,39945969,56790646,79331838,108974545,147305252,196064983,257108973,332345746,423661630,532824283,661375379,810510516,980957077,1172852875,1385636733,1617958537,1867615968,2131531187,2405762742,2685572037,2965528531,3239670845,3501696660,3745197844,3963904804,4151951820,4304123445,4416094121,4484617196,4507685974,4484617196,4416094121,4304123445,4151951820,3963904804,3745197844,3501696660,3239670845,2965528531,2685572037,2405762742,2131531187,1867615968,1617958537,1385636733,1172852875,980957077,810510516,661375379,532824283,423661630,332345746,257108973,196064983,147305252,108974545,79331838,56790646,39945969,27583075,18679026,12390658,8040848,5096755,3150141,1894372,1105804,624627,340273,177885,88804,41973,18661,7682,2902,973,290,67,14,1"
Jp_I?CAOA??,"0,0,0,0,0,3,17,90,347,1145,3325,8633,20635,45816,95882,190282,361243,658680,1159545,1976420,3272279,5273503,8291069,12736092,19146436,28201342,40748526,57810331,80604281,110529929,149173039,198262590,259648143,335218325,426849389,536281750,665044644,814302248,984771540,1176559114,1389101398,1621023052,1870133124,2133340314,2406732501,2685571724,2964475467,3237495663,3498392685,3740779269,3958455521,4145575296,4296989610,4408381392,4476556874,4499498954,4476556874,4408381392,4296989610,4145575296,3958455521,3740779269,3498392685,3237495663,2964475467,2685571724,2406732501,2133340314,1870133124,1621023052,1389101398,1176559114,984771540,814302248,665044644,536281750,426849389,335218325,259648143,198262590,149173039,110529929,80604281,57810331,40748526,28201342,19146436,12736092,8291069,5273503,3272279,1976420,1159545,658680,361243,190282,95882,45816,20635,8633,3325,1145,347,90,17,3"
Jp_I?D??I??,"0,0,0,0,0,1,11,65,274,976,2918,7819,18982,42842,90506,181361,346362,635453,1123423,1922904,3193615,5162380,8135461,12525545,18864218,27834276,40276007,57218742,79871256,109645407,148117406,197034789,258237127,333638947,425104693,534408696,663064742,812277123,982741734,1174609676,1387286318,1619443337,1868845915,2132448619,2406281689,2685650645,2965100646,3238726348,3500203586,3743187989,3961388775,4149006709,4300800206,4412508302,4480849090,4503872178,4480849090,4412508302,4300800206,4149006709,3961388775,3743187989,3500203586,3238726348,2965100646,2685650645,2406281689,2132448619,1868845915,1619443337,1387286318,1174609676,982741734,812277123,663064742,534408696,425104693,333638947,258237127,197034789,148117406,109645407,79871256,57218742,40276007,27834276,18864218,12525545,8135461,5162380,3193615,1922904,1123423,635453,346362,181361,90506,42842,18982,7819,2918,976,274,65,11,1"
Jp_I?D?OA??,"0,0,0,0,1,6,36,138,498,1507,4147,10304,23920,51826,106525,208248,390636,705157,1231093,2083339,3428337,5495624,8600456,13157560,19709137,28937369,41693250,58999636,82074001,112312523,151295820,200743370,262493478,338418452,430376817,540087790,669058414,818429498,988896849,1180546750,1392800062,1624271448,1872766055,2135197275,2407666234,2685456606,2963215357,3235032789,3494710832,3735909732,3952477196,4138614354,4289213797,4399996620,4467794572,4490609118,4467794572,4399996620,4289213797,4138614354,3952477196,3735909732,3494710832,3235032789,2963215357,2685456606,2407666234,2135197275,1872766055,1624271448,1392800062,1180546750,988896849,818429498,669058414,540087790,430376817,338418452,262493478,200743370,151295820,112312523,82074001,58999636,41693250,28937369,19709137,13157560,8600456,5495624,3428337,2083339,1231093,705157,390636,208248,106525,51826,23920,10304,4147,1507,498,138,36,6,1"
JpaCC@??G?_,"0,0,0,0,1,11,58,230,751,2163,5626,13430,29929,62985,126068,241300,444338,789923,1360537,2276198,3707805,5891667,9148370,13900465,20694584,30220092,43329558,61049357,84592523,115352522,154895969,204931212,267271341,343767845,436243463,546389701,675670682,825198300,995626038,1187018136,1398762801,1629469952,1876930333,2138077595,2409023780,2685100654,2960991548,3230860303,3488563533,3727850174,3942629441,4127191217,4276479984,4386289668,4453479259,4476093160,4453479259,4386289668,4276479984,4127191217,3942629441,3727850174,3488563533,3230860303,2960991548,2685100654,2409023780,2138077595,1876930333,1629469952,1398762801,1187018136,995626038,825198300,675670682,546389701,436243463,343767845,267271341,204931212,154895969,115352522,84592523,61049357,43329558,30220092,20694584,13900465,9148370,5891667,3707805,2276198,1360537,789923,444338,241300,126068,62985,29929,13430,5626,2163,751,230,58,11,1"
JpaCA?@?GA?,"0,0,0,0,1,8,44,174,588,1729,4623,11264,25658,54930,111683,216570,403554,724705,1259555,2123929,3484509,5571812,8701142,13288220,19874559,29143375,41944130,59299840,82425767,112718065,151753372,201250906,263044202,339005202,430987133,540709668,669673864,819022818,989447253,1181036456,1393207310,1624580836,1872958357,2135261397,2407588600,2685233080,2962839697,3234509861,3494042126,3735108544,3951553828,4137589250,4288102491,4398825644,4466583874,4489387594,4466583874,4398825644,4288102491,4137589250,3951553828,3735108544,3494042126,3234509861,2962839697,2685233080,2407588600,2135261397,1872958357,1624580836,1393207310,1181036456,989447253,819022818,669673864,540709668,430987133,339005202,263044202,201250906,151753372,112718065,82425767,59299840,41944130,29143375,19874559,13288220,8701142,5571812,3484509,2123929,1259555,724705,403554,216570,111683,54930,25658,11264,4623,1729,588,174,44,8,1"
JpaCA?@?I??,"0,0,0,0,0,4,27,124,468,1459,4066,10233,23806,51767,106523,208478,391175,706408,1233201,2087005,3433971,5504234,8612569,13174737,19731941,28967589,41731490,59047664,82131965,112382164,151376264,200835630,262595680,338530660,430495493,540212289,669183634,818553814,989014321,1180655212,1392892783,1624347080,1872817952,2135224842,2407664061,2685425656,2963151310,3234939095,3494584836,3735756665,3952296558,4138413109,4288992341,4399763680,4467551485,4490364964,4467551485,4399763680,4288992341,4138413109,3952296558,3735756665,3494584836,3234939095,2963151310,2685425656,2407664061,2135224842,1872817952,1624347080,1392892783,1180655212,989014321,818553814,669183634,540212289,430495493,338530660,262595680,200835630,151376264,112382164,82131965,59047664,41731490,28967589,19731941,13174737,8612569,5504234,3433971,2087005,1233201,706408,391175,208478,106523,51767,23806,10233,4066,1459,468,124,27,4"
JpaA?C@?_C?,"0,0,0,0,1,8,41,160,544,1606,4322,10608,24332,52407,107116,208683,390428,703638,1226745,2074305,3411447,5466923,8554021,13086466,19603691,28787226,41485010,58719403,81705802,111841898,150706906,200024430,261634008,337415346,429230825,538810771,667667331,816955459,987377028,1179031233,1391343052,1622938998,1871622206,2134312023,2407100789,2685270629,2963451406,3235725824,3495870674,3737534443,3954537975,4141068317,4291991749,4403022035,4470970471,4493838482,4470970471,4403022035,4291991749,4141068317,3954537975,3737534443,3495870674,3235725824,2963451406,2685270629,2407100789,2134312023,1871622206,1622938998,1391343052,1179031233,987377028,816955459,667667331,538810771,429230825,337415346,261634008,200024430,150706906,111841898,81705802,58719403,41485010,28787226,19603691,13086466,8554021,5466923,3411447,2074305,1226745,703638,390428,208683,107116,52407,24332,10608,4322,1606,544,160,41,8,1"
JpaA?C@?a??,"0,0,0,0,0,1,14,82,339,1142,3338,8709,20777,46187,96531,191513,363163,661993,1164401,1983902,3282699,5288518,8310940,12763254,19180742,28245869,40802734,57877596,80682660,110623516,149277999,198382780,259777601,335360799,426995915,536436595,665195607,814453817,984909649,1176689101,1389206342,1621111294,1870186447,2133369216,2406718910,2685529533,2964386326,3237378136,3498228653,3740590258,3958225564,4145328941,4296710322,4408097081,4476251847,4499201294,4476251847,4408097081,4296710322,4145328941,3958225564,3740590258,3498228653,3237378136,2964386326,2685529533,2406718910,2133369216,1870186447,1621111294,1389206342,1176689101,984909649,814453817,665195607,536436595,426995915,335360799,259777601,198382780,149277999,110623516,80682660,57877596,40802734,28245869,19180742,12763254,8310940,5288518,3282699,1983902,1164401,661993,363163,191513,96531,46187,20777,8709,3338,1142,339,82,14,1"
JpaA?C@O??_,"0,0,0,0,0,1,14,77,318,1073,3155,8267,19858,44331,93093,185424,352858,645050,1137701,1942922,3221727,5199977,8185752,12589933,18946634,27935653,40400499,57366009,80045293,109843560,148342780,197281683,258507115,333922665,425402487,534707059,663363263,812559156,983006749,1174838701,1387480742,1619583021,1868935604,2132469035,2406241570,2685532520,2964918917,3238465489,3499883404,3742796076,3960949248,4148509436,4300273460,4411942971,4480275919,4503283502,4480275919,4411942971,4300273460,4148509436,3960949248,3742796076,3499883404,3238465489,2964918917,2685532520,2406241570,2132469035,1868935604,1619583021,1387480742,1174838701,983006749,812559156,663363263,534707059,425402487,333922665,258507115,197281683,148342780,109843560,80045293,57366009,40400499,27935653,18946634,12589933,8185752,5199977,3221727,1942922,1137701,645050,352858,185424,93093,44331,19858,8267,3155,1073,318,77,14,1"
JpaA?C@OA??,"0,0,0,0,0,4,22,106,402,1290,3661,9357,22062,48518,100700,198569,374881,680509,1193301,2027289,3346775,5380187,8440032,12939929,19419067,28559126,41208340,58390623,81322062,111402153,150212330,199478956,261043654,336789726,428581745,538152750,667017723,816332977,986800946,1178522627,1390922137,1622624076,1871430495,2134257888,2407194646,2685519785,2963858937,3236289314,3496585156,3738389606,3955518719,4142157260,4293169039,4404263211,4472251088,4495132488,4472251088,4404263211,4293169039,4142157260,3955518719,3738389606,3496585156,3236289314,2963858937,2685519785,2407194646,2134257888,1871430495,1622624076,1390922137,1178522627,986800946,816332977,667017723,538152750,428581745,336789726,261043654,199478956,150212330,111402153,81322062,58390623,41208340,28559126,19419067,12939929,8440032,5380187,3346775,2027289,1193301,680509,374881,198569,100700,48518,22062,9357,3661,1290,402,106,22,4"
JpaA?CA?_C?,"0,0,0,1,5,26,94,326,932,2522,6206,14367,31272,64902,128350,243887,446557,790999,1358421,2268542,3690251,5859252,9093177,13813643,20563521,30032095,43067319,60696156,84128334,114760501,154156899,204032507,266200678,342523944,434828209,544820256,673968322,823403706,993784206,1185191824,1397016367,1627883973,1875579326,2137045904,2408381129,2684918314,2961316316,3231733518,3489992630,3729833172,3945128631,4130156837,4279827367,4389930398,4457296521,4479974776,4457296521,4389930398,4279827367,4130156837,3945128631,3729833172,3489992630,3231733518,2961316316,2684918314,2408381129,2137045904,1875579326,1627883973,1397016367,1185191824,993784206,823403706,673968322,544820256,434828209,342523944,266200678,204032507,154156899,114760501,84128334,60696156,43067319,30032095,20563521,13813643,9093177,5859252,3690251,2268542,1358421,790999,446557,243887,128350,64902,31272,14367,6206,2522,932,326,94,26,5,1"
JpaA?CA?a??,"0,0,0,0,1,7,37,154,537,1600,4335,10712,24605,53086,108535,211477,395506,712542,1241507,2098066,3448177,5522218,8634611,13201309,19762846,29003161,41770950,59090572,82176824,112428259,151421243,200878380,262633243,338561881,430517405,540224386,669183033,818541441,988988665,1180618297,1392843969,1624290540,1872753982,2135158757,2407596775,2685362989,2963093837,3234892410,3494547615,3735733159,3952284390,4138414626,4289002474,4399783705,4467575138,4490392052,4467575138,4399783705,4289002474,4138414626,3952284390,3735733159,3494547615,3234892410,2963093837,2685362989,2407596775,2135158757,1872753982,1624290540,1392843969,1180618297,988988665,818541441,669183033,540224386,430517405,338561881,262633243,200878380,151421243,112428259,82176824,59090572,41770950,29003161,19762846,13201309,8634611,5522218,3448177,2098066,1241507,712542,395506,211477,108535,53086,24605,10712,4335,1600,537,154,37,7,1"
JpaA?CAO??_,"0,0,0,0,1,6,31,118,426,1300,3636,9180,21604,47383,98412,194135,367016,667006,1171359,1992601,3294125,5302193,8328135,12782852,19204505,28271838,40832818,57909047,80718010,110658404,149315790,198417964,259814270,335392182,427027575,536459945,665218335,814466175,984920604,1176687951,1389204878,1621096564,1870172572,2133342403,2406694727,2685492853,2964354956,3237334546,3498192522,3740543215,3958187113,4145279589,4296671487,4408047249,4476212613,4499151562,4476212613,4408047249,4296671487,4145279589,3958187113,3740543215,3498192522,3237334546,2964354956,2685492853,2406694727,2133342403,1870172572,1621096564,1389204878,1176687951,984920604,814466175,665218335,536459945,427027575,335392182,259814270,198417964,149315790,110658404,80718010,57909047,40832818,28271838,19204505,12782852,8328135,5302193,3294125,1992601,1171359,667006,367016,194135,98412,47383,21604,9180,3636,1300,426,118,31,6,1"
JpaA?CAOA??,"0,0,0,0,0,2,20,106,408,1334,3781,9667,22746,49936,103350,203383,383131,694219,1215145,2061181,3397581,5454647,8546096,13087803,19620217,28827482,41558274,58838439,81883142,112092331,151044150,200463292,262184644,338087328,430025921,539726904,668692713,818072567,988555536,1180236903,1392529541,1624056514,1872613379,2135122316,2407671982,2685555343,2963405657,3235321444,3495090210,3736381546,3953027061,4139238442,4289892757,4400721699,4468542798,4491369864,4468542798,4400721699,4289892757,4139238442,3953027061,3736381546,3495090210,3235321444,2963405657,2685555343,2407671982,2135122316,1872613379,1624056514,1392529541,1180236903,988555536,818072567,668692713,539726904,430025921,338087328,262184644,200463292,151044150,112092331,81883142,58838439,41558274,28827482,19620217,13087803,8546096,5454647,3397581,2061181,1215145,694219,383131,203383,103350,49936,22746,9667,3781,1334,408,106,20,2"
JpaA?D??I??,"0,0,0,0,0,1,14,80,335,1150,3368,8803,21049,46819,97853,194129,367939,670325,1178387,2006476,3317827,5341604,8388844,12874534,19335842,28456931,41083418,58243018,81148228,111204344,149988031,199233336,260775719,336508141,428286921,537857229,666722725,816054087,986539615,1178296601,1390731046,1622486658,1871343275,2134238662,2407236002,2685637653,2964040586,3236548560,3496903907,3738778588,3955955670,4142650601,4293692430,4404823935,4472820489,4495716430,4472820489,4404823935,4293692430,4142650601,3955955670,3738778588,3496903907,3236548560,2964040586,2685637653,2407236002,2134238662,1871343275,1622486658,1390731046,1178296601,986539615,816054087,666722725,537857229,428286921,336508141,260775719,199233336,149988031,111204344,81148228,58243018,41083418,28456931,19335842,12874534,8388844,5341604,3317827,2006476,1178387,670325,367939,194129,97853,46819,21049,8803,3368,1150,335,80,14,1"
JpaA?D?OA??,"0,0,0,0,0,5,32,142,521,1620,4434,11029,25453,54989,112389,218821,408603,734897,1278221,2156176,3537095,5654488,8825968,13471102,20134302,29503009,42428888,59938772,83247732,113753134,153028097,202788910,264859529,341103947,433359649,543333053,672504889,822002117,992493009,1184053071,1396079738,1627186054,1875163301,2136937672,2408610326,2685494423,2962251736,3233017226,3491618691,3731771128,3947352750,4132620247,4282491638,4392734993,4460193249,4482897470,4460193249,4392734993,4282491638,4132620247,3947352750,3731771128,3491618691,3233017226,2962251736,2685494423,2408610326,2136937672,1875163301,1627186054,1396079738,1184053071,992493009,822002117,672504889,543333053,433359649,341103947,264859529,202788910,153028097,113753134,83247732,59938772,42428888,29503009,20134302,13471102,8825968,5654488,3537095,2156176,1278221,734897,408603,218821,112389,54989,25453,11029,4434,1620,521,142,32,5"
Jp`?GCCO??_,"0,0,0,0,0,1,10,63,264,937,2817,7561,18406,41655,88217,177158,339046,623176,1103585,1891838,3146435,5092709,8035256,12384831,18671236,27575345,39935991,56781377,79320047,108964330,147292464,196055007,257096259,332337265,423650319,532818661,661366581,810508812,980951615,1172855843,1385634872,1617966049,1867617584,2131542963,2405767110,2685587030,2965534819,3239688209,3501703946,3745216500,3963912384,4151971242,4304131032,4416113665,4484624665,4507705626,4484624665,4416113665,4304131032,4151971242,3963912384,3745216500,3501703946,3239688209,2965534819,2685587030,2405767110,2131542963,1867617584,1617966049,1385634872,1172855843,980951615,810508812,661366581,532818661,423650319,332337265,257096259,196055007,147292464,108964330,79320047,56781377,39935991,27575345,18671236,12384831,8035256,5092709,3146435,1891838,1103585,623176,339046,177158,88217,41655,18406,7561,2817,937,264,63,10,1"
Jp`?GCCOA??,"0,0,0,0,0,1,13,76,319,1097,3231,8489,20367,45454,95274,189496,359993,657160,1157319,1973794,3268573,5269367,8285513,12730192,19138754,28193538,40738706,57801001,80592705,110519671,149160557,198252548,259635783,335209743,426838443,536275960,665036264,814300308,984766506,1176561764,1389099924,1621030148,1870135166,2133351590,2406737317,2685586160,2964482189,3237512409,3498400445,3740797259,3958463597,4145594054,4296997696,4408400258,4476564866,4499517886,4476564866,4408400258,4296997696,4145594054,3958463597,3740797259,3498400445,3237512409,2964482189,2685586160,2406737317,2133351590,1870135166,1621030148,1389099924,1176561764,984766506,814300308,665036264,536275960,426838443,335209743,259635783,198252548,149160557,110519671,80592705,57801001,40738706,28193538,19138754,12730192,8285513,5269367,3268573,1973794,1157319,657160,359993,189496,95274,45454,20367,8489,3231,1097,319,76,13,1"
Jp`?GD??G?_,"0,0,0,0,0,1,9,55,244,878,2660,7213,17682,40200,85498,172331,330796,609547,1081869,1858238,3095943,5018792,7929709,12237539,18470484,27307296,39585561,56332406,78756368,108269945,146453970,195061581,255942525,331023635,422185865,531220352,659663154,808737807,979162170,1171105412,1383990600,1616498107,1866401605,2130650837,2405268021,2685538737,2965984970,3240664276,3503218332,3747256623,3966446667,4154943499,4307469216,4419723986,4488405362,4511542854,4488405362,4419723986,4307469216,4154943499,3966446667,3747256623,3503218332,3240664276,2965984970,2685538737,2405268021,2130650837,1866401605,1616498107,1383990600,1171105412,979162170,808737807,659663154,531220352,422185865,331023635,255942525,195061581,146453970,108269945,78756368,56332406,39585561,27307296,18470484,12237539,7929709,5018792,3095943,1858238,1081869,609547,330796,172331,85498,40200,17682,7213,2660,878,244,55,9,1"
Jp`?GD??G@?,"0,0,0,0,0,1,13,71,296,1006,2977,7850,18983,42586,89821,179636,342993,628842,1112012,1903418,3162635,5114016,8063685,12420584,18716992,27630764,40003863,56860543,79413611,109069192,147411790,196183803,257237153,332482998,423803684,532969310,661518028,810648685,981083632,1172966092,1385729505,1618029099,1867657989,2131544939,2405741873,2685519058,2965439402,3239549212,3501540342,3745013567,3963690705,4151716693,4303867571,4415826276,4484338605,4507407198,4484338605,4415826276,4303867571,4151716693,3963690705,3745013567,3501540342,3239549212,2965439402,2685519058,2405741873,2131544939,1867657989,1618029099,1385729505,1172966092,981083632,810648685,661518028,532969310,423803684,332482998,257237153,196183803,147411790,109069192,79413611,56860543,40003863,27630764,18716992,12420584,8063685,5114016,3162635,1903418,1112012,628842,342993,179636,89821,42586,18983,7850,2977,1006,296,71,13,1"
Jp`?GD??I??,"0,0,0,0,0,1,12,69,292,1015,3017,8013,19364,43495,91655,183186,349294,639814,1129947,1932102,3206575,5179807,8158828,12555597,18902798,27881863,40334545,57288235,79953517,109739302,148224336,197152221,258365623,333774319,425246855,534551399,663207635,812412460,982868853,1174719909,1387379906,1619510961,1868889486,2132459341,2406263154,2685595028,2965014359,3238602355,3500050964,3743001386,3961178978,4148769620,4300548800,4412238651,4480575367,4503591382,4480575367,4412238651,4300548800,4148769620,3961178978,3743001386,3500050964,3238602355,2965014359,2685595028,2406263154,2132459341,1868889486,1619510961,1387379906,1174719909,982868853,812412460,663207635,534551399,425246855,333774319,258365623,197152221,148224336,109739302,79953517,57288235,40334545,27881863,18902798,12555597,8158828,5179807,3206575,1932102,1129947,639814,349294,183186,91655,43495,19364,8013,3017,1015,292,69,12,1"
Jp`?GD?OA??,"0,0,0,0,1,7,38,150,523,1567,4274,10558,24357,52609,107788,210312,393782,709895,1237921,2093102,3441673,5513767,8624230,13188437,19748004,28985796,41751742,59069789,82155783,112406786,151401557,200860848,262619961,338553437,430516267,540229825,669197934,818564284,989020186,1180656656,1392889897,1624339360,1872806049,2135209367,2407644624,2685403322,2963126752,3234912191,3494556421,3735727702,3952266161,4138382485,4288961748,4399732672,4467520247,4490334312,4467520247,4399732672,4288961748,4138382485,3952266161,3735727702,3494556421,3234912191,2963126752,2685403322,2407644624,2135209367,1872806049,1624339360,1392889897,1180656656,989020186,818564284,669197934,540229825,430516267,338553437,262619961,200860848,151401557,112406786,82155783,59069789,41751742,28985796,19748004,13188437,8624230,5513767,3441673,2093102,1237921,709895,393782,210312,107788,52609,24357,10558,4274,1567,523,150,38,7,1"
Jp`?GGC@?G?,"0,0,0,1,5,27,106,366,1049,2846,6946,15956,34424,70811,138882,261920,476250,838298,1431510,2378379,3850931,6088733,9413329,14250653,21147600,30797034,44049531,61933530,85657841,116616005,156366310,206614623,269161365,345853206,438496676,548776931,678139128,827690666,998066449,1189328698,1400850927,1631248535,1878303112,2138962974,2409339109,2684787589,2959998447,3229168324,3486164937,3724775620,3938923180,4122934132,4271762357,4381234698,4448210639,4470756810,4448210639,4381234698,4271762357,4122934132,3938923180,3724775620,3486164937,3229168324,2959998447,2684787589,2409339109,2138962974,1878303112,1631248535,1400850927,1189328698,998066449,827690666,678139128,548776931,438496676,345853206,269161365,206614623,156366310,116616005,85657841,61933530,44049531,30797034,21147600,14250653,9413329,6088733,3850931,2378379,1431510,838298,476250,261920,138882,70811,34424,15956,6946,2846,1049,366,106,27,5,1"
Jp`?GGC@A??,"0,0,0,0,1,9,45,184,619,1808,4814,11693,26520,56614,114746,221946,412583,739449,1282748,2159490,3537397,5648700,8810035,13439268,20079162,29415243,42297616,59750911,82989639,113410236,152586133,202234734,264183093,340298740,432425186,542275546,671338519,820750053,991187917,1182735579,1394798868,1625997508,1874126244,2136112377,2408054827,2685260572,2962381919,3233541696,3492551213,3733108985,3949074882,4134687134,4284846045,4395306575,4462899469,4485649420,4462899469,4395306575,4284846045,4134687134,3949074882,3733108985,3492551213,3233541696,2962381919,2685260572,2408054827,2136112377,1874126244,1625997508,1394798868,1182735579,991187917,820750053,671338519,542275546,432425186,340298740,264183093,202234734,152586133,113410236,82989639,59750911,42297616,29415243,20079162,13439268,8810035,5648700,3537397,2159490,1282748,739449,412583,221946,114746,56614,26520,11693,4814,1808,619,184,45,9,1"
Jp`?GGCO??_,"0,0,0,0,1,6,33,126,452,1358,3775,9441,22097,48233,99853,196418,370577,672313,1179132,2003551,3309273,5322553,8355037,12817471,19248305,28325942,40898584,57987262,80809459,110763113,149433694,198547948,259954908,335541109,427182056,536616219,665372545,814613659,985056738,1176807815,1389303693,1621169898,1870216570,2133353829,2406670905,2685432400,2964257250,3237200146,3498022708,3740340749,3957955047,4145022565,4296393918,4407754843,4475910910,4498847026,4475910910,4407754843,4296393918,4145022565,3957955047,3740340749,3498022708,3237200146,2964257250,2685432400,2406670905,2133353829,1870216570,1621169898,1389303693,1176807815,985056738,814613659,665372545,536616219,427182056,335541109,259954908,198547948,149433694,110763113,80809459,57987262,40898584,28325942,19248305,12817471,8355037,5322553,3309273,2003551,1179132,672313,370577,196418,99853,48233,22097,9441,3775,1358,452,126,33,6,1"
Jp`?GGCOA??,"0,0,0,0,0,4,26,120,448,1416,3951,9985,23318,50894,104938,205859,386933,699829,1223271,2072535,3413177,5475497,8573482,13122917,19664469,28881956,41624298,58916769,81974518,112196785,151161552,200592526,262324296,338235046,430178955,539881582,668845221,818218283,988689914,1180355073,1392626779,1624128500,1872656291,2135132938,2407647728,2685494801,2963308209,3235187666,3494921382,3736180358,3952796575,4138983222,4289617183,4400431435,4468243326,4491067528,4468243326,4400431435,4289617183,4138983222,3952796575,3736180358,3494921382,3235187666,2963308209,2685494801,2407647728,2135132938,1872656291,1624128500,1392626779,1180355073,988689914,818218283,668845221,539881582,430178955,338235046,262324296,200592526,151161552,112196785,81974518,58916769,41624298,28881956,19664469,13122917,8573482,5475497,3413177,2072535,1223271,699829,386933,205859,104938,50894,23318,9985,3951,1416,448,120,26,4"
Jp`?GH??G@?,"0,0,0,0,1,6,30,114,404,1233,3463,8760,20722,45620,95105,188286,357060,650625,1145439,1952759,3234567,5215610,8205316,12612538,18973767,27965671,40434768,57402096,80084935,109882671,148383736,197319396,258544094,333952946,425430057,534724228,663376136,812559692,983002231,1174820816,1387459722,1619548870,1868901181,2132424283,2406200122,2685483446,2964878187,3238419257,3499848636,3742758206,3960923994,4148480670,4300258061,4411921820,4480265786,4503265722,4480265786,4411921820,4300258061,4148480670,3960923994,3742758206,3499848636,3238419257,2964878187,2685483446,2406200122,2132424283,1868901181,1619548870,1387459722,1174820816,983002231,812559692,663376136,534724228,425430057,333952946,258544094,197319396,148383736,109882671,80084935,57402096,40434768,27965671,18973767,12612538,8205316,5215610,3234567,1952759,1145439,650625,357060,188286,95105,45620,20722,8760,3463,1233,404,114,30,6,1"
Jp`?GH??I??,"0,0,0,0,0,1,13,72,309,1067,3155,8335,20067,44892,94306,187908,357443,653240,1151471,1965346,3256685,5253069,8263633,12701572,19102096,28147532,40682108,57732875,80512185,110426391,149054493,198134372,259506719,335071749,426693955,536128288,664889214,814158092,984633602,1176443050,1389000090,1620953632,1870085968,2133333118,2406752317,2685636398,2964568421,3237634371,3498557069,3740986131,3958681459,4145836798,4297260796,4408678210,4476851946,4499807942,4476851946,4408678210,4297260796,4145836798,3958681459,3740986131,3498557069,3237634371,2964568421,2685636398,2406752317,2133333118,1870085968,1620953632,1389000090,1176443050,984633602,814158092,664889214,536128288,426693955,335071749,259506719,198134372,149054493,110426391,80512185,57732875,40682108,28147532,19102096,12701572,8263633,5253069,3256685,1965346,1151471,653240,357443,187908,94306,44892,20067,8335,3155,1067,309,72,13,1"
Jp`?GH?OA??,"0,0,0,0,0,4,28,128,474,1496,4151,10433,24258,52720,108318,211837,397035,716303,1249315,2112471,3472707,5561977,8696064,13292707,19894565,29187168,42020936,59422167,82605938,112970473,152091608,201689302,263592720,339673144,431776139,541617478,670688915,820127583,990611746,1182226935,1394377949,1625682474,1873934471,2136058232,2408148570,2685509685,2962789467,3234105120,3493265666,3733964224,3950055619,4135776112,4286023451,4396547793,4464180130,4486943588,4464180130,4396547793,4286023451,4135776112,3950055619,3733964224,3493265666,3234105120,2962789467,2685509685,2408148570,2136058232,1873934471,1625682474,1394377949,1182226935,990611746,820127583,670688915,541617478,431776139,339673144,263592720,201689302,152091608,112970473,82605938,59422167,42020936,29187168,19894565,13292707,8696064,5561977,3472707,2112471,1249315,716303,397035,211837,108318,52720,24258,10433,4151,1496,474,128,28,4"
Jp`?I?@O??_,"0,0,0,0,0,1,8,59,246,917,2783,7565,18480,42013,89069,179118,342800,630218,1115661,1912100,3178455,5142203,8108548,12491217,18820364,27780503,40210051,57140959,79779497,109541150,147998936,196905361,258095621,333490579,424949093,534253029,662909079,812130458,982603831,1174490859,1387185512,1619371257,1868799772,2132438971,2406303262,2685713106,2965196143,3238863197,3500371126,3743393340,3961618486,4149266864,4301075612,4412803945,4481148525,4504180102,4481148525,4412803945,4301075612,4149266864,3961618486,3743393340,3500371126,3238863197,2965196143,2685713106,2406303262,2132438971,1868799772,1619371257,1387185512,1174490859,982603831,812130458,662909079,534253029,424949093,333490579,258095621,196905361,147998936,109541150,79779497,57140959,40210051,27780503,18820364,12491217,8108548,5142203,3178455,1912100,1115661,630218,342800,179118,89069,42013,18480,7565,2783,917,246,59,8,1"
Jp`?I?@OA??,"0,0,0,0,0,1,17,94,379,1273,3669,9459,22375,49342,102420,202016,381065,691392,1211197,2056100,3390889,5446493,8535965,13076288,19606710,28813080,41542538,58823455,81868193,112080511,151034497,200459812,262185913,338097997,430043229,539756126,668729258,818121446,988609840,1180301824,1392595304,1624128496,1872679426,2135188036,2407723813,2685600104,2963428877,3235332597,3495075359,3736352689,3952971523,4139171534,4289803172,4400627544,4468433892,4491265542,4468433892,4400627544,4289803172,4139171534,3952971523,3736352689,3495075359,3235332597,2963428877,2685600104,2407723813,2135188036,1872679426,1624128496,1392595304,1180301824,988609840,818121446,668729258,539756126,430043229,338097997,262185913,200459812,151034497,112080511,81868193,58823455,41542538,28813080,19606710,13076288,8535965,5446493,3390889,2056100,1211197,691392,381065,202016,102420,49342,22375,9459,3669,1273,379,94,17,1"
Jp`?I@?OA??,"0,0,0,0,1,10,55,214,718,2094,5488,13172,29566,62471,125454,240705,444072,790532,1363109,2282205,3719629,5912647,9183179,13954890,20776423,30338444,43495392,61274839,84890956,115737122,155380218,205526400,267986348,344607040,437206297,547467953,676849369,826453013,996924356,1188318789,1400017804,1630624174,1877926552,2138856857,2409530587,2685284827,2960813374,3230290938,3487590840,3726477495,3940878895,4125101799,4274108479,4383705103,4450763079,4473332054,4450763079,4383705103,4274108479,4125101799,3940878895,3726477495,3487590840,3230290938,2960813374,2685284827,2409530587,2138856857,1877926552,1630624174,1400017804,1188318789,996924356,826453013,676849369,547467953,437206297,344607040,267986348,205526400,155380218,115737122,84890956,61274839,43495392,30338444,20776423,13954890,9183179,5912647,3719629,2282205,1363109,790532,444072,240705,125454,62471,29566,13172,5488,2094,718,214,55,10,1"
JpOGI?@?I??,"0,0,0,0,1,4,27,95,365,1109,3214,8207,19672,43591,91585,182095,346982,634272,1120148,1914187,3177991,5133608,8090309,12453516,18759867,27682100,40068193,56935007,79503636,109170053,147529295,196310809,257380160,332631533,423964810,533129261,661684499,810804518,981237782,1173098141,1385850661,1618116577,1867725547,2131568320,2405738765,2685464373,2965354905,3239410277,3501373227,3744794349,3963449799,4151431008,4303571114,4415496919,4484012326,4507062382,4484012326,4415496919,4303571114,4151431008,3963449799,3744794349,3501373227,3239410277,2965354905,2685464373,2405738765,2131568320,1867725547,1618116577,1385850661,1173098141,981237782,810804518,661684499,533129261,423964810,332631533,257380160,196310809,147529295,109170053,79503636,56935007,40068193,27682100,18759867,12453516,8090309,5133608,3177991,1914187,1120148,634272,346982,182095,91585,43591,19672,8207,3214,1109,365,95,27,4,1"
JpOGI?@?OA?,"0,0,0,0,0,3,21,99,380,1216,3459,8838,20949,46150,96161,190246,360385,656092,1153920,1965526,3253079,5241744,8241037,12660368,19036102,28045230,40533983,57523459,80230073,110053176,148579730,197540491,258788305,334217454,425709940,535014148,663668536,812846723,983274482,1175069156,1387673767,1619719845,1869019609,2132482891,2406192073,2685404698,2964725308,3238192724,3499549532,3742391311,3960495017,4147998553,4299731867,4411363896,4479687645,4502681206,4479687645,4411363896,4299731867,4147998553,3960495017,3742391311,3499549532,3238192724,2964725308,2685404698,2406192073,2132482891,1869019609,1619719845,1387673767,1175069156,983274482,812846723,663668536,535014148,425709940,334217454,258788305,197540491,148579730,110053176,80230073,57523459,40533983,28045230,19036102,12660368,8241037,5241744,3253079,1965526,1153920,656092,360385,190246,96161,46150,20949,8838,3459,1216,380,99,21,3"
JpOGI?@?Q??,"0,0,0,0,0,3,17,87,336,1104,3211,8348,20007,44520,93407,185792,353477,645692,1138690,1943944,3223219,5201370,8187769,12591548,18949040,27937294,40402889,57367061,80047391,109843454,148343728,197279765,258506449,333918262,425400026,534699860,663358862,812549803,983000954,1174827436,1387475019,1619571417,1868930949,2132458849,2406239733,2685524886,2964921450,3238461542,3499890540,3742796893,3960961075,4148513725,4300289469,4411950092,4480293653,4503291786,4480293653,4411950092,4300289469,4148513725,3960961075,3742796893,3499890540,3238461542,2964921450,2685524886,2406239733,2132458849,1868930949,1619571417,1387475019,1174827436,983000954,812549803,663358862,534699860,425400026,333918262,258506449,197279765,148343728,109843454,80047391,57367061,40402889,27937294,18949040,12591548,8187769,5201370,3223219,1943944,1138690,645692,353477,185792,93407,44520,20007,8348,3211,1104,336,87,17,3"
JpOGI?@O??_,"0,0,0,0,0,1,11,63,268,940,2816,7561,18398,41610,88138,177011,338826,622775,1102985,1890946,3145265,5091066,8033187,12382157,18668170,27571622,39931939,56776868,79315770,108960021,147288960,196052141,257095257,332337675,423653497,532823842,661375310,810519757,980965890,1172871616,1385653534,1617984775,1867637435,2131560749,2405784091,2685599577,2965544456,3239691294,3501703044,3745208377,3963899865,4151951645,4304108686,4416086140,4484596482,4507674982,4484596482,4416086140,4304108686,4151951645,3963899865,3745208377,3501703044,3239691294,2965544456,2685599577,2405784091,2131560749,1867637435,1617984775,1385653534,1172871616,980965890,810519757,661375310,532823842,423653497,332337675,257095257,196052141,147288960,108960021,79315770,56776868,39931939,27571622,18668170,12382157,8033187,5091066,3145265,1890946,1102985,622775,338826,177011,88138,41610,18398,7561,2816,940,268,63,11,1"
JpOGI?@OA??,"0,0,0,0,1,6,35,135,481,1449,3999,9966,23185,50349,103766,203328,382241,691285,1209007,2049245,3377217,5420918,8494023,13009397,19507637,28668836,41342929,58551702,81512777,111622454,150463971,199759503,261352732,337121662,428933319,538514691,667384343,816691550,987143318,1178834099,1391193986,1622840643,1871584143,2134334378,2407189419,2685421932,2963668725,3236000713,3496204887,3737917457,3954967079,4141531722,4292488001,4403536285,4471500139,4494369870,4471500139,4403536285,4292488001,4141531722,3954967079,3737917457,3496204887,3236000713,2963668725,2685421932,2407189419,2134334378,1871584143,1622840643,1391193986,1178834099,987143318,816691550,667384343,538514691,428933319,337121662,261352732,199759503,150463971,111622454,81512777,58551702,41342929,28668836,19507637,13009397,8494023,5420918,3377217,2049245,1209007,691285,382241,203328,103766,50349,23185,9966,3999,1449,481,135,35,6,1"
JpOGI@?OA??,"0,0,0,1,3,24,79,300,866,2425,6027,14169,31042,64787,128603,245160,449519,797180,1369887,2288652,3723113,5911125,9171326,13928259,20726215,30256872,43369427,61094027,84639125,115402340,154945435,204982037,267318720,343814224,436283423,546425911,675697853,825220329,995636411,1187022603,1398755391,1629456577,1876905103,2138048320,2408983476,2685058361,2960940419,3230808855,3488504974,3727794155,3942566876,4127132188,4276416285,4386229989,4453414722,4476033620,4453414722,4386229989,4276416285,4127132188,3942566876,3727794155,3488504974,3230808855,2960940419,2685058361,2408983476,2138048320,1876905103,1629456577,1398755391,1187022603,995636411,825220329,675697853,546425911,436283423,343814224,267318720,204982037,154945435,115402340,84639125,61094027,43369427,30256872,20726215,13928259,9171326,5911125,3723113,2288652,1369887,797180,449519,245160,128603,64787,31042,14169,6027,2425,866,300,79,24,3,1"
JpOGOOGA?O?,"0,0,0,1,7,34,146,468,1356,3568,8590,19335,41008,82914,160310,298191,535639,932287,1576253,2594974,4167167,6539150,10040833,15105865,22289605,32291063,45967077,64347722,88641322,120234225,160674447,211648697,274934058,352344404,445650403,556493348,686275090,836054216,1006423380,1197403476,1408338415,1637820297,1883626652,2142712552,2411218177,2684540954,2957434470,3224167650,3478698670,3714905458,3926810535,4108832477,4256014811,4364253578,4430467419,4452754512,4430467419,4364253578,4256014811,4108832477,3926810535,3714905458,3478698670,3224167650,2957434470,2684540954,2411218177,2142712552,1883626652,1637820297,1408338415,1197403476,1006423380,836054216,686275090,556493348,445650403,352344404,274934058,211648697,160674447,120234225,88641322,64347722,45967077,32291063,22289605,15105865,10040833,6539150,4167167,2594974,1576253,932287,535639,298191,160310,82914,41008,19335,8590,3568,1356,468,146,34,7,1"
JpOGOOGAA??,"0,0,0,0,3,17,73,276,857,2404,6098,14385,31664,66134,131378,250192,458501,812175,1394158,2326210,3779935,5994024,9289733,14092658,20949654,30553471,43755668,61585485,85253117,116153774,155848133,206044422,268546163,345202608,437823122,548095710,677467969,827048585,997473893,1188806847,1400420350,1630928510,1878110860,2138913053,2409442641,2685051878,2960426025,3229757698,3486910155,3725666113,3939943778,4124066838,4272985773,4382524855,4449541339,4472101276,4449541339,4382524855,4272985773,4124066838,3939943778,3725666113,3486910155,3229757698,2960426025,2685051878,2409442641,2138913053,1878110860,1630928510,1400420350,1188806847,997473893,827048585,677467969,548095710,437823122,345202608,268546163,206044422,155848133,116153774,85253117,61585485,43755668,30553471,20949654,14092658,9289733,5994024,3779935,2326210,1394158,812175,458501,250192,131378,66134,31664,14385,6098,2404,857,276,73,17,3"
JpOGOOGO??_,"0,0,0,0,1,9,42,176,581,1719,4578,11176,25449,54547,110940,215390,401516,721539,1254647,2116824,3474117,5557533,8681458,13262295,19840670,29100622,41890368,59234913,82347715,112627040,151648183,201133244,262913339,338864743,430837569,540555827,669517832,818871240,989301854,1180905650,1393093417,1624491480,1872895229,2135232343,2407592640,2685277022,2962920910,3234632079,3494200629,3735305854,3951780907,4137847091,4288381458,4399123736,4466889871,4489699976,4466889871,4399123736,4288381458,4137847091,3951780907,3735305854,3494200629,3234632079,2962920910,2685277022,2407592640,2135232343,1872895229,1624491480,1393093417,1180905650,989301854,818871240,669517832,540555827,430837569,338864743,262913339,201133244,151648183,112627040,82347715,59234913,41890368,29100622,19840670,13262295,8681458,5557533,3474117,2116824,1254647,721539,401516,215390,110940,54547,25449,11176,4578,1719,581,176,42,9,1"
JpOGOOGOA??,"0,0,0,0,2,12,52,200,650,1898,4974,12066,27225,58032,117253,226538,420234,752160,1302840,2190841,3584253,5717823,8908458,13577254,20267205,29667322,42626810,60174310,83521307,114066794,153379036,203176448,265276526,341546511,433816210,543796220,672959347,822438463,992892898,1184406749,1396368588,1627401904,1875289383,2136970168,2408535608,2685314412,2961958265,3232618154,3491111614,3731170874,3946661403,4131858150,4281665492,4391868295,4459295407,4481994724,4459295407,4391868295,4281665492,4131858150,3946661403,3731170874,3491111614,3232618154,2961958265,2685314412,2408535608,2136970168,1875289383,1627401904,1396368588,1184406749,992892898,822438463,672959347,543796220,433816210,341546511,265276526,203176448,153379036,114066794,83521307,60174310,42626810,29667322,20267205,13577254,8908458,5717823,3584253,2190841,1302840,752160,420234,226538,117253,58032,27225,12066,4974,1898,650,200,52,12,2"
JpOGOP??G@?,"0,0,0,0,1,7,33,142,475,1446,3926,9771,22652,49258,101416,199072,374483,678245,1187486,2015564,3325325,5344472,8383227,12854014,19293618,28382395,40965644,58067635,80901851,110869324,149551249,198678360,260093297,335688652,427332302,536768924,665520133,814756171,985184183,1176921201,1389393378,1621236756,1870251534,2133360619,2406639923,2685369988,2964156097,3237067458,3497853121,3740145077,3957727284,4144775660,4296124553,4407475437,4475618729,4498556864,4475618729,4407475437,4296124553,4144775660,3957727284,3740145077,3497853121,3237067458,2964156097,2685369988,2406639923,2133360619,1870251534,1621236756,1389393378,1176921201,985184183,814756171,665520133,536768924,427332302,335688652,260093297,198678360,149551249,110869324,80901851,58067635,40965644,28382395,19293618,12854014,8383227,5344472,3325325,2015564,1187486,678245,374483,199072,101416,49258,22652,9771,3926,1446,475,142,33,7,1"
JpOGOP??I??,"0,0,0,0,0,4,24,110,418,1318,3724,9464,22255,48806,101173,199264,375892,681896,1195226,2029791,3350035,5384249,8445054,12945928,19426209,28567224,41217508,58400712,81332991,111413582,150224170,199490764,261055228,336800659,428591738,538161352,667024883,816338245,986804176,1178523777,1390921118,1622620894,1871425295,2134250842,2407185824,2685509570,2963847463,3236276876,3496571966,3738376012,3955504515,4142142980,4293154570,4404248757,4472236465,4495118008,4472236465,4404248757,4293154570,4142142980,3955504515,3738376012,3496571966,3236276876,2963847463,2685509570,2407185824,2134250842,1871425295,1622620894,1390921118,1178523777,986804176,816338245,667024883,538161352,428591738,336800659,261055228,199490764,150224170,111413582,81332991,58400712,41217508,28567224,19426209,12945928,8445054,5384249,3350035,2029791,1195226,681896,375892,199264,101173,48806,22255,9464,3724,1318,418,110,24,4"
JpOGOP?OA??,"0,0,0,0,2,12,50,196,630,1850,4869,11849,26814,57296,116002,224521,417065,747331,1295757,2180731,3570141,5698665,8883024,13544201,20225219,29614968,42562794,60097703,83431332,113962951,153261588,203046180,265134724,341395444,433658707,543635610,672800015,822284919,992749800,1184279443,1396262149,1627320810,1875238143,2136952526,2408554074,2685371081,2962054083,3232752484,3491283428,3731377816,3946899447,4132123282,4281952771,4392171477,4459608412,4482311228,4459608412,4392171477,4281952771,4132123282,3946899447,3731377816,3491283428,3232752484,2962054083,2685371081,2408554074,2136952526,1875238143,1627320810,1396262149,1184279443,992749800,822284919,672800015,543635610,433658707,341395444,265134724,203046180,153261588,113962951,83431332,60097703,42562794,29614968,20225219,13544201,8883024,5698665,3570141,2180731,1295757,747331,417065,224521,116002,57296,26814,11849,4869,1850,630,196,50,12,2"
JpOGQ?@?Q??,"0,0,0,0,0,2,17,88,350,1155,3342,8675,20694,45931,96033,190562,361595,659198,1160177,1977325,3273275,5274864,8292475,12737851,19148191,28203391,40750160,57812242,80605609,110531174,149173210,198262636,259646546,335216538,426845801,536277701,665038818,814296600,984763733,1176552000,1389092975,1621015810,1870125010,2133334738,2406726323,2685568768,2964472846,3237496391,3498393914,3740784843,3958460760,4145584349,4296998671,4408393254,4476567395,4499511988,4476567395,4408393254,4296998671,4145584349,3958460760,3740784843,3498393914,3237496391,2964472846,2685568768,2406726323,2133334738,1870125010,1621015810,1389092975,1176552000,984763733,814296600,665038818,536277701,426845801,335216538,259646546,198262636,149173210,110531174,80605609,57812242,40750160,28203391,19148191,12737851,8292475,5274864,3273275,1977325,1160177,659198,361595,190562,96033,45931,20694,8675,3342,1155,350,88,17,2"
JpOGQ?@O??_,"0,0,0,0,0,1,13,67,290,992,2967,7880,19117,42984,90805,181670,346959,636030,1124404,1923832,3195121,5163676,8137507,12527096,18866734,27835820,40278567,57219721,79873549,109645260,148118654,197032769,258236831,333634432,425102566,534401354,663060770,812267499,982736412,1174598124,1387280961,1619431369,1868841727,2132437917,2406280359,2685642496,2965103568,3238721840,3500211218,3743188081,3961401109,4149010353,4300816619,4412514750,4480867333,4503879654,4480867333,4412514750,4300816619,4149010353,3961401109,3743188081,3500211218,3238721840,2965103568,2685642496,2406280359,2132437917,1868841727,1619431369,1387280961,1174598124,982736412,812267499,663060770,534401354,425102566,333634432,258236831,197032769,148118654,109645260,79873549,57219721,40278567,27835820,18866734,12527096,8137507,5163676,3195121,1923832,1124404,636030,346959,181670,90805,42984,19117,7880,2967,992,290,67,13,1"
JpOGQ?@OA??,"0,0,0,0,0,4,25,116,436,1383,3886,9859,23088,50479,104299,204868,385457,697656,1220263,2068465,3407949,5468778,8565273,13113063,19653277,28869269,41610862,58902934,81961507,112185040,151152732,200587256,262324784,338241588,430193565,539903975,668877206,818258120,988738267,1180409136,1392686561,1624189398,1872717448,2135188790,2407697457,2685532474,2963333460,3235195313,3494913232,3736152579,3952752434,4138920937,4289542881,4400344772,4468151571,4490971656,4468151571,4400344772,4289542881,4138920937,3952752434,3736152579,3494913232,3235195313,2963333460,2685532474,2407697457,2135188790,1872717448,1624189398,1392686561,1180409136,988738267,818258120,668877206,539903975,430193565,338241588,262324784,200587256,151152732,112185040,81961507,58902934,41610862,28869269,19653277,13113063,8565273,5468778,3407949,2068465,1220263,697656,385457,204868,104299,50479,23088,9859,3886,1383,436,116,25,4"
JpOGQ@?OA??,"0,0,0,0,3,15,69,250,791,2244,5749,13676,30363,63812,127487,243931,448728,797362,1372531,2295382,3737097,5935980,9212827,13992873,20823106,30395887,43563286,61355436,84983136,115842493,155496323,205654360,268121919,344750843,437352261,547615856,676992035,826590047,997046825,1188427047,1400102925,1630687030,1877958552,2138861027,2409498659,2685222117,2960713079,3230160034,3487424449,3726285281,3940656100,4124860084,4273845030,4383431893,4450477710,4473048000,4450477710,4383431893,4273845030,4124860084,3940656100,3726285281,3487424449,3230160034,2960713079,2685222117,2409498659,2138861027,1877958552,1630687030,1400102925,1188427047,997046825,826590047,676992035,547615856,437352261,344750843,268121919,205654360,155496323,115842493,84983136,61355436,43563286,30395887,20823106,13992873,9212827,5935980,3737097,2295382,1372531,797362,448728,243931,127487,63812,30363,13676,5749,2244,791,250,69,15,3"
JpOI?D??I??,"0,0,0,0,0,1,16,85,346,1177,3419,8927,21266,47205,98511,195276,369736,673158,1182595,2012792,3326817,5354367,8406154,12898065,19366648,28496943,41133681,58306037,81224691,111296546,150095744,199358479,260916685,336665857,428457537,538040331,666912329,816248130,986729197,1178478965,1390895610,1622630087,1871453968,2134314371,2407265544,2685621094,2963968477,3236424531,3496722056,3738546976,3955671222,4142326020,4293328716,4404436897,4472413195,4495307046,4472413195,4404436897,4293328716,4142326020,3955671222,3738546976,3496722056,3236424531,2963968477,2685621094,2407265544,2134314371,1871453968,1622630087,1390895610,1178478965,986729197,816248130,666912329,538040331,428457537,336665857,260916685,199358479,150095744,111296546,81224691,58306037,41133681,28496943,19366648,12898065,8406154,5354367,3326817,2012792,1182595,673158,369736,195276,98511,47205,21266,8927,3419,1177,346,85,16,1"
JpOI?D?OA??,"0,0,0,0,1,9,50,194,661,1941,5150,12470,28191,59881,120910,232978,431420,770375,1332075,2235608,3651633,5815479,9047684,13769805,20529162,30014086,43078678,60749153,84240757,114946980,154438417,204423676,266720617,343181095,435633147,545767823,675055232,824604980,995075634,1186528430,1398355553,1629160564,1876738031,2138013473,2409101414,2685324180,2961367208,3231383231,3489232239,3728651362,3943552809,4128216321,4277591290,4387460644,4454689957,4477314684,4454689957,4387460644,4277591290,4128216321,3943552809,3728651362,3489232239,3231383231,2961367208,2685324180,2409101414,2138013473,1876738031,1629160564,1398355553,1186528430,995075634,824604980,675055232,545767823,435633147,343181095,266720617,204423676,154438417,114946980,84240757,60749153,43078678,30014086,20529162,13769805,9047684,5815479,3651633,2235608,1332075,770375,431420,232978,120910,59881,28191,12470,5150,1941,661,194,50,9,1"
JpOIA@?OA??,"0,0,0,1,5,32,120,412,1206,3238,7882,17999,38564,78698,153308,287097,518415,906591,1538829,2542082,4094011,6440566,9910545,14937681,22076607,32026837,45645189,63963750,88191020,119716441,160089631,211001361,274230664,351596382,444870845,555700434,685488436,835297130,1005718728,1196777834,1407815307,1637424041,1883377170,2142629186,2411313333,2684825660,2957911214,3224836480,3479551720,3715932146,3927991363,4110147869,4257437977,4365757266,4432018951,4454323492,4432018951,4365757266,4257437977,4110147869,3927991363,3715932146,3479551720,3224836480,2957911214,2684825660,2411313333,2142629186,1883377170,1637424041,1407815307,1196777834,1005718728,835297130,685488436,555700434,444870845,351596382,274230664,211001361,160089631,119716441,88191020,63963750,45645189,32026837,22076607,14937681,9910545,6440566,4094011,2542082,1538829,906591,518415,287097,153308,78698,38564,17999,7882,3238,1206,412,120,32,5,1"
JsaCCA?O??_,"0,0,1,2,22,70,268,759,2102,5156,11919,25771,53060,104271,197031,358874,633085,1083992,1806685,2935634,4659572,7234373,11002234,16407426,24017909,34541008,48842483,67954080,93083304,125605319,167053494,219085531,283444901,361897044,456161044,567813651,698194451,848290796,1018634819,1209186889,1419248965,1647378572,1891348823,2148124113,2413888412,2684099013,2953602925,3216773537,3467701683,3700396522,3909026970,4088144413,4232924168,4339362160,4404464150,4426373088,4404464150,4339362160,4232924168,4088144413,3909026970,3700396522,3467701683,3216773537,2953602925,2684099013,2413888412,2148124113,1891348823,1647378572,1419248965,1209186889,1018634819,848290796,698194451,567813651,456161044,361897044,283444901,219085531,167053494,125605319,93083304,67954080,48842483,34541008,24017909,16407426,11002234,7234373,4659572,2935634,1806685,1083992,633085,358874,197031,104271,53060,25771,11919,5156,2102,759,268,70,22,2,1"
JsaCC@??G@?,"0,0,1,2,20,56,220,623,1716,4228,9883,21613,44992,89463,170957,314742,561053,969990,1631285,2673154,4276554,6688543,10241772,15370572,22632953,32727948,46514539,65021044,89456894,121204407,161810338,212954451,276410271,353981074,447431850,558391105,688253465,838064002,1008409579,1199298207,1410071797,1639314290,1884806643,2143502413,2411553878,2684363641,2956705011,3222859407,3476809905,3712450608,3923832348,4105388679,4252188722,4360139590,4426177834,4448403336,4426177834,4360139590,4252188722,4105388679,3923832348,3712450608,3476809905,3222859407,2956705011,2684363641,2411553878,2143502413,1884806643,1639314290,1410071797,1199298207,1008409579,838064002,688253465,558391105,447431850,353981074,276410271,212954451,161810338,121204407,89456894,65021044,46514539,32727948,22632953,15370572,10241772,6688543,4276554,2673154,1631285,969990,561053,314742,170957,89463,44992,21613,9883,4228,1716,623,220,56,20,2,1"
JsaCC@??I??,"0,0,0,1,6,34,133,448,1299,3461,8346,18900,40307,81826,158687,295987,532777,929009,1572959,2592541,4166965,6543621,10053208,15130697,22332946,32360621,46071895,64498698,88849965,120513055,161035958,212104525,275493280,353013328,446430299,557379848,687256851,837112561,1007531124,1198526579,1409435044,1638842975,1884524177,2143433028,2411710806,2684760827,2957343946,3223740119,3477920674,3713778993,3925352687,4107077370,4254010947,4362062305,4428159594,4450407526,4428159594,4362062305,4254010947,4107077370,3925352687,3713778993,3477920674,3223740119,2957343946,2684760827,2411710806,2143433028,1884524177,1638842975,1409435044,1198526579,1007531124,837112561,687256851,557379848,446430299,353013328,275493280,212104525,161035958,120513055,88849965,64498698,46071895,32360621,22332946,15130697,10053208,6543621,4166965,2592541,1572959,929009,532777,295987,158687,81826,40307,18900,8346,3461,1299,448,133,34,6,1"
JsaCA?@?OA?,"0,0,1,2,20,51,204,567,1541,3798,8881,19460,40746,81524,156707,290291,520684,905481,1531238,2522329,4055026,6371176,9797548,14762156,21817128,31656407,45134445,63277378,87295525,118575353,158671691,209277263,272183540,349216936,442170325,552703334,682244201,831873538,1002211496,1193295407,1404491793,1634400888,1880809107,2140663611,2410097434,2684480550,2958541568,3226505687,3482290442,3719720144,3932773629,4115812312,4263840546,4372711250,4439319014,4461737254,4439319014,4372711250,4263840546,4115812312,3932773629,3719720144,3482290442,3226505687,2958541568,2684480550,2410097434,2140663611,1880809107,1634400888,1404491793,1193295407,1002211496,831873538,682244201,552703334,442170325,349216936,272183540,209277263,158671691,118575353,87295525,63277378,45134445,31656407,21817128,14762156,9797548,6371176,4055026,2522329,1531238,905481,520684,290291,156707,81524,40746,19460,8881,3798,1541,567,204,51,20,2,1"
JsaCA?@?Q??,"0,0,0,1,4,25,97,342,1006,2729,6756,15619,33925,70057,137963,260856,475362,838034,1432924,2382814,3860881,6107220,9445064,14301331,21225031,30909998,44209207,62151732,85948110,116991343,156840357,207198371,269864283,346679292,439445792,549840909,679303567,828930981,999351201,1190616453,1402094658,1632393293,1879292499,2139737942,2409845462,2684974824,2959827479,3228610215,3485208093,3723422537,3937196448,4120871591,4269420785,4378682043,4445527926,4468029136,4445527926,4378682043,4269420785,4120871591,3937196448,3723422537,3485208093,3228610215,2959827479,2684974824,2409845462,2139737942,1879292499,1632393293,1402094658,1190616453,999351201,828930981,679303567,549840909,439445792,346679292,269864283,207198371,156840357,116991343,85948110,62151732,44209207,30909998,21225031,14301331,9445064,6107220,3860881,2382814,1432924,838034,475362,260856,137963,70057,33925,15619,6756,2729,1006,342,97,25,4,1"
JsaCA?@O??_,"0,0,0,1,3,25,80,310,899,2516,6238,14620,31980,66595,131880,250826,459026,812602,1394086,2325487,3777775,5990149,9283041,14082469,20934602,30532808,43727643,61549558,85207539,116098221,155781494,205967287,268457971,345105184,437717118,547984017,677352474,826933580,997361797,1188703056,1400327819,1630852279,1878053630,2138879608,2409434265,2685072295,2960475191,3229837154,3487017987,3725802308,3940104008,4124249524,4273185523,4382738386,4449762171,4472325790,4449762171,4382738386,4273185523,4124249524,3940104008,3725802308,3487017987,3229837154,2960475191,2685072295,2409434265,2138879608,1878053630,1630852279,1400327819,1188703056,997361797,826933580,677352474,547984017,437717118,345105184,268457971,205967287,155781494,116098221,85207539,61549558,43727643,30532808,20934602,14082469,9283041,5990149,3777775,2325487,1394086,812602,459026,250826,131880,66595,31980,14620,6238,2516,899,310,80,25,3,1"
JsaCA?@OA??,"0,0,0,0,4,19,84,302,932,2589,6496,15176,33301,69210,136933,259808,474659,838377,1435560,2389547,3874441,6131545,9485388,14364286,21319175,31045517,44397938,62406987,86283872,117421770,157379134,207857136,270651347,347598592,440495220,551010856,680576428,830280016,1000740485,1192001928,1403424463,1633609548,1880334389,2140544305,2410357894,2685142025,2959608081,3227975773,3484146429,3721939022,3935314566,4118633709,4266886187,4375924122,4442631474,4465085910,4442631474,4375924122,4266886187,4118633709,3935314566,3721939022,3484146429,3227975773,2959608081,2685142025,2410357894,2140544305,1880334389,1633609548,1403424463,1192001928,1000740485,830280016,680576428,551010856,440495220,347598592,270651347,207857136,157379134,117421770,86283872,62406987,44397938,31045517,21319175,14364286,9485388,6131545,3874441,2389547,1435560,838377,474659,259808,136933,69210,33301,15176,6496,2589,932,302,84,19,4"
JsaA?CA?_C?,"0,0,1,2,20,50,200,553,1490,3674,8584,18796,39425,79031,152182,282477,507696,884617,1498748,2473160,3982560,6267075,9651492,14561641,21547721,31301970,44677219,62698885,86577523,117700954,157626734,208051825,270773667,347626483,440412501,550801709,680233645,829800946,1000134913,1191282795,1402619424,1632750498,1879464441,2139706275,2409602554,2684512454,2959149575,3227720195,3484119867,3722149522,3935763798,4119299791,4267740123,4376919462,4443718377,4466201360,4443718377,4376919462,4267740123,4119299791,3935763798,3722149522,3484119867,3227720195,2959149575,2684512454,2409602554,2139706275,1879464441,1632750498,1402619424,1191282795,1000134913,829800946,680233645,550801709,440412501,347626483,270773667,208051825,157626734,117700954,86577523,62698885,44677219,31301970,21547721,14561641,9651492,6267075,3982560,2473160,1498748,884617,507696,282477,152182,79031,39425,18796,8584,3674,1490,553,200,50,20,2,1"
JsaA?CA?a??,"0,0,0,1,4,23,85,304,894,2431,6067,14170,31040,64663,128322,244321,448097,794533,1365521,2281310,3711997,5894092,9146968,13893494,20678609,30192734,43286095,60986197,84504257,115236104,154745979,204745837,267046689,343504913,435941441,546054293,675304675,824813121,995230025,1186626905,1398387919,1629131473,1876641003,2137857914,2408885386,2685061221,2961057145,3231042819,3488859711,3728262759,3943147118,4127806899,4277171792,4387044021,4454268041,4476897136,4454268041,4387044021,4277171792,4127806899,3943147118,3728262759,3488859711,3231042819,2961057145,2685061221,2408885386,2137857914,1876641003,1629131473,1398387919,1186626905,995230025,824813121,675304675,546054293,435941441,343504913,267046689,204745837,154745979,115236104,84504257,60986197,43286095,30192734,20678609,13893494,9146968,5894092,3711997,2281310,1365521,794533,448097,244321,128322,64663,31040,14170,6067,2431,894,304,85,23,4,1"
JsaA?CAO??_,"0,0,0,1,3,22,66,254,734,2070,5215,12432,27633,58416,117281,225806,417764,746706,1292098,2171944,3552705,5668158,8832991,13467062,20110793,29452023,42337485,59795581,83036241,113460054,152635599,202285559,264230472,340345119,432465146,542311756,671365690,820772082,991198290,1182740046,1394791458,1625984133,1874101014,2136083102,2408014523,2685218279,2962330790,3233490248,3492492654,3733052966,3949012317,4134628105,4284782346,4395246896,4462834932,4485589880,4462834932,4395246896,4284782346,4134628105,3949012317,3733052966,3492492654,3233490248,2962330790,2685218279,2408014523,2136083102,1874101014,1625984133,1394791458,1182740046,991198290,820772082,671365690,542311756,432465146,340345119,264230472,202285559,152635599,113460054,83036241,59795581,42337485,29452023,20110793,13467062,8832991,5668158,3552705,2171944,1292098,746706,417764,225806,117281,58416,27633,12432,5215,2070,734,254,66,22,3,1"
JsaA?CAOA??,"0,0,0,0,2,10,56,212,689,1999,5220,12573,28281,59993,120785,232593,430350,768364,1328179,2229176,3640923,5799404,9023454,13735450,20480686,29949298,42992192,60638233,84099695,114773826,154227873,204175862,266431388,342854328,435268081,545372911,674633426,824171178,994637182,1186104866,1397957425,1628811062,1876448491,2137808101,2408988544,2685325242,2961484946,3231631933,3489604784,3729153604,3944167639,4128939608,4278395757,4388334188,4455598832,4478242212,4455598832,4388334188,4278395757,4128939608,3944167639,3729153604,3489604784,3231631933,2961484946,2685325242,2408988544,2137808101,1876448491,1628811062,1397957425,1186104866,994637182,824171178,674633426,545372911,435268081,342854328,266431388,204175862,154227873,114773826,84099695,60638233,42992192,29949298,20480686,13735450,9023454,5799404,3640923,2229176,1328179,768364,430350,232593,120785,59993,28281,12573,5220,1999,689,212,56,10,2"
JsaA?D??I??,"0,0,0,0,1,9,43,174,601,1770,4748,11583,26414,56562,114922,222672,414379,743233,1290020,2172368,3558949,5683166,8863027,13517880,20192344,29573505,42513180,60037465,83361449,113881618,153170807,202944284,265025661,341277778,433537830,543511278,672678563,822166053,992642113,1184181915,1396183244,1627259612,1875202766,2136939787,2408572607,2685415552,2962131243,3232856132,3491418533,3731535047,3947084346,4132324504,4282173489,4392400803,4459848961,4482550020,4459848961,4392400803,4282173489,4132324504,3947084346,3731535047,3491418533,3232856132,2962131243,2685415552,2408572607,2136939787,1875202766,1627259612,1396183244,1184181915,992642113,822166053,672678563,543511278,433537830,341277778,265025661,202944284,153170807,113881618,83361449,60037465,42513180,29573505,20192344,13517880,8863027,5683166,3558949,2172368,1290020,743233,414379,222672,114922,56562,26414,11583,4748,1770,601,174,43,9,1"
JsaA?D?OA??,"0,0,0,0,3,17,67,254,804,2273,5814,13808,30692,64517,128848,246373,453095,804843,1384831,2314811,3767051,5980703,9278127,14085426,20951375,30569743,43794106,61654612,85363405,116315942,156074420,206345614,268932623,345681291,438398757,548766577,678228146,827884124,998365437,1189726280,1401334809,1631797500,1878892292,2139561046,2409914335,2685306006,2960430236,3229485803,3486349765,3724815257,3938816986,4122689792,4271399924,4380780064,4447698932,4470224888,4447698932,4380780064,4271399924,4122689792,3938816986,3724815257,3486349765,3229485803,2960430236,2685306006,2409914335,2139561046,1878892292,1631797500,1401334809,1189726280,998365437,827884124,678228146,548766577,438398757,345681291,268932623,206345614,156074420,116315942,85363405,61654612,43794106,30569743,20951375,14085426,9278127,5980703,3767051,2314811,1384831,804843,453095,246373,128848,64517,30692,13808,5814,2273,804,254,67,17,3"
JsaAA@?OA??,"0,0,0,2,11,39,143,456,1296,3349,8060,18162,38864,79029,153710,287411,518953,907261,1540101,2544003,4097741,6446855,9921739,14955230,22104417,32068605,45706714,64049554,88308959,119872514,160292660,211256666,274545619,351973055,445313093,556204253,686049616,835903654,1006358669,1197428198,1408455069,1638022728,1883907642,2143057166,2411612387,2684964786,2957871538,3224598071,3479108711,3715281009,3927147214,4109125358,4256269308,4364475364,4430670326,4452949324,4430670326,4364475364,4256269308,4109125358,3927147214,3715281009,3479108711,3224598071,2957871538,2684964786,2411612387,2143057166,1883907642,1638022728,1408455069,1197428198,1006358669,835903654,686049616,556204253,445313093,351973055,274545619,211256666,160292660,119872514,88308959,64049554,45706714,32068605,22104417,14955230,9921739,6446855,4097741,2544003,1540101,907261,518953,287411,153710,79029,38864,18162,8060,3349,1296,456,143,39,11,2"
Js`?GGCO??_,"0,0,0,1,3,22,62,242,688,1942,4910,11767,26282,55854,112650,217811,404493,725403,1258971,2121898,3479063,5562520,8684975,13264219,19838711,29094457,41876831,59213576,82314846,112582523,151588095,201058515,262820246,338755954,430710459,540415250,669362664,818709238,989133360,1180740878,1392933849,1624349065,1872771594,2135140166,2407532147,2685260064,2962945350,3234707124,3494320184,3735476042,3951991317,4138100347,4288663357,4399433720,4467211133,4490030324,4467211133,4399433720,4288663357,4138100347,3951991317,3735476042,3494320184,3234707124,2962945350,2685260064,2407532147,2135140166,1872771594,1624349065,1392933849,1180740878,989133360,818709238,669362664,540415250,430710459,338755954,262820246,201058515,151588095,112582523,82314846,59213576,41876831,29094457,19838711,13264219,8684975,5562520,3479063,2121898,1258971,725403,404493,217811,112650,55854,26282,11767,4910,1942,688,242,62,22,3,1"
Js`?GGCOA??,"0,0,0,0,2,8,48,190,621,1827,4830,11777,26717,57095,115649,223875,416076,745704,1293265,2176862,3564469,5690384,8871454,13528106,20203680,29586538,42526284,60051231,83373927,113892960,153178487,202948884,265023620,341270402,433521647,543487849,672645046,822125974,992592444,1184127836,1396123103,1627199434,1875141529,2136885461,2408523164,2685379602,2962106712,3232849903,3491426904,3731564614,3947128111,4132387442,4282247459,4392487954,4459939632,4482646416,4459939632,4392487954,4282247459,4132387442,3947128111,3731564614,3491426904,3232849903,2962106712,2685379602,2408523164,2136885461,1875141529,1627199434,1396123103,1184127836,992592444,822125974,672645046,543487849,433521647,341270402,265023620,202948884,153178487,113892960,83373927,60051231,42526284,29586538,20203680,13528106,8871454,5690384,3564469,2176862,1293265,745704,416076,223875,115649,57095,26717,11777,4830,1827,621,190,48,8,2"
Js`?GH??G@?,"0,0,0,1,3,21,60,224,631,1798,4575,11019,24821,53075,107671,209329,390497,702991,1224383,2069875,3402839,5453669,8533051,13056626,19561324,28731006,41409755,58625171,81587474,111699578,150536604,199829437,261410295,337170281,428962929,538529537,667374734,816665682,987090889,1178767322,1391104286,1622742559,1871470346,2134223736,2407072303,2685319522,2963571401,3235927468,3496143163,3737886644,3954948930,4141543596,4292509450,4403580242,4471543826,4494426702,4471543826,4403580242,4292509450,4141543596,3954948930,3737886644,3496143163,3235927468,2963571401,2685319522,2407072303,2134223736,1871470346,1622742559,1391104286,1178767322,987090889,816665682,667374734,538529537,428962929,337170281,261410295,199829437,150536604,111699578,81587474,58625171,41409755,28731006,19561324,13056626,8533051,5453669,3402839,2069875,1224383,702991,390497,209329,107671,53075,24821,11019,4575,1798,631,224,60,21,3,1"
Js`?GH??I??,"0,0,0,0,1,6,31,130,472,1438,3986,10006,23304,50765,104640,205219,385734,697732,1219873,2067239,3405341,5464173,8557699,13101526,19636291,28845582,41578562,58860521,81906840,112116980,151069428,200488322,262209002,338110116,430046539,539744543,668707103,818082907,988561598,1180238497,1392526556,1624049064,1872601674,2135106727,2407652799,2685533231,2963380892,3235294740,3495061910,3736352317,3952996723,4139207861,4289861731,4400690733,4468511511,4491338770,4468511511,4400690733,4289861731,4139207861,3952996723,3736352317,3495061910,3235294740,2963380892,2685533231,2407652799,2135106727,1872601674,1624049064,1392526556,1180238497,988561598,818082907,668707103,539744543,430046539,338110116,262209002,200488322,151069428,112116980,81906840,58860521,41578562,28845582,19636291,13101526,8557699,5464173,3405341,2067239,1219873,697732,385734,205219,104640,50765,23304,10006,3986,1438,472,130,31,6,1"
Js`?GH?OA??,"0,0,0,0,1,8,43,180,605,1809,4837,11858,26993,57796,117205,226975,421777,755671,1309939,2203630,3605963,5752670,8962289,13657083,20382302,29828028,42845564,60464391,83897313,114542371,153968151,203889896,266122490,342527480,434929535,545030186,674295656,823847942,994338572,1185841736,1397740188,1628649206,1876350928,2137782230,2409039681,2685457186,2961699201,3231927329,3489978622,3729600627,3944679861,4129508217,4279010189,4388981918,4456266975,4478917394,4456266975,4388981918,4279010189,4129508217,3944679861,3729600627,3489978622,3231927329,2961699201,2685457186,2409039681,2137782230,1876350928,1628649206,1397740188,1185841736,994338572,823847942,674295656,545030186,434929535,342527480,266122490,203889896,153968151,114542371,83897313,60464391,42845564,29828028,20382302,13657083,8962289,5752670,3605963,2203630,1309939,755671,421777,226975,117205,57796,26993,11858,4837,1809,605,180,43,8,1"
Js`?I?@O??_,"0,0,0,0,1,4,31,102,414,1258,3607,9143,21687,47657,99295,195970,370787,673847,1183478,2012497,3326107,5351019,8401117,12887969,19352725,28474462,41104688,58264130,81172997,111227547,150014522,199256260,260801496,336528199,428309172,537871529,666739135,816060435,986548274,1178293721,1390731257,1622474416,1871335586,2134217893,2407221693,2685610280,2964021416,3236516498,3496882010,3738743819,3955932389,4142614511,4293668760,4404787461,4472796876,4495679706,4472796876,4404787461,4293668760,4142614511,3955932389,3738743819,3496882010,3236516498,2964021416,2685610280,2407221693,2134217893,1871335586,1622474416,1390731257,1178293721,986548274,816060435,666739135,537871529,428309172,336528199,260801496,199256260,150014522,111227547,81172997,58264130,41104688,28474462,19352725,12887969,8401117,5351019,3326107,2012497,1183478,673847,370787,195970,99295,47657,21687,9143,3607,1258,414,102,31,4,1"
Js`?I?@OA??,"0,0,0,0,0,6,30,136,508,1570,4327,10823,25042,54250,111158,216801,405431,730091,1271139,2146045,3523019,5635323,8800494,13438071,20092307,29450588,42364894,59862125,83157674,113649317,152910614,202658524,264717774,340952880,433202053,543172514,672345601,821848509,992350056,1183925859,1395973251,1627105158,1875112193,2136919978,2408628976,2685551225,2962347447,3233151682,3491790578,3731977904,3947590823,4132885374,4282778645,4393038175,4460506206,4483213664,4460506206,4393038175,4282778645,4132885374,3947590823,3731977904,3491790578,3233151682,2962347447,2685551225,2408628976,2136919978,1875112193,1627105158,1395973251,1183925859,992350056,821848509,672345601,543172514,433202053,340952880,264717774,202658524,152910614,113649317,83157674,59862125,42364894,29450588,20092307,13438071,8800494,5635323,3523019,2146045,1271139,730091,405431,216801,111158,54250,25042,10823,4327,1570,508,136,30,6"
Js`?I@?OA??,"0,0,0,0,3,18,71,268,855,2397,6111,14472,32013,67010,133373,254187,466083,825707,1417321,2363980,3839517,6084804,9424183,14285941,21220782,30924180,44251332,62233105,86081407,117190341,157119377,207571052,270342496,347271744,440156581,550668202,680238702,829956716,1000442020,1191738892,1403207178,1633447890,1880236958,2140518382,2410409215,2685274102,2959822229,3228271295,3484520340,3722385879,3935826817,4119202313,4267500347,4376571852,4443299569,4465760782,4443299569,4376571852,4267500347,4119202313,3935826817,3722385879,3484520340,3228271295,2959822229,2685274102,2410409215,2140518382,1880236958,1633447890,1403207178,1191738892,1000442020,829956716,680238702,550668202,440156581,347271744,270342496,207571052,157119377,117190341,86081407,62233105,44251332,30924180,21220782,14285941,9424183,6084804,3839517,2363980,1417321,825707,466083,254187,133373,67010,32013,14472,6111,2397,855,268,71,18,3"
Js`AA@?OA??,"0,0,0,2,12,44,164,522,1487,3797,9055,20234,42834,86267,166404,308762,553621,961803,1623474,2668060,4277775,6701936,10275128,15434669,22741620,32898656,46767528,65380060,89946942,121852157,162641643,213992842,277673480,355480115,449166730,560349687,690408270,840372150,1010810624,1201717098,1412417988,1641486358,1886695779,2144999199,2412552314,2684770293,2956442492,3221874365,3475076456,3709975460,3920654183,4101580950,4247854754,4355409740,4421201803,4443344428,4421201803,4355409740,4247854754,4101580950,3920654183,3709975460,3475076456,3221874365,2956442492,2684770293,2412552314,2144999199,1886695779,1641486358,1412417988,1201717098,1010810624,840372150,690408270,560349687,449166730,355480115,277673480,213992842,162641643,121852157,89946942,65380060,46767528,32898656,22741620,15434669,10275128,6701936,4277775,2668060,1623474,961803,553621,308762,166404,86267,42834,20234,9055,3797,1487,522,164,44,12,2"
JsOGQ?@?Q??,"0,0,0,0,1,5,27,108,409,1280,3615,9222,21751,47876,99489,196479,371364,674888,1184633,2014442,3328165,5354200,8404389,12892515,19357224,28480459,41109838,58270582,81178036,111233207,150017415,199259408,260800081,336526369,428301745,537862838,666723977,816045031,986525769,1178272053,1390704241,1622450072,1871307478,2134196369,2407198301,2685596461,2964008875,3236515304,3496883125,3738758677,3955948598,4142643336,4293698432,4404826855,4472833262,4495723448,4472833262,4404826855,4293698432,4142643336,3955948598,3738758677,3496883125,3236515304,2964008875,2685596461,2407198301,2134196369,1871307478,1622450072,1390704241,1178272053,986525769,816045031,666723977,537862838,428301745,336526369,260800081,199259408,150017415,111233207,81178036,58270582,41109838,28480459,19357224,12892515,8404389,5354200,3328165,2014442,1184633,674888,371364,196479,99489,47876,21751,9222,3615,1280,409,108,27,5,1"
JsOGQ?@O??_,"0,0,0,0,1,4,26,90,358,1115,3259,8412,20204,44888,94299,187464,356734,651449,1148777,1960441,3249799,5242118,8249026,12680390,19075161,28111001,40637600,57675776,80445549,110344877,148963064,198027388,259391830,334942856,426561785,535986290,664751366,814017008,984506071,1176320250,1388901538,1620867970,1870034211,2133300985,2406761760,2685669388,2964647047,3237736649,3498704942,3741153918,3958890222,4146057702,4297514851,4408934100,4477130040,4500075902,4477130040,4408934100,4297514851,4146057702,3958890222,3741153918,3498704942,3237736649,2964647047,2685669388,2406761760,2133300985,1870034211,1620867970,1388901538,1176320250,984506071,814017008,664751366,535986290,426561785,334942856,259391830,198027388,148963064,110344877,80445549,57675776,40637600,28111001,19075161,12680390,8249026,5242118,3249799,1960441,1148777,651449,356734,187464,94299,44888,20204,8412,3259,1115,358,90,26,4,1"
JsOGQ?@OA??,"0,0,0,0,0,3,20,108,421,1364,3874,9909,23275,51023,105499,207341,390061,705887,1234107,2090986,3443035,5521962,8643204,13224562,19808318,29080273,41890918,59267190,82424504,112762202,151856723,201429682,263311313,339374359,431465509,541302261,670377119,819828259,990334415,1181981553,1394174224,1625529592,1873840451,2136029916,2408191474,2685627029,2962982626,3234373354,3493606381,3734372188,3950524178,4136296459,4286586032,4397141239,4464792559,4487562118,4464792559,4397141239,4286586032,4136296459,3950524178,3734372188,3493606381,3234373354,2962982626,2685627029,2408191474,2136029916,1873840451,1625529592,1394174224,1181981553,990334415,819828259,670377119,541302261,431465509,339374359,263311313,201429682,151856723,112762202,82424504,59267190,41890918,29080273,19808318,13224562,8643204,5521962,3443035,2090986,1234107,705887,390061,207341,105499,51023,23275,9909,3874,1364,421,108,20,3"
JsOGQ@?OA??,"0,0,0,0,1,11,55,216,724,2105,5524,13318,29878,63187,126866,243507,449039,799195,1377343,2305113,3754883,5965791,9260345,14064942,20928715,30545225,43768698,61629886,85341083,116297636,156062494,206342312,268940131,345701859,438433793,548816873,678294592,827965738,998459893,1189831378,1401446879,1631911224,1879002556,2139662206,2409999941,2685370922,2960469428,3229494851,3486327077,3724760239,3938729220,4122572904,4271258910,4380619940,4447526812,4470049084,4447526812,4380619940,4271258910,4122572904,3938729220,3724760239,3486327077,3229494851,2960469428,2685370922,2409999941,2139662206,1879002556,1631911224,1401446879,1189831378,998459893,827965738,678294592,548816873,438433793,345701859,268940131,206342312,156062494,116297636,85341083,61629886,43768698,30545225,20928715,14064942,9260345,5965791,3754883,2305113,1377343,799195,449039,243507,126866,63187,29878,13318,5524,2105,724,216,55,11,1"
JsOI?D??I??,"0,0,0,0,0,1,15,78,337,1169,3421,8983,21479,47748,99736,197718,374331,681262,1196353,2035016,3361647,5406981,8483607,13008614,19520942,28706580,41412768,58668629,81686725,111871967,150799161,200199484,261903501,337798027,429731185,539439266,668415764,817820366,988330664,1180054710,1392389998,1623974154,1872584258,2135158906,2407766171,2685717316,2963622311,3235601387,3495417031,3736762007,3953441655,4139693720,4290367864,4401223174,4469048596,4491886434,4469048596,4401223174,4290367864,4139693720,3953441655,3736762007,3495417031,3235601387,2963622311,2685717316,2407766171,2135158906,1872584258,1623974154,1392389998,1180054710,988330664,817820366,668415764,539439266,429731185,337798027,261903501,200199484,150799161,111871967,81686725,58668629,41412768,28706580,19520942,13008614,8483607,5406981,3361647,2035016,1196353,681262,374331,197718,99736,47748,21479,8983,3421,1169,337,78,15,1"
JsOI?D?OA??,"0,0,0,0,0,6,38,164,598,1824,4931,12141,27714,59308,120294,232613,431693,772235,1336755,2245281,3669091,5845069,9094606,13841407,20633805,30162658,43282752,61022663,84597154,115401221,155003110,205111124,267537826,344132498,436714657,546970574,676359139,825984009,996491424,1187937545,1399703277,1630390418,1877786147,2138820302,2409606048,2685477403,2961124987,3230720172,3488133550,3727125616,3941621625,4125925658,4274998329,4384643139,4451730690,4474309424,4451730690,4384643139,4274998329,4125925658,3941621625,3727125616,3488133550,3230720172,2961124987,2685477403,2409606048,2138820302,1877786147,1630390418,1399703277,1187937545,996491424,825984009,676359139,546970574,436714657,344132498,267537826,205111124,155003110,115401221,84597154,61022663,43282752,30162658,20633805,13841407,9094606,5845069,3669091,2245281,1336755,772235,431693,232613,120294,59308,27714,12141,4931,1824,598,164,38,6"
JsOIA@?OA??,"0,0,0,0,4,24,100,358,1107,3019,7498,17329,37547,77149,151183,284259,515028,902886,1535607,2540372,4095969,6448912,9929612,14972702,22135000,32117058,45778032,64150653,88445241,120050824,160517781,211534324,274878078,352362730,445756745,556698627,686585692,836470480,1006938568,1198004728,1409004467,1638522950,1884331925,2143383107,2411814338,2685025116,2957771524,3224329493,3478665892,3714669486,3926373285,4108210076,4255234363,4363352462,4429490294,4451751992,4429490294,4363352462,4255234363,4108210076,3926373285,3714669486,3478665892,3224329493,2957771524,2685025116,2411814338,2143383107,1884331925,1638522950,1409004467,1198004728,1006938568,836470480,686585692,556698627,445756745,352362730,274878078,211534324,160517781,120050824,88445241,64150653,45778032,32117058,22135000,14972702,9929612,6448912,4095969,2540372,1535607,902886,515028,284259,151183,77149,37547,17329,7498,3019,1107,358,100,24,4"
JsPAA@?OA??,"0,0,0,3,14,64,225,698,1947,4865,11351,24835,51526,101922,193508,353942,626356,1075462,1796238,2923807,4647233,7223441,10995266,16408568,24032432,34576197,48906741,68057841,93237590,125822642,167346022,219465157,283921046,362476785,456846496,568602286,699076395,849249909,1019646580,1210220305,1420265351,1648334385,1892196069,2148814536,2414374416,2684338464,2953559804,3216422937,3467029898,3699404889,3907730687,4086574566,4231124798,4337390231,4402384571,4424257406,4402384571,4337390231,4231124798,4086574566,3907730687,3699404889,3467029898,3216422937,2953559804,2684338464,2414374416,2148814536,1892196069,1648334385,1420265351,1210220305,1019646580,849249909,699076395,568602286,456846496,362476785,283921046,219465157,167346022,125822642,93237590,68057841,48906741,34576197,24032432,16408568,10995266,7223441,4647233,2923807,1796238,1075462,626356,353942,193508,101922,51526,24835,11351,4865,1947,698,225,64,14,3"
JqD?I?@O??_,"0,0,0,0,0,1,6,67,252,997,2993,8129,19718,44659,94069,188422,358850,657200,1158985,1980026,3280859,5293377,8324888,12794507,19234472,28335233,40935359,58072469,80949279,110983874,149740664,198970931,260492991,336221997,427992171,537575073,666447037,815810148,986317283,1178124443,1390594980,1622415409,1871316664,2134286435,2407330606,2685808694,2964254711,3236834501,3497223526,3739161792,3956358676,4143104638,4294152808,4405321633,4473309113,4496228770,4473309113,4405321633,4294152808,4143104638,3956358676,3739161792,3497223526,3236834501,2964254711,2685808694,2407330606,2134286435,1871316664,1622415409,1390594980,1178124443,986317283,815810148,666447037,537575073,427992171,336221997,260492991,198970931,149740664,110983874,80949279,58072469,40935359,28335233,19234472,12794507,8324888,5293377,3280859,1980026,1158985,657200,358850,188422,94069,44659,19718,8129,2993,997,252,67,6,1"
JqD?I?@OA??,"0,0,0,0,0,1,25,124,475,1565,4379,11025,25619,55594,113846,222032,414653,745788,1296647,2186358,3583977,5725623,8929861,13619524,20339966,29782218,42797678,60417541,83853761,114506523,153943089,203881144,266133147,342562951,434991327,545122492,674416964,823999432,994514078,1186039724,1397949868,1628865636,1876559406,2137976278,2409202977,2685584164,2961774445,3231949549,3489936961,3729499859,3944514569,4129290734,4278741864,4388681410,4455939938,4478586382,4455939938,4388681410,4278741864,4129290734,3944514569,3729499859,3489936961,3231949549,2961774445,2685584164,2409202977,2137976278,1876559406,1628865636,1397949868,1186039724,994514078,823999432,674416964,545122492,434991327,342562951,266133147,203881144,153943089,114506523,83853761,60417541,42797678,29782218,20339966,13619524,8929861,5725623,3583977,2186358,1296647,745788,414653,222032,113846,55594,25619,11025,4379,1565,475,124,25,1"
JqD?I@?OA??,"0,0,0,0,1,14,77,284,928,2656,6774,15898,35008,72687,143738,272143,496012,873592,1492065,2476771,4005469,6322545,9757383,14741654,21832001,31725958,45283392,63535189,87694278,119148792,159455420,210303426,273479792,350801994,444051521,554871149,684674521,834518153,1005003416,1196147537,1407299692,1637040774,1883152658,2142575203,2411448419,2685152391,2958439310,3225556498,3480463184,3717015205,3929234679,4111522293,4258925391,4367320643,4433635111,4455952622,4433635111,4367320643,4258925391,4111522293,3929234679,3717015205,3480463184,3225556498,2958439310,2685152391,2411448419,2142575203,1883152658,1637040774,1407299692,1196147537,1005003416,834518153,684674521,554871149,444051521,350801994,273479792,210303426,159455420,119148792,87694278,63535189,45283392,31725958,21832001,14741654,9757383,6322545,4005469,2476771,1492065,873592,496012,272143,143738,72687,35008,15898,6774,2656,928,284,77,14,1"
JqDAA@?OA??,"0,0,0,1,8,48,181,584,1685,4389,10382,23058,48375,96634,184761,340119,604809,1043011,1748359,2855021,4549983,7089451,10813670,16167551,23717902,34173681,48399839,67431734,92476375,124913967,166279114,218235605,282527910,360929298,455159493,566802394,697197837,847339355,1017756364,1208415261,1418612212,1646907257,1891066357,2148054728,2414045340,2684496199,2954241860,3217654249,3468812452,3701724907,3910547309,4089833104,4234746393,4341284875,4406445910,4428377278,4406445910,4341284875,4234746393,4089833104,3910547309,3701724907,3468812452,3217654249,2954241860,2684496199,2414045340,2148054728,1891066357,1646907257,1418612212,1208415261,1017756364,847339355,697197837,566802394,455159493,360929298,282527910,218235605,166279114,124913967,92476375,67431734,48399839,34173681,23717902,16167551,10813670,7089451,4549983,2855021,1748359,1043011,604809,340119,184761,96634,48375,23058,10382,4389,1685,584,181,48,8,1"
JqPAA@?OA??,"0,0,1,4,30,114,376,1077,2882,6932,15562,32952,66553,128453,238600,427961,744106,1257559,2070550,3326594,5224960,8034039,12108652,17906749,26009393,37135536,52158925,72115651,98209423,131805576,174417582,227672585,293271415,372927811,468297073,580885479,711956161,862419366,1032731999,1222790325,1431842046,1658410760,1900258923,2154367903,2416965426,2683585402,2949175565,3208236611,3455005291,3683649952,3888500494,4064269177,4206275269,4310637708,4374455303,4395930328,4374455303,4310637708,4206275269,4064269177,3888500494,3683649952,3455005291,3208236611,2949175565,2683585402,2416965426,2154367903,1900258923,1658410760,1431842046,1222790325,1032731999,862419366,711956161,580885479,468297073,372927811,293271415,227672585,174417582,131805576,98209423,72115651,52158925,37135536,26009393,17906749,12108652,8034039,5224960,3326594,2070550,1257559,744106,427961,238600,128453,66553,32952,15562,6932,2882,1077,376,114,30,4,1"
JiPAA@?OA??,"0,1,1,21,66,251,686,1888,4648,10608,22699,46344,90503,169775,307250,538757,917600,1522535,2464745,3899662,6039460,9167747,13654338,19973507,28720397,40627058,56574239,77600774,104902939,139831469,183871609,238611431,305697551,386779467,483434441,597084977,728901926,879706498,1049868188,1239210203,1446920155,1671487478,1910665463,2161461785,2420160636,2682390413,2943220705,3197306870,3439057445,3662830622,3863146201,4034904737,4173593477,4275477182,4337761352,4358718440,4337761352,4275477182,4173593477,4034904737,3863146201,3662830622,3439057445,3197306870,2943220705,2682390413,2420160636,2161461785,1910665463,1671487478,1446920155,1239210203,1049868188,879706498,728901926,597084977,483434441,386779467,305697551,238611431,183871609,139831469,104902939,77600774,56574239,40627058,28720397,19973507,13654338,9167747,6039460,3899662,2464745,1522535,917600,538757,307250,169775,90503,46344,22699,10608,4648,1888,686,251,66,21,1,1"
